<?xml version="1.0" encoding="UTF-8"?>
<Document>
<TEXT>January 2016 News Release <NODE id="26" />AutomatedBuildings.com<NODE id="48" /> Buy <NODE id="53" />HVAC<NODE id="57" /> parts online and get smart, personalized support. alpscontrols.com (Click Message to Learn More) <NODE id="155" />Distech Controls<NODE id="171" /> and <NODE id="176" />Assystem<NODE id="184" /> to outfit the new Tribunal de Grande Instance in Paris The Building will feature the award-winning <NODE id="284" />Smart Room Control solution<NODE id="311" /> <NODE id="312" />Distech Controls<NODE id="328" />, an innovation leader in energy management solutions, has signed a contract for the <NODE id="413" />supply<NODE id="419" /> of the <NODE id="427" />HVAC system<NODE id="438" /> in the new Tribunal de Grande Instance in Paris. Surrounded by its integration partner <NODE id="526" />Assystem<NODE id="534" /> and other project stakeholders at the Centre Culturel Canadien in Paris, the signing event symbolised the synergies between <NODE id="659" />Assystem<NODE id="667" />'s expertise and <NODE id="684" />Distech Controls<NODE id="700" />' innovative solutions. The <NODE id="728" />design<NODE id="734" /> of the court house was <NODE id="758" />executed<NODE id="766" /> by <NODE id="770" />Renzo Piano Building Workshop<NODE id="799" />. The main building is 40 storeys high, and is divided into three distinct levels of 160 meters in height, while a second building is eight storeys tall. The court house will be equipped with 5 500 m2 in waiting rooms, 90 courtrooms and 30 000 m2 of office space. It will feature an exceptional architectural design, as well as cutting edge products and solutions to deliver energy savings and occupant comfort To best meet the requirements of the project, <NODE id="1256" />Distech Controls<NODE id="1272" />'<NODE id="1273" /> <NODE id="1274" />Smart Room Control solution<NODE id="1301" />, a unified system for the control of <NODE id="1339" />HVAC<NODE id="1343" /> room terminal equipment, lighting, and shades/sunblind, will be installed throughout the building. It enables the highest levels of comfort for occupants while increasing operating cost savings, from installation time and wiring/material requirements to energy consumption. One of the unique features of this solution is that it can easily adapt, or be adjusted by, users. Room occupancy is detected by the <NODE id="1751" />EC-Multi-<NODE id="1760" />Sensor<NODE id="1766" />, which combines a <NODE id="1785" />motion detector<NODE id="1800" />, a <NODE id="1804" />light <NODE id="1810" />sensor<NODE id="1816" />, a <NODE id="1820" />temperature <NODE id="1832" />sensor<NODE id="1838" />, and an <NODE id="1847" />infrared receiver<NODE id="1864" /> in a single compact device. The <NODE id="1897" />EC-Smart-Vue<NODE id="1909" />, part of the <NODE id="1923" />Allure™ series<NODE id="1937" /> of <NODE id="1941" />communicating <NODE id="1955" />sensors<NODE id="1962" />, provides advanced control through integrated <NODE id="2009" />temperature<NODE id="2020" />, <NODE id="2022" />humidity<NODE id="2030" />, <NODE id="2032" />CO2<NODE id="2035" />and <NODE id="2039" />motion <NODE id="2046" />sensors<NODE id="2053" />. It also features the <NODE id="2076" />ECO-Vue<NODE id="2083" /> leaf pattern, indicating energy consumption in real time on an LCD display. The new court house will set the standard for energy effiency in tall buildings, with low energy consumption of 70 kWhep/m²/year. With more than 25 years of experience in the <NODE id="2335" />building automation<NODE id="2354" /> <NODE id="2355" />industry<NODE id="2363" />, the <NODE id="2369" />Assystem<NODE id="2377" /> teams have built up strong knowledge of design, conception and system integration to offer an intelligent, global solution for the new court house in Paris. List of <NODE id="2543" />Distech Controls<NODE id="2559" />' product<NODE id="2568" /> installed: - <NODE id="2582" />1500 ECL-PTU-208<NODE id="2598" /> - <NODE id="2601" />1500 ECx-Light-4<NODE id="2617" /> - <NODE id="2620" />1500 ECx-Blind-4<NODE id="2636" /> - <NODE id="2639" />3000 EC-Multi-<NODE id="2653" />Sensor<NODE id="2659" /> - <NODE id="2662" />3000 EC-Smart-Vue communicating <NODE id="2694" />sensors<NODE id="2701" /> - <NODE id="2704" />60 EC-BOS<NODE id="2713" /> - <NODE id="2716" />600 I/O modules<NODE id="2731" /> About <NODE id="2738" />Distech Controls<NODE id="2754" /> An innovation leader in energy management solutions, <NODE id="2808" />Distech Controls<NODE id="2824" /> provides unique building management technologies and services that optimize energy efficiency and comfort in buildings, while reducing operating costs. <NODE id="2977" />We<NODE id="2979" /> deliver Innovative Solutions for Greener Buildings™ through <NODE id="3040" />our<NODE id="3043" /> passion for innovation, quality, customer satisfaction, and sustainability. The <NODE id="3124" />company<NODE id="3131" /> serves multiple market segments through <NODE id="3172" />its<NODE id="3175" /> worldwide business divisions, service offices and a superior network of Authorized Partners. <NODE id="3269" />Distech Controls, Inc.<NODE id="3291" /> is a subsidiary of <NODE id="3311" />Acuity Brands Lighting, Inc.<NODE id="3339" /> For more information visit www.distech-controls.com About <NODE id="3398" />Assystem<NODE id="3406" /> <NODE id="3407" />Assystem<NODE id="3415" /> <NODE id="3416" />is<NODE id="3418" /> an international <NODE id="3436" />Engineering<NODE id="3447" /> and <NODE id="3452" />Innovation Consultancy<NODE id="3474" />. As a key participant in the industry for 50 years, <NODE id="3527" />Assystem<NODE id="3535" /> supports <NODE id="3545" />its<NODE id="3548" /> customers in developing <NODE id="3573" />their<NODE id="3578" /> products and managing <NODE id="3601" />their<NODE id="3606" /> capital expenditure throughout the product life cycle. <NODE id="3662" />Assystem<NODE id="3670" /> employs nearly 12,000 people worldwide and reports around €900 million in revenue. The <NODE id="3758" />Company<NODE id="3765" /> is listed on Euronext Paris. For more information: www.assystem.com
</TEXT>
<Meta>
<feature featureName="id" featureValue="vico/8fb601e8-d884-3cd1-b341-a6d31de228bb" />
<feature featureName="source" featureValue="sensor_corpus" />
<feature featureName="lang" featureValue="en" />
<feature featureName="pubDate" featureValue="2016-01-31T08:39:07Z" />
<feature featureName="indexDate" featureValue="2016-07-13T11:29:39.483Z" />
<feature featureName="uri" featureValue="http://automatedbuildings.com/releases/jan16/160130101202distech.html" />
<feature featureName="solrEventType" featureValue="None" /></Meta><Entities>
<Entity id="0" startPos="26" endPos="48" type="organization" surface="AutomatedBuildings.com" />
<Entity id="1" startPos="53" endPos="57" type="product" surface="HVAC" />
<Entity id="2" startPos="155" endPos="171" type="organization" surface="Distech Controls" />
<Entity id="3" startPos="176" endPos="184" type="organization" surface="Assystem" />
<Entity id="4" startPos="284" endPos="311" type="product" surface="Smart Room Control solution" />
<Entity id="5" startPos="312" endPos="328" type="organization" surface="Distech Controls" />
<Entity id="6" startPos="413" endPos="419" type="trigger" surface="supply" />
<Entity id="7" startPos="427" endPos="438" type="product" surface="HVAC system" />
<Entity id="8" startPos="526" endPos="534" type="organization" surface="Assystem" />
<Entity id="9" startPos="659" endPos="667" type="organization" surface="Assystem" />
<Entity id="10" startPos="684" endPos="700" type="organization" surface="Distech Controls" />
<Entity id="11" startPos="728" endPos="734" type="product" surface="design" />
<Entity id="12" startPos="758" endPos="766" type="trigger" surface="executed" />
<Entity id="13" startPos="770" endPos="799" type="organization" surface="Renzo Piano Building Workshop" />
<Entity id="14" startPos="1256" endPos="1272" type="organization" surface="Distech Controls" />
<Entity id="15" startPos="1272" endPos="1273" type="trigger" surface="'" />
<Entity id="16" startPos="1274" endPos="1301" type="product" surface="Smart Room Control solution" />
<Entity id="17" startPos="1339" endPos="1343" type="product" surface="HVAC" />
<Entity id="18" startPos="1751" endPos="1766" type="product" surface="EC-Multi-Sensor" />
<Entity id="19" startPos="1760" endPos="1766" type="product" surface="Sensor" />
<Entity id="20" startPos="1785" endPos="1800" type="product" surface="motion detector" />
<Entity id="21" startPos="1804" endPos="1816" type="product" surface="light sensor" />
<Entity id="22" startPos="1810" endPos="1816" type="product" surface="sensor" />
<Entity id="23" startPos="1820" endPos="1838" type="product" surface="temperature sensor" />
<Entity id="24" startPos="1832" endPos="1838" type="product" surface="sensor" />
<Entity id="25" startPos="1847" endPos="1864" type="product" surface="infrared receiver" />
<Entity id="26" startPos="1897" endPos="1909" type="product" surface="EC-Smart-Vue" />
<Entity id="27" startPos="1923" endPos="1937" type="product" surface="Allure™ series" />
<Entity id="28" startPos="1941" endPos="1962" type="product" surface="communicating sensors" />
<Entity id="29" startPos="1955" endPos="1962" type="product" surface="sensors" />
<Entity id="30" startPos="2009" endPos="2020" type="product" surface="temperature" />
<Entity id="31" startPos="2022" endPos="2030" type="product" surface="humidity" />
<Entity id="32" startPos="2032" endPos="2035" type="product" surface="CO2" />
<Entity id="33" startPos="2039" endPos="2053" type="product" surface="motion sensors" />
<Entity id="34" startPos="2046" endPos="2053" type="product" surface="sensors" />
<Entity id="35" startPos="2076" endPos="2083" type="product" surface="ECO-Vue" />
<Entity id="36" startPos="2335" endPos="2354" type="product" surface="building automation" />
<Entity id="37" startPos="2355" endPos="2363" type="trigger" surface="industry" />
<Entity id="38" startPos="2369" endPos="2377" type="organization" surface="Assystem" />
<Entity id="39" startPos="2543" endPos="2559" type="organization" surface="Distech Controls" />
<Entity id="40" startPos="2559" endPos="2568" type="trigger" surface="' product" />
<Entity id="41" startPos="2582" endPos="2598" type="product" surface="1500 ECL-PTU-208" />
<Entity id="42" startPos="2601" endPos="2617" type="product" surface="1500 ECx-Light-4" />
<Entity id="43" startPos="2620" endPos="2636" type="product" surface="1500 ECx-Blind-4" />
<Entity id="44" startPos="2639" endPos="2659" type="product" surface="3000 EC-Multi-Sensor" />
<Entity id="45" startPos="2653" endPos="2659" type="product" surface="Sensor" />
<Entity id="46" startPos="2662" endPos="2701" type="product" surface="3000 EC-Smart-Vue communicating sensors" />
<Entity id="47" startPos="2694" endPos="2701" type="product" surface="sensors" />
<Entity id="48" startPos="2704" endPos="2713" type="product" surface="60 EC-BOS" />
<Entity id="49" startPos="2716" endPos="2731" type="product" surface="600 I/O modules" />
<Entity id="50" startPos="2738" endPos="2754" type="organization" surface="Distech Controls" />
<Entity id="51" startPos="2808" endPos="2824" type="organization" surface="Distech Controls" />
<Entity id="52" startPos="2977" endPos="2979" type="organization" surface="We" />
<Entity id="53" startPos="3040" endPos="3043" type="organization" surface="our" />
<Entity id="54" startPos="3124" endPos="3131" type="organization" surface="company" />
<Entity id="55" startPos="3172" endPos="3175" type="organization" surface="its" />
<Entity id="56" startPos="3269" endPos="3291" type="organization" surface="Distech Controls, Inc." />
<Entity id="57" startPos="3311" endPos="3339" type="organization" surface="Acuity Brands Lighting, Inc." />
<Entity id="58" startPos="3398" endPos="3406" type="organization" surface="Assystem" />
<Entity id="59" startPos="3407" endPos="3415" type="organization" surface="Assystem" />
<Entity id="60" startPos="3416" endPos="3418" type="trigger" surface="is" />
<Entity id="61" startPos="3436" endPos="3447" type="product" surface="Engineering" />
<Entity id="62" startPos="3452" endPos="3474" type="product" surface="Innovation Consultancy" />
<Entity id="63" startPos="3527" endPos="3535" type="organization" surface="Assystem" />
<Entity id="64" startPos="3545" endPos="3548" type="organization" surface="its" />
<Entity id="65" startPos="3573" endPos="3578" type="organization" surface="their" />
<Entity id="66" startPos="3601" endPos="3606" type="organization" surface="their" />
<Entity id="67" startPos="3662" endPos="3670" type="organization" surface="Assystem" />
<Entity id="68" startPos="3758" endPos="3765" type="organization" surface="Company" /></Entities><Relations>
<Relation id="69" NAME="CompanyProvidesProduct">
<Entity id="11" label="product" />
<Entity id="13" label="company" />
<Entity id="12" label="trigger" />
</Relation>
<Relation id="70" NAME="CompanyProvidesProduct">
<Entity id="36" label="product" />
<Entity id="38" label="company" />
<Entity id="37" label="trigger" />
</Relation>
<Relation id="71" NAME="CompanyProvidesProduct">
<Entity id="61" label="product" />
<Entity id="62" label="product" />
<Entity id="59" label="company" />
<Entity id="60" label="trigger" />
</Relation>
<Relation id="72" NAME="company_provides_product">
<Entity id="7" label="product" />
<Entity id="5" label="company" />
<Entity id="6" label="trigger" />
</Relation>
<Relation id="73" NAME="company_provides_product">
<Entity id="16" label="product" />
<Entity id="14" label="company" />
<Entity id="15" label="trigger" />
</Relation>
<Relation id="74" NAME="company_provides_product">
<Entity id="44" label="product" />
<Entity id="41" label="product" />
<Entity id="49" label="product" />
<Entity id="42" label="product" />
<Entity id="48" label="product" />
<Entity id="46" label="product" />
<Entity id="43" label="product" />
<Entity id="39" label="company" />
<Entity id="40" label="trigger" />
</Relation>
<Relation id="75" NAME="identity">
<Entity id="1" label="source" />
<Entity id="7" label="target" />
<Entity id="17" label="target" />
</Relation>
<Relation id="76" NAME="identity">
<Entity id="2" label="source" />
<Entity id="14" label="target" />
<Entity id="55" label="target" />
<Entity id="5" label="target" />
<Entity id="51" label="target" />
<Entity id="10" label="target" />
<Entity id="54" label="target" />
<Entity id="53" label="target" />
<Entity id="39" label="target" />
<Entity id="52" label="target" />
<Entity id="56" label="target" />
</Relation>
<Relation id="77" NAME="identity">
<Entity id="3" label="source" />
<Entity id="63" label="target" />
<Entity id="65" label="target" />
<Entity id="8" label="target" />
<Entity id="66" label="target" />
<Entity id="59" label="target" />
<Entity id="67" label="target" />
<Entity id="58" label="target" />
<Entity id="64" label="target" />
<Entity id="38" label="target" />
<Entity id="9" label="target" />
<Entity id="68" label="target" />
</Relation>
<Relation id="78" NAME="identity">
<Entity id="4" label="source" />
<Entity id="16" label="target" />
</Relation>
<Relation id="79" NAME="identity">
<Entity id="18" label="source" />
<Entity id="44" label="target" />
</Relation>
<Relation id="80" NAME="identity">
<Entity id="19" label="source" />
<Entity id="34" label="target" />
<Entity id="47" label="target" />
<Entity id="22" label="target" />
<Entity id="24" label="target" />
<Entity id="45" label="target" />
<Entity id="29" label="target" />
</Relation>
<Relation id="81" NAME="identity">
<Entity id="26" label="source" />
<Entity id="46" label="target" />
</Relation></Relations>
</Document>
