<?xml version="1.0" encoding="UTF-8"?>
<Document>
<TEXT><NODE id="0" />Sensata Technologies Holding<NODE id="28" /> (<NODE id="30" />ST<NODE id="32" />) Set to Announce Earnings on Monday Posted by Jim Brewer on Jan 28th, 2016 // No Comments <NODE id="123" />Sensata Technologies Holding<NODE id="151" /> (<NODE id="153" />NYSE<NODE id="157" />:<NODE id="158" />ST<NODE id="160" />) is set to release <NODE id="180" />its<NODE id="183" /> earnings data before the market opens on Monday, February 1st. Analysts expect <NODE id="263" />Sensata Technologies Holding<NODE id="291" /> to post earnings of $0.65 per share for the quarter. <NODE id="345" />Sensata Technologies Holding<NODE id="373" /> (<NODE id="375" />NYSE<NODE id="379" />:<NODE id="380" />ST<NODE id="382" />) last issued <NODE id="396" />its<NODE id="399" /> quarterly earnings data on Tuesday, October 27th. The <NODE id="454" />company<NODE id="461" /> reported $0.72 earnings per share for the quarter, beating the consensus estimate of $0.71 by $0.01. The <NODE id="567" />business<NODE id="575" /> had revenue of $727.40 million for the quarter, compared to the consensus estimate of $736.41 million. During the same period in the previous year, the <NODE id="728" />business<NODE id="736" /> posted $0.63 EPS. <NODE id="755" />Sensata Technologies Holding<NODE id="783" />'s revenue was up 26.0% compared to the same quarter last year. On average, analysts expect <NODE id="875" />Sensata Technologies Holding<NODE id="903" /> to post $2.74 EPS for the current fiscal year and $3.01 EPS for the next fiscal year. In related news, VP Geert Braaksma sold 54,874 shares of the <NODE id="1051" />business<NODE id="1059" />'s stock in a transaction that occurred on Tuesday, November 3rd. The stock was sold at an average price of $49.29, for a total value of $2,704,739.46. Following the completion of the transaction, the vice president now directly owns 5,505 shares in the <NODE id="1313" />company<NODE id="1320" />, valued at approximately $271,341.45. The sale was disclosed in a legal filing with the <NODE id="1409" />Securities &amp; Exchange Commission<NODE id="1441" />, which is available through the <NODE id="1474" />SEC<NODE id="1477" /> website . Also, SVP Martin J. Carter sold 66,000 shares of the <NODE id="1541" />business<NODE id="1549" />'s stock in a transaction that occurred on Tuesday, November 17th. The shares were sold at an average price of $43.87, for a total value of $2,895,420.00. Following the completion of the transaction, the senior vice president now owns 38,080 shares of the <NODE id="1805" />company<NODE id="1812" />'s stock, valued at $1,670,569.60. The disclosure for this sale can be found here . Several analysts have weighed in on <NODE id="1932" />ST<NODE id="1934" /> shares. <NODE id="1943" />Barclays<NODE id="1951" /> boosted <NODE id="1960" />their<NODE id="1965" /> price objective on <NODE id="1985" />Sensata Technologies Holding<NODE id="2013" /> from $49.00 to $50.00 and gave the stock an overweight rating in a report on Tuesday, January 19th. <NODE id="2114" />RBC Capital<NODE id="2125" /> boosted <NODE id="2134" />their<NODE id="2139" /> price objective on <NODE id="2159" />Sensata Technologies Holding<NODE id="2187" /> from $45.00 to $50.00 and gave the stock a sector perform rating in a report on Wednesday, October 28th. <NODE id="2293" />Citigroup Inc.<NODE id="2307" /> cut <NODE id="2312" />Sensata Technologies Holding<NODE id="2340" /> from a buy rating to a neutral rating in a report on Wednesday, October 7th. <NODE id="2418" />Zacks Investment Research<NODE id="2443" /> raised <NODE id="2451" />Sensata Technologies Holding<NODE id="2479" /> from a sell rating to a hold rating in a report on Wednesday, October 28th. Finally, <NODE id="2565" />SunTrust<NODE id="2573" /> cut <NODE id="2578" />Sensata Technologies Holding<NODE id="2606" /> from a buy rating to a neutral rating and dropped <NODE id="2657" />their<NODE id="2662" /> price objective for the stock from $55.00 to $50.00 in a report on Friday, November 13th. Seven analysts have rated the stock with a hold rating and six have issued a buy rating to the <NODE id="2848" />company<NODE id="2855" />'s stock. The stock presently has a consensus rating of Hold and a consensus price target of $53.00. <NODE id="2956" />Sensata Technologies Holding<NODE id="2984" /> ( <NODE id="2987" />NYSE<NODE id="2991" />:<NODE id="2992" />ST<NODE id="2994" /> ) opened at 36.38 on Thursday. The <NODE id="3030" />company<NODE id="3037" /> has a market cap of $6.19 billion and a price-to-earnings ratio of 31.36. <NODE id="3112" />Sensata Technologies Holding<NODE id="3140" /> has a 12 month low of $34.26 and a 12 month high of $55.53. The <NODE id="3205" />company<NODE id="3212" />'s 50-day moving average is $41.58 and <NODE id="3251" />its<NODE id="3254" /> 200 day moving average is $45.51. <NODE id="3289" />Sensata Technologies Holding N.V.<NODE id="3322" /> is a global industrial technology company. The <NODE id="3370" />Company<NODE id="3377" /> is engaged in the <NODE id="3396" />development<NODE id="3407" />, <NODE id="3409" />manufacture<NODE id="3420" /> and <NODE id="3425" />sale<NODE id="3429" /> of <NODE id="3433" />sensors<NODE id="3440" /> and <NODE id="3445" />controls<NODE id="3453" />. The <NODE id="3459" />Company<NODE id="3466" />'s<NODE id="3468" /> <NODE id="3469" />operating segments<NODE id="3487" /> include <NODE id="3496" />Sensors<NODE id="3503" /> <NODE id="3504" />segment<NODE id="3511" /> and <NODE id="3516" />Controls<NODE id="3524" /> <NODE id="3525" />segment<NODE id="3532" />. The <NODE id="3538" />Company<NODE id="3545" /> <NODE id="3546" />produce<NODE id="3553" /> <NODE id="3554" />sensors<NODE id="3561" /> and <NODE id="3566" />controls<NODE id="3574" /> for applications such as thermal circuit breakers in aircraft, <NODE id="3638" />pressure <NODE id="3647" />sensors<NODE id="3654" /> in automotive systems, and <NODE id="3682" />bimetal current<NODE id="3697" /> and <NODE id="3702" />temperature <NODE id="3714" />control devices<NODE id="3729" /> in electric motors. The <NODE id="3754" />Company<NODE id="3761" />'s<NODE id="3763" /> <NODE id="3764" />sensors<NODE id="3771" /> are customized devices that translate a physical phenomenon, such as force or position, into electronic signals that <NODE id="3889" />microprocessors<NODE id="3904" /> or computer-based control systems can act upon. <NODE id="3953" />Its<NODE id="3956" /> controls are customized devices embedded within systems to protect them from heat or current. The <NODE id="4055" />Company<NODE id="4062" />'s<NODE id="4064" /> <NODE id="4065" />products<NODE id="4073" /> include <NODE id="4082" />low-<NODE id="4086" />, <NODE id="4088" />medium-<NODE id="4095" /> and <NODE id="4100" />high-pressure <NODE id="4114" />sensors<NODE id="4121" />, <NODE id="4123" />temperature <NODE id="4135" />sensors<NODE id="4142" />, <NODE id="4144" />speed <NODE id="4150" />sensors<NODE id="4157" />, <NODE id="4159" />position <NODE id="4168" />sensors<NODE id="4175" />, <NODE id="4177" />force <NODE id="4183" />sensors<NODE id="4190" />, <NODE id="4192" />motor protectors<NODE id="4208" />, and <NODE id="4214" />thermal<NODE id="4221" /> and <NODE id="4226" />magnetic-hydraulic circuit breakers<NODE id="4261" /> and <NODE id="4266" />switches<NODE id="4274" />. This <NODE id="4281" />story<NODE id="4286" /> was originally <NODE id="4302" />published<NODE id="4311" /> by <NODE id="4315" />WKRB News<NODE id="4324" /> (http://www.wkrb13.com) and is the sole property of <NODE id="4377" />WKRB News<NODE id="4386" />. If you are reading this <NODE id="4412" />article<NODE id="4419" /> on another website, that means this <NODE id="4456" />article<NODE id="4463" /> was illegally copied and re-published to this website in violation of U.S. and International copyright law. You can view the original version of this <NODE id="4614" />story<NODE id="4619" /> at http://www.wkrb13.com/markets/1070807/sensata-technologies-holding-st-set-to-announce-earnings-on-monday/ Receive News &amp; Ratings for <NODE id="4756" />Sensata Technologies Holding<NODE id="4784" /> Daily - Enter your email address below to receive a concise daily summary of the latest news and analysts' ratings for <NODE id="4904" />Sensata Technologies Holding<NODE id="4932" /> and related companies with <NODE id="4960" />MarketBeat.com<NODE id="4974" />'s FREE daily email newsletter . Advertisement
</TEXT>
<Meta>
<feature featureName="id" featureValue="vico/79ade5c8-49dd-37e5-93ec-c921d8e2e993" />
<feature featureName="source" featureValue="sensor_corpus" />
<feature featureName="lang" featureValue="en" />
<feature featureName="pubDate" featureValue="2016-01-28T23:39:13Z" />
<feature featureName="indexDate" featureValue="2016-07-13T11:21:14.049Z" />
<feature featureName="uri" featureValue="http://www.wkrb13.com/markets/1070807/sensata-technologies-holding-st-set-to-announce-earnings-on-monday/" />
<feature featureName="solrEventType" featureValue="None" /></Meta><Entities>
<Entity id="0" startPos="0" endPos="28" type="organization" surface="Sensata Technologies Holding" />
<Entity id="1" startPos="30" endPos="32" type="organization" surface="ST" />
<Entity id="2" startPos="123" endPos="151" type="organization" surface="Sensata Technologies Holding" />
<Entity id="3" startPos="153" endPos="157" type="organization" surface="NYSE" />
<Entity id="4" startPos="158" endPos="160" type="organization" surface="ST" />
<Entity id="5" startPos="180" endPos="183" type="organization" surface="its" />
<Entity id="6" startPos="263" endPos="291" type="organization" surface="Sensata Technologies Holding" />
<Entity id="7" startPos="345" endPos="373" type="organization" surface="Sensata Technologies Holding" />
<Entity id="8" startPos="375" endPos="379" type="organization" surface="NYSE" />
<Entity id="9" startPos="380" endPos="382" type="organization" surface="ST" />
<Entity id="10" startPos="396" endPos="399" type="organization" surface="its" />
<Entity id="11" startPos="454" endPos="461" type="organization" surface="company" />
<Entity id="12" startPos="567" endPos="575" type="organization" surface="business" />
<Entity id="13" startPos="728" endPos="736" type="organization" surface="business" />
<Entity id="14" startPos="755" endPos="783" type="organization" surface="Sensata Technologies Holding" />
<Entity id="15" startPos="875" endPos="903" type="organization" surface="Sensata Technologies Holding" />
<Entity id="16" startPos="1051" endPos="1059" type="organization" surface="business" />
<Entity id="17" startPos="1313" endPos="1320" type="organization" surface="company" />
<Entity id="18" startPos="1409" endPos="1441" type="organization" surface="Securities &amp; Exchange Commission" />
<Entity id="19" startPos="1474" endPos="1477" type="organization" surface="SEC" />
<Entity id="20" startPos="1541" endPos="1549" type="organization" surface="business" />
<Entity id="21" startPos="1805" endPos="1812" type="organization" surface="company" />
<Entity id="22" startPos="1932" endPos="1934" type="organization" surface="ST" />
<Entity id="23" startPos="1943" endPos="1951" type="organization" surface="Barclays" />
<Entity id="24" startPos="1960" endPos="1965" type="organization" surface="their" />
<Entity id="25" startPos="1985" endPos="2013" type="organization" surface="Sensata Technologies Holding" />
<Entity id="26" startPos="2114" endPos="2125" type="organization" surface="RBC Capital" />
<Entity id="27" startPos="2134" endPos="2139" type="organization" surface="their" />
<Entity id="28" startPos="2159" endPos="2187" type="organization" surface="Sensata Technologies Holding" />
<Entity id="29" startPos="2293" endPos="2307" type="organization" surface="Citigroup Inc." />
<Entity id="30" startPos="2312" endPos="2340" type="organization" surface="Sensata Technologies Holding" />
<Entity id="31" startPos="2418" endPos="2443" type="organization" surface="Zacks Investment Research" />
<Entity id="32" startPos="2451" endPos="2479" type="organization" surface="Sensata Technologies Holding" />
<Entity id="33" startPos="2565" endPos="2573" type="organization" surface="SunTrust" />
<Entity id="34" startPos="2578" endPos="2606" type="organization" surface="Sensata Technologies Holding" />
<Entity id="35" startPos="2657" endPos="2662" type="organization" surface="their" />
<Entity id="36" startPos="2848" endPos="2855" type="organization" surface="company" />
<Entity id="37" startPos="2956" endPos="2984" type="organization" surface="Sensata Technologies Holding" />
<Entity id="38" startPos="2987" endPos="2991" type="organization" surface="NYSE" />
<Entity id="39" startPos="2992" endPos="2994" type="organization" surface="ST" />
<Entity id="40" startPos="3030" endPos="3037" type="organization" surface="company" />
<Entity id="41" startPos="3112" endPos="3140" type="organization" surface="Sensata Technologies Holding" />
<Entity id="42" startPos="3205" endPos="3212" type="organization" surface="company" />
<Entity id="43" startPos="3251" endPos="3254" type="organization" surface="its" />
<Entity id="44" startPos="3289" endPos="3322" type="organization" surface="Sensata Technologies Holding N.V." />
<Entity id="45" startPos="3370" endPos="3377" type="organization" surface="Company" />
<Entity id="46" startPos="3396" endPos="3407" type="trigger" surface="development" />
<Entity id="47" startPos="3409" endPos="3420" type="trigger" surface="manufacture" />
<Entity id="48" startPos="3425" endPos="3429" type="trigger" surface="sale" />
<Entity id="49" startPos="3433" endPos="3440" type="product" surface="sensors" />
<Entity id="50" startPos="3445" endPos="3453" type="product" surface="controls" />
<Entity id="51" startPos="3459" endPos="3466" type="organization" surface="Company" />
<Entity id="52" startPos="3466" endPos="3468" type="trigger" surface="'s" />
<Entity id="53" startPos="3469" endPos="3487" type="trigger" surface="operating segments" />
<Entity id="54" startPos="3496" endPos="3503" type="product" surface="Sensors" />
<Entity id="55" startPos="3504" endPos="3511" type="trigger" surface="segment" />
<Entity id="56" startPos="3516" endPos="3524" type="product" surface="Controls" />
<Entity id="57" startPos="3525" endPos="3532" type="trigger" surface="segment" />
<Entity id="58" startPos="3538" endPos="3545" type="organization" surface="Company" />
<Entity id="59" startPos="3546" endPos="3553" type="trigger" surface="produce" />
<Entity id="60" startPos="3554" endPos="3561" type="product" surface="sensors" />
<Entity id="61" startPos="3566" endPos="3574" type="product" surface="controls" />
<Entity id="62" startPos="3638" endPos="3654" type="product" surface="pressure sensors" />
<Entity id="63" startPos="3647" endPos="3654" type="product" surface="sensors" />
<Entity id="64" startPos="3682" endPos="3697" type="product" surface="bimetal current" />
<Entity id="65" startPos="3702" endPos="3729" type="product" surface="temperature control devices" />
<Entity id="66" startPos="3714" endPos="3729" type="product" surface="control devices" />
<Entity id="67" startPos="3754" endPos="3761" type="organization" surface="Company" />
<Entity id="68" startPos="3761" endPos="3763" type="trigger" surface="'s" />
<Entity id="69" startPos="3764" endPos="3771" type="product" surface="sensors" />
<Entity id="70" startPos="3889" endPos="3904" type="product" surface="microprocessors" />
<Entity id="71" startPos="3953" endPos="3956" type="organization" surface="Its" />
<Entity id="72" startPos="4055" endPos="4062" type="organization" surface="Company" />
<Entity id="73" startPos="4062" endPos="4064" type="trigger" surface="'s" />
<Entity id="74" startPos="4065" endPos="4073" type="trigger" surface="products" />
<Entity id="75" startPos="4082" endPos="4086" type="product" surface="low-" />
<Entity id="76" startPos="4088" endPos="4095" type="product" surface="medium-" />
<Entity id="77" startPos="4100" endPos="4121" type="product" surface="high-pressure sensors" />
<Entity id="78" startPos="4114" endPos="4121" type="product" surface="sensors" />
<Entity id="79" startPos="4123" endPos="4142" type="product" surface="temperature sensors" />
<Entity id="80" startPos="4135" endPos="4142" type="product" surface="sensors" />
<Entity id="81" startPos="4144" endPos="4157" type="product" surface="speed sensors" />
<Entity id="82" startPos="4150" endPos="4157" type="product" surface="sensors" />
<Entity id="83" startPos="4159" endPos="4175" type="product" surface="position sensors" />
<Entity id="84" startPos="4168" endPos="4175" type="product" surface="sensors" />
<Entity id="85" startPos="4177" endPos="4190" type="product" surface="force sensors" />
<Entity id="86" startPos="4183" endPos="4190" type="product" surface="sensors" />
<Entity id="87" startPos="4192" endPos="4208" type="product" surface="motor protectors" />
<Entity id="88" startPos="4214" endPos="4221" type="product" surface="thermal" />
<Entity id="89" startPos="4226" endPos="4261" type="product" surface="magnetic-hydraulic circuit breakers" />
<Entity id="90" startPos="4266" endPos="4274" type="product" surface="switches" />
<Entity id="91" startPos="4281" endPos="4286" type="product" surface="story" />
<Entity id="92" startPos="4302" endPos="4311" type="trigger" surface="published" />
<Entity id="93" startPos="4315" endPos="4324" type="organization" surface="WKRB News" />
<Entity id="94" startPos="4377" endPos="4386" type="organization" surface="WKRB News" />
<Entity id="95" startPos="4412" endPos="4419" type="product" surface="article" />
<Entity id="96" startPos="4456" endPos="4463" type="product" surface="article" />
<Entity id="97" startPos="4614" endPos="4619" type="product" surface="story" />
<Entity id="98" startPos="4756" endPos="4784" type="organization" surface="Sensata Technologies Holding" />
<Entity id="99" startPos="4904" endPos="4932" type="organization" surface="Sensata Technologies Holding" />
<Entity id="100" startPos="4960" endPos="4974" type="organization" surface="MarketBeat.com" /></Entities><Relations>
<Relation id="101" NAME="CompanyProvidesProduct">
<Entity id="50" label="product" />
<Entity id="49" label="product" />
<Entity id="45" label="company" />
<Entity id="47" label="trigger" />
<Entity id="46" label="trigger" />
<Entity id="48" label="trigger" />
</Relation>
<Relation id="102" NAME="CompanyProvidesProduct">
<Entity id="54" label="product" />
<Entity id="56" label="product" />
<Entity id="51" label="company" />
<Entity id="53" label="trigger" />
<Entity id="52" label="trigger" />
<Entity id="57" label="trigger" />
<Entity id="55" label="trigger" />
</Relation>
<Relation id="103" NAME="CompanyProvidesProduct">
<Entity id="61" label="product" />
<Entity id="60" label="product" />
<Entity id="58" label="company" />
<Entity id="59" label="trigger" />
</Relation>
<Relation id="104" NAME="CompanyProvidesProduct">
<Entity id="69" label="product" />
<Entity id="67" label="company" />
<Entity id="68" label="trigger" />
</Relation>
<Relation id="105" NAME="CompanyProvidesProduct">
<Entity id="87" label="product" />
<Entity id="85" label="product" />
<Entity id="81" label="product" />
<Entity id="76" label="product" />
<Entity id="79" label="product" />
<Entity id="90" label="product" />
<Entity id="83" label="product" />
<Entity id="89" label="product" />
<Entity id="88" label="product" />
<Entity id="75" label="product" />
<Entity id="77" label="product" />
<Entity id="72" label="company" />
<Entity id="73" label="trigger" />
<Entity id="74" label="trigger" />
</Relation>
<Relation id="106" NAME="CompanyProvidesProduct">
<Entity id="91" label="product" />
<Entity id="93" label="company" />
<Entity id="92" label="trigger" />
</Relation>
<Relation id="107" NAME="identity">
<Entity id="0" label="source" />
<Entity id="12" label="target" />
<Entity id="13" label="target" />
<Entity id="15" label="target" />
<Entity id="7" label="target" />
<Entity id="36" label="target" />
<Entity id="10" label="target" />
<Entity id="25" label="target" />
<Entity id="11" label="target" />
<Entity id="17" label="target" />
<Entity id="67" label="target" />
<Entity id="42" label="target" />
<Entity id="37" label="target" />
<Entity id="9" label="target" />
<Entity id="20" label="target" />
<Entity id="41" label="target" />
<Entity id="22" label="target" />
<Entity id="72" label="target" />
<Entity id="1" label="target" />
<Entity id="98" label="target" />
<Entity id="28" label="target" />
<Entity id="30" label="target" />
<Entity id="51" label="target" />
<Entity id="4" label="target" />
<Entity id="40" label="target" />
<Entity id="6" label="target" />
<Entity id="45" label="target" />
<Entity id="21" label="target" />
<Entity id="34" label="target" />
<Entity id="2" label="target" />
<Entity id="16" label="target" />
<Entity id="5" label="target" />
<Entity id="99" label="target" />
<Entity id="39" label="target" />
<Entity id="58" label="target" />
<Entity id="43" label="target" />
<Entity id="44" label="target" />
<Entity id="14" label="target" />
<Entity id="32" label="target" />
</Relation>
<Relation id="108" NAME="identity">
<Entity id="3" label="source" />
<Entity id="8" label="target" />
<Entity id="38" label="target" />
</Relation>
<Relation id="109" NAME="identity">
<Entity id="18" label="source" />
<Entity id="19" label="target" />
</Relation>
<Relation id="110" NAME="identity">
<Entity id="23" label="source" />
<Entity id="24" label="target" />
</Relation>
<Relation id="111" NAME="identity">
<Entity id="26" label="source" />
<Entity id="27" label="target" />
</Relation>
<Relation id="112" NAME="identity">
<Entity id="33" label="source" />
<Entity id="35" label="target" />
</Relation>
<Relation id="113" NAME="identity">
<Entity id="49" label="source" />
<Entity id="78" label="target" />
<Entity id="69" label="target" />
<Entity id="86" label="target" />
<Entity id="63" label="target" />
<Entity id="54" label="target" />
<Entity id="82" label="target" />
<Entity id="60" label="target" />
<Entity id="80" label="target" />
<Entity id="84" label="target" />
</Relation>
<Relation id="114" NAME="identity">
<Entity id="50" label="source" />
<Entity id="61" label="target" />
<Entity id="66" label="target" />
<Entity id="56" label="target" />
</Relation>
<Relation id="115" NAME="identity">
<Entity id="91" label="source" />
<Entity id="95" label="target" />
<Entity id="96" label="target" />
<Entity id="97" label="target" />
</Relation>
<Relation id="116" NAME="identity">
<Entity id="93" label="source" />
<Entity id="94" label="target" />
</Relation></Relations>
</Document>
