<?xml version="1.0" encoding="UTF-8"?>
<Document>
<TEXT><NODE id="0" />High-Frequency 600mA DC-DC Buck Converter<NODE id="41" /> <NODE id="42" />from<NODE id="46" /> <NODE id="47" />Diodes Incorporated<NODE id="66" /> Achieves High Efficiency Over Full Load Range January 27, 2016 10:00 AM Eastern Standard Time PLANO, Texas--( <NODE id="177" />BUSINESS WIRE<NODE id="190" /> )--<NODE id="194" />Diodes Incorporated<NODE id="213" /> (<NODE id="215" />Nasdaq<NODE id="221" />: <NODE id="223" />DIOD<NODE id="227" />), a leading global <NODE id="247" />manufacturer<NODE id="259" /> and <NODE id="264" />supplier<NODE id="272" /> of high-quality application specific standard products within the broad <NODE id="345" />discrete<NODE id="353" />, <NODE id="355" />logic<NODE id="360" /> and <NODE id="365" />analog semiconductor<NODE id="385" /> <NODE id="386" />markets<NODE id="393" />, today <NODE id="401" />introduced<NODE id="411" /> the <NODE id="416" />AP3405<NODE id="422" />. This <NODE id="429" />DC-DC buck converter<NODE id="449" /> delivers high efficiency under light and heavy loads and targets <NODE id="515" />mobile phones<NODE id="528" />, wearable devices and similar battery-powered applications. Operating with a fixed switching frequency of 2MHz reduces the size of external components, while a small U-DFN2020-8 package also saves board area. The <NODE id="742" />AP3405 current mode, PWM synchronous, step-down converter<NODE id="799" /> operates with a 2.3V to 5.5V VIN range and supplies an output from 0.7V to 5.5V, accurate to ±1.5%, up to 600mA. A low 32μA quiescent current draw helps extend battery life and internal MOSFETs with low RDS(ON) enable high efficiency under all load conditions. Comprehensive protection features built into the <NODE id="1110" />AP3405<NODE id="1116" /> protect both the end system and the device itself. These include hiccup mode short-circuit protection (SCP), under-voltage lock-out (UVLO), over-temperature protection (OTP) and over-current protection (OCP). The <NODE id="1330" />AP3405<NODE id="1336" /> is in the space-saving U-DFN2020-8 package. Further information is available at <NODE id="1417" />www.diodes.com<NODE id="1431" /> . About <NODE id="1440" />Diodes Incorporated<NODE id="1459" /> <NODE id="1460" />Diodes Incorporated<NODE id="1479" /> (<NODE id="1481" />Nasdaq<NODE id="1487" />: <NODE id="1489" />DIOD<NODE id="1493" />), a <NODE id="1498" />Standard and Poor's<NODE id="1517" /> SmallCap 600 and <NODE id="1535" />Russell<NODE id="1542" /> 3000 Index company, is a leading global <NODE id="1583" />manufacturer<NODE id="1595" /> and <NODE id="1600" />supplier<NODE id="1608" /> of high-quality application specific standard products within the broad <NODE id="1681" />discrete<NODE id="1689" />, <NODE id="1691" />logic<NODE id="1696" />, <NODE id="1698" />analog<NODE id="1704" /> and <NODE id="1709" />mixed-signal semiconductor<NODE id="1735" /> <NODE id="1736" />markets<NODE id="1743" />. <NODE id="1745" />Diodes<NODE id="1751" /> <NODE id="1752" />serves<NODE id="1758" /> the <NODE id="1763" />consumer electronics<NODE id="1783" />, <NODE id="1785" />computing<NODE id="1794" />, <NODE id="1796" />communications<NODE id="1810" />, <NODE id="1812" />industrial<NODE id="1822" />, and <NODE id="1828" />automotive<NODE id="1838" /> <NODE id="1839" />markets<NODE id="1846" />. <NODE id="1848" />Diodes<NODE id="1854" />' <NODE id="1856" />products<NODE id="1864" /> include <NODE id="1873" />diodes<NODE id="1879" />, <NODE id="1881" />rectifiers<NODE id="1891" />, <NODE id="1893" />transistors<NODE id="1904" />, <NODE id="1906" />MOSFETs<NODE id="1913" />, <NODE id="1915" />protection devices<NODE id="1933" />, <NODE id="1935" />function-specific arrays<NODE id="1959" />, <NODE id="1961" />single gate logic<NODE id="1978" />, <NODE id="1980" />amplifiers<NODE id="1990" /> and <NODE id="1995" />comparators<NODE id="2006" />, <NODE id="2008" />Hall-effect<NODE id="2019" /> and <NODE id="2024" />temperature sensors<NODE id="2043" />; <NODE id="2045" />power management devices<NODE id="2069" />, including <NODE id="2081" />LED drivers<NODE id="2092" />, <NODE id="2094" />AC-DC converters<NODE id="2110" /> and <NODE id="2115" />controllers<NODE id="2126" />, <NODE id="2128" />DC-DC switching and linear voltage regulators<NODE id="2173" />, and <NODE id="2179" />voltage references<NODE id="2197" /> along with special function devices, such as <NODE id="2243" />USB power switches<NODE id="2261" />, <NODE id="2263" />load switches<NODE id="2276" />, <NODE id="2278" />voltage supervisors<NODE id="2297" />, and <NODE id="2303" />motor controllers<NODE id="2320" />. <NODE id="2322" />Diodes<NODE id="2328" />’ corporate headquarters and Americas' sales office are located in Plano, Texas and Milpitas, California. Design, marketing, and engineering centers are located in Plano; Milpitas, California; Taipei, Taiwan; Taoyuan City, Taiwan, Zhubei City, Taiwan, Manchester, England; and Neuhaus, Germany. <NODE id="2623" />Diodes<NODE id="2629" />’<NODE id="2630" /> <NODE id="2631" />wafer<NODE id="2636" /> <NODE id="2637" />fabrication<NODE id="2648" /> facilities are located in Kansas City, Missouri and Manchester, with an additional facility located in Shanghai, China. <NODE id="2769" />Diodes<NODE id="2775" /> has assembly and test facilities located in Shanghai, in Jinan, in Chengdu, and in Yangzhou, China, as well as in Hong Kong, Neuhaus and in Taipei. Additional engineering, sales, warehouse, and logistics offices are located in Taipei; Hong Kong; Manchester; Shanghai; Shenzhen, China; Seongnam-si, South Korea; and Munich, Germany, with support offices throughout the world. On November 24, 2015, <NODE id="3173" />Diodes Incorporated<NODE id="3192" /> acquired <NODE id="3202" />Pericom Semiconductor Corporation<NODE id="3235" /> with headquarters in Milpitas, California, and with design centers and technical sales and support offices globally. <NODE id="3353" />Pericom<NODE id="3360" /> enables serial connectivity with the industry's most complete solutions for the <NODE id="3441" />computing<NODE id="3450" />, <NODE id="3452" />communications<NODE id="3466" />, consumer and embedded market segments. <NODE id="3507" />Pericom<NODE id="3514" />'s<NODE id="3516" /> <NODE id="3517" />analog<NODE id="3523" />, <NODE id="3525" />digital<NODE id="3532" /> and <NODE id="3537" />mixed-signal integrated circuits<NODE id="3569" />, along with its <NODE id="3586" />frequency control products<NODE id="3612" /> are essential in the timing, switching, bridging and conditioning of high-speed signals required by today's ever-increasing speed and bandwidth demanding applications. Contacts <NODE id="3790" />Diodes Incorporated<NODE id="3809" /> Julie Holland VP, Worldwide Analog Products 972-987-3900 pressinquiries@diodes.com or Investor Relations Contact: <NODE id="3924" />Shelton Group<NODE id="3937" /> Leanne K. Sievers EVP, Investor Relations 949-224-3874 lsievers@sheltongroup.com
</TEXT>
<Meta>
<feature featureName="id" featureValue="vico/7d515552-f798-38c8-b450-85b8e3f350b6" />
<feature featureName="source" featureValue="sensor_corpus" />
<feature featureName="lang" featureValue="en" />
<feature featureName="pubDate" featureValue="2016-01-28T01:26:23Z" />
<feature featureName="indexDate" featureValue="2016-07-13T11:22:36.687Z" />
<feature featureName="uri" featureValue="http://www.topwirenews.com/find/6428254" />
<feature featureName="solrEventType" featureValue="None" /></Meta><Entities>
<Entity id="0" startPos="0" endPos="41" type="product" surface="High-Frequency 600mA DC-DC Buck Converter" />
<Entity id="1" startPos="42" endPos="46" type="trigger" surface="from" />
<Entity id="2" startPos="47" endPos="66" type="organization" surface="Diodes Incorporated" />
<Entity id="3" startPos="177" endPos="190" type="organization" surface="BUSINESS WIRE" />
<Entity id="4" startPos="194" endPos="213" type="organization" surface="Diodes Incorporated" />
<Entity id="5" startPos="215" endPos="221" type="organization" surface="Nasdaq" />
<Entity id="6" startPos="223" endPos="227" type="organization" surface="DIOD" />
<Entity id="7" startPos="247" endPos="259" type="trigger" surface="manufacturer" />
<Entity id="8" startPos="264" endPos="272" type="trigger" surface="supplier" />
<Entity id="9" startPos="345" endPos="353" type="product" surface="discrete" />
<Entity id="10" startPos="355" endPos="360" type="product" surface="logic" />
<Entity id="11" startPos="365" endPos="385" type="product" surface="analog semiconductor" />
<Entity id="12" startPos="386" endPos="393" type="trigger" surface="markets" />
<Entity id="13" startPos="401" endPos="411" type="trigger" surface="introduced" />
<Entity id="14" startPos="416" endPos="422" type="product" surface="AP3405" />
<Entity id="15" startPos="429" endPos="449" type="product" surface="DC-DC buck converter" />
<Entity id="16" startPos="515" endPos="528" type="product" surface="mobile phones" />
<Entity id="17" startPos="742" endPos="799" type="product" surface="AP3405 current mode, PWM synchronous, step-down converter" />
<Entity id="18" startPos="1110" endPos="1116" type="product" surface="AP3405" />
<Entity id="19" startPos="1330" endPos="1336" type="product" surface="AP3405" />
<Entity id="20" startPos="1417" endPos="1431" type="organization" surface="www.diodes.com" />
<Entity id="21" startPos="1440" endPos="1459" type="organization" surface="Diodes Incorporated" />
<Entity id="22" startPos="1460" endPos="1479" type="organization" surface="Diodes Incorporated" />
<Entity id="23" startPos="1481" endPos="1487" type="organization" surface="Nasdaq" />
<Entity id="24" startPos="1489" endPos="1493" type="organization" surface="DIOD" />
<Entity id="25" startPos="1498" endPos="1517" type="organization" surface="Standard and Poor's" />
<Entity id="26" startPos="1535" endPos="1542" type="organization" surface="Russell" />
<Entity id="27" startPos="1583" endPos="1595" type="trigger" surface="manufacturer" />
<Entity id="28" startPos="1600" endPos="1608" type="trigger" surface="supplier" />
<Entity id="29" startPos="1681" endPos="1689" type="product" surface="discrete" />
<Entity id="30" startPos="1691" endPos="1696" type="product" surface="logic" />
<Entity id="31" startPos="1698" endPos="1704" type="product" surface="analog" />
<Entity id="32" startPos="1709" endPos="1735" type="product" surface="mixed-signal semiconductor" />
<Entity id="33" startPos="1736" endPos="1743" type="trigger" surface="markets" />
<Entity id="34" startPos="1745" endPos="1751" type="organization" surface="Diodes" />
<Entity id="35" startPos="1752" endPos="1758" type="trigger" surface="serves" />
<Entity id="36" startPos="1763" endPos="1783" type="product" surface="consumer electronics" />
<Entity id="37" startPos="1785" endPos="1794" type="product" surface="computing" />
<Entity id="38" startPos="1796" endPos="1810" type="product" surface="communications" />
<Entity id="39" startPos="1812" endPos="1822" type="product" surface="industrial" />
<Entity id="40" startPos="1828" endPos="1838" type="product" surface="automotive" />
<Entity id="41" startPos="1839" endPos="1846" type="trigger" surface="markets" />
<Entity id="42" startPos="1848" endPos="1854" type="organization" surface="Diodes" />
<Entity id="43" startPos="1856" endPos="1864" type="trigger" surface="products" />
<Entity id="44" startPos="1873" endPos="1879" type="product" surface="diodes" />
<Entity id="45" startPos="1881" endPos="1891" type="product" surface="rectifiers" />
<Entity id="46" startPos="1893" endPos="1904" type="product" surface="transistors" />
<Entity id="47" startPos="1906" endPos="1913" type="product" surface="MOSFETs" />
<Entity id="48" startPos="1915" endPos="1933" type="product" surface="protection devices" />
<Entity id="49" startPos="1935" endPos="1959" type="product" surface="function-specific arrays" />
<Entity id="50" startPos="1961" endPos="1978" type="product" surface="single gate logic" />
<Entity id="51" startPos="1980" endPos="1990" type="product" surface="amplifiers" />
<Entity id="52" startPos="1995" endPos="2006" type="product" surface="comparators" />
<Entity id="53" startPos="2008" endPos="2019" type="product" surface="Hall-effect" />
<Entity id="54" startPos="2024" endPos="2043" type="product" surface="temperature sensors" />
<Entity id="55" startPos="2045" endPos="2069" type="product" surface="power management devices" />
<Entity id="56" startPos="2081" endPos="2092" type="product" surface="LED drivers" />
<Entity id="57" startPos="2094" endPos="2110" type="product" surface="AC-DC converters" />
<Entity id="58" startPos="2115" endPos="2126" type="product" surface="controllers" />
<Entity id="59" startPos="2128" endPos="2173" type="product" surface="DC-DC switching and linear voltage regulators" />
<Entity id="60" startPos="2179" endPos="2197" type="product" surface="voltage references" />
<Entity id="61" startPos="2243" endPos="2261" type="product" surface="USB power switches" />
<Entity id="62" startPos="2263" endPos="2276" type="product" surface="load switches" />
<Entity id="63" startPos="2278" endPos="2297" type="product" surface="voltage supervisors" />
<Entity id="64" startPos="2303" endPos="2320" type="product" surface="motor controllers" />
<Entity id="65" startPos="2322" endPos="2328" type="organization" surface="Diodes" />
<Entity id="66" startPos="2623" endPos="2629" type="organization" surface="Diodes" />
<Entity id="67" startPos="2629" endPos="2630" type="trigger" surface="’" />
<Entity id="68" startPos="2631" endPos="2636" type="product" surface="wafer" />
<Entity id="69" startPos="2637" endPos="2648" type="trigger" surface="fabrication" />
<Entity id="70" startPos="2769" endPos="2775" type="organization" surface="Diodes" />
<Entity id="71" startPos="3173" endPos="3192" type="organization" surface="Diodes Incorporated" />
<Entity id="72" startPos="3202" endPos="3235" type="organization" surface="Pericom Semiconductor Corporation" />
<Entity id="73" startPos="3353" endPos="3360" type="organization" surface="Pericom" />
<Entity id="74" startPos="3441" endPos="3450" type="product" surface="computing" />
<Entity id="75" startPos="3452" endPos="3466" type="product" surface="communications" />
<Entity id="76" startPos="3507" endPos="3514" type="organization" surface="Pericom" />
<Entity id="77" startPos="3514" endPos="3516" type="trigger" surface="'s" />
<Entity id="78" startPos="3517" endPos="3523" type="product" surface="analog" />
<Entity id="79" startPos="3525" endPos="3532" type="product" surface="digital" />
<Entity id="80" startPos="3537" endPos="3569" type="product" surface="mixed-signal integrated circuits" />
<Entity id="81" startPos="3586" endPos="3612" type="product" surface="frequency control products" />
<Entity id="82" startPos="3790" endPos="3809" type="organization" surface="Diodes Incorporated" />
<Entity id="83" startPos="3924" endPos="3937" type="organization" surface="Shelton Group" /></Entities><Relations>
<Relation id="84" NAME="company_provides_product">
<Entity id="0" label="product" />
<Entity id="2" label="company" />
<Entity id="1" label="trigger" />
</Relation>
<Relation id="85" NAME="company_provides_product">
<Entity id="10" label="product" />
<Entity id="11" label="product" />
<Entity id="9" label="product" />
<Entity id="4" label="company" />
<Entity id="12" label="trigger" />
<Entity id="8" label="trigger" />
<Entity id="7" label="trigger" />
</Relation>
<Relation id="86" NAME="company_provides_product">
<Entity id="14" label="product" />
<Entity id="4" label="company" />
<Entity id="13" label="trigger" />
</Relation>
<Relation id="87" NAME="company_provides_product">
<Entity id="30" label="product" />
<Entity id="29" label="product" />
<Entity id="32" label="product" />
<Entity id="31" label="product" />
<Entity id="22" label="company" />
<Entity id="27" label="trigger" />
<Entity id="33" label="trigger" />
<Entity id="28" label="trigger" />
</Relation>
<Relation id="88" NAME="company_provides_product">
<Entity id="36" label="product" />
<Entity id="34" label="company" />
<Entity id="35" label="trigger" />
<Entity id="41" label="trigger" />
</Relation>
<Relation id="89" NAME="company_provides_product">
<Entity id="57" label="product" />
<Entity id="63" label="product" />
<Entity id="52" label="product" />
<Entity id="64" label="product" />
<Entity id="48" label="product" />
<Entity id="44" label="product" />
<Entity id="59" label="product" />
<Entity id="56" label="product" />
<Entity id="46" label="product" />
<Entity id="47" label="product" />
<Entity id="60" label="product" />
<Entity id="55" label="product" />
<Entity id="54" label="product" />
<Entity id="45" label="product" />
<Entity id="49" label="product" />
<Entity id="53" label="product" />
<Entity id="50" label="product" />
<Entity id="58" label="product" />
<Entity id="61" label="product" />
<Entity id="62" label="product" />
<Entity id="51" label="product" />
<Entity id="42" label="company" />
<Entity id="43" label="trigger" />
</Relation>
<Relation id="90" NAME="company_provides_product">
<Entity id="68" label="product" />
<Entity id="66" label="company" />
<Entity id="67" label="trigger" />
<Entity id="69" label="trigger" />
</Relation>
<Relation id="91" NAME="company_provides_product">
<Entity id="78" label="product" />
<Entity id="79" label="product" />
<Entity id="81" label="product" />
<Entity id="80" label="product" />
<Entity id="76" label="company" />
<Entity id="77" label="trigger" />
</Relation>
<Relation id="92" NAME="identity">
<Entity id="0" label="source" />
<Entity id="17" label="target" />
<Entity id="14" label="target" />
<Entity id="15" label="target" />
<Entity id="19" label="target" />
<Entity id="18" label="target" />
</Relation>
<Relation id="93" NAME="identity">
<Entity id="2" label="source" />
<Entity id="65" label="target" />
<Entity id="20" label="target" />
<Entity id="71" label="target" />
<Entity id="70" label="target" />
<Entity id="42" label="target" />
<Entity id="82" label="target" />
<Entity id="4" label="target" />
<Entity id="21" label="target" />
<Entity id="6" label="target" />
<Entity id="66" label="target" />
<Entity id="24" label="target" />
<Entity id="34" label="target" />
<Entity id="22" label="target" />
</Relation>
<Relation id="94" NAME="identity">
<Entity id="5" label="source" />
<Entity id="23" label="target" />
</Relation>
<Relation id="95" NAME="identity">
<Entity id="37" label="source" />
<Entity id="74" label="target" />
</Relation>
<Relation id="96" NAME="identity">
<Entity id="38" label="source" />
<Entity id="75" label="target" />
</Relation>
<Relation id="97" NAME="identity">
<Entity id="72" label="source" />
<Entity id="73" label="target" />
<Entity id="76" label="target" />
</Relation></Relations>
</Document>
