<?xml version="1.0" encoding="UTF-8"?>
<Document>
<TEXT>Today: January 27, 2016, 11:38 am ﻿ ﻿ ﻿ Business Global <NODE id="56" />Boric Acid<NODE id="66" /> Industry Chinese Market Research Report 2016-2021 <NODE id="117" />ReportsWeb.com<NODE id="131" /> <NODE id="132" />provides<NODE id="140" /> the <NODE id="145" />market research report<NODE id="167" /> on 'Global and Chinese <NODE id="191" />Boric Acid<NODE id="201" /> Industry, 2016 <NODE id="217" />Market Research Report<NODE id="239" />'. This <NODE id="247" />report<NODE id="253" /> provides an in-depth insight of International <NODE id="300" />Boric Acid<NODE id="310" /> Market covering all important parameters including development trends, challenges, opportunities, key manufacturers and competitive analysis. <NODE id="453" />PR-Inside.com<NODE id="466" />: 2016-01-27 11:06:50 This is a professional and in-depth study on the current state of the global <NODE id="565" />Boric Acid<NODE id="575" /> industry with a focus on the Chinese market. The <NODE id="625" />report<NODE id="631" /> provides key statistics on the market status of the <NODE id="684" />Boric Acid<NODE id="694" /> manufacturers and is a valuable source of guidance and direction for companies and individuals interested in the industry. View complete <NODE id="832" />report<NODE id="838" /> with TOC at www.reportsweb.com/Global-and-Chinese-Boric-Acid- (CAS-10043-35-3)-Industry,-2016-Market-Research-Report . Firstly, the <NODE id="971" />report<NODE id="977" /> provides a basic overview of the industry including its definition, applications and manufacturing technology. Then, the <NODE id="1099" />report<NODE id="1105" /> explores the international and Chinese major industry players in detail. In this part, the <NODE id="1197" />report<NODE id="1203" /> presents the company profile, product specifications, capacity, production value, and 2011-2016 market shares for each company. Through the statistical analysis, the report depicts the global and Chinese total market of Boric Acid industry including capacity, production, production value, cost/profit, supply/demand and Chinese import/export. The total market is further divided by company, by country, and by application/type for the competitive landscape analysis. The <NODE id="1676" />report<NODE id="1682" /> then estimates 2016-2021 market development trends of <NODE id="1737" />Boric Acid<NODE id="1747" /> industry. Analysis of upstream raw materials, downstream demand, and current market dynamics is also carried out. In the end, the <NODE id="1878" />report<NODE id="1884" /> makes some important proposals for a new project of Boric Acid Industry before evaluating its feasibility. Overall, the report provides an in-depth insight of 2011-2021 global and Chinese Boric Acid industry covering all important parameters. Request a sample copy of this <NODE id="2158" />research report<NODE id="2173" /> at www.reportsweb.com/inquiry&amp;RW0001110821/sample . Major Points from Table of Contents Introduction of <NODE id="2278" />Photodiode<NODE id="2288" /> Industry Manufacturing Technology of <NODE id="2326" />Photodiode<NODE id="2336" /> Analysis of Global Key Manufacturers Global and Chinese Market of <NODE id="2403" />Photodiode<NODE id="2413" /> 2011-2016 Market Status of <NODE id="2441" />Photodiode<NODE id="2451" /> Industry 2016-2021 Market Forecast of Global and Chinese <NODE id="2509" />Photodiode<NODE id="2519" /> Industry Analysis of <NODE id="2541" />Photodiode<NODE id="2551" /> Industry Chain Global and Chinese Economic Impact on <NODE id="2605" />Photodiode<NODE id="2615" /> Industry Market Dynamics of <NODE id="2644" />Photodiode<NODE id="2654" /> Industry Proposals for New Project Research Conclusions of Global and Chinese <NODE id="2733" />Photodiode<NODE id="2743" /> Industry Discount copy of this report at www.reportsweb.com/inquiry&amp;RW0001110821/discount . List of Tables and Figures Figure <NODE id="2870" />Boric Acid<NODE id="2880" /> Product Picture Table Development of <NODE id="2918" />Boric Acid<NODE id="2928" /> Manufacturing Technology Figure Manufacturing Process of <NODE id="2986" />Boric Acid<NODE id="2996" /> Table Trends of <NODE id="3013" />Boric Acid<NODE id="3023" /> Manufacturing Technology Figure 2016-2021 Global <NODE id="3073" />Boric Acid<NODE id="3083" /> Capacity Production and Growth Rate Figure 2016-2021 Global <NODE id="3144" />Boric Acid<NODE id="3154" /> Production Value and Growth Rate Table 2016-2021 Global <NODE id="3211" />Boric Acid<NODE id="3221" /> Capacity Production Cost Profit and Gross Margin List Figure 2016-2021 Chinese Share of Global <NODE id="3317" />Boric Acid<NODE id="3327" /> Production Table 2016-2021 Global Supply and Consumption of <NODE id="3388" />Boric Acid<NODE id="3398" /> Table 2016-2021 Import and Export of <NODE id="3436" />Boric Acid<NODE id="3446" /> Figure Industry Chain Structure of <NODE id="3482" />Boric Acid<NODE id="3492" /> Industry Figure Production Cost Analysis of <NODE id="3537" />Boric Acid<NODE id="3547" /> Figure Downstream Analysis of <NODE id="3578" />Boric Acid<NODE id="3588" /> Table Economic Effects to <NODE id="3615" />Boric Acid<NODE id="3625" /> Industry Table <NODE id="3641" />Boric Acid<NODE id="3651" /> Industry Development Challenges Table <NODE id="3690" />Boric Acid<NODE id="3700" /> Industry Development Opportunities Figure Map of Chinese's 33 Provinces and Administrative Regions Table Selected Cities According to Industrial Orientation Figure Chinese IPR Strategy Table Brief Summary of Suggestions Table New <NODE id="3931" />Boric Acids<NODE id="3942" /> Project Feasibility Study For further information on 'Global and Chinese <NODE id="4016" />Boric Acid<NODE id="4026" /> Industry, 2016 <NODE id="4042" />Market Research Report<NODE id="4064" />' <NODE id="4066" />report<NODE id="4072" /> OR for any other <NODE id="4090" />business research<NODE id="4107" /> / <NODE id="4110" />market intelligence<NODE id="4129" /> need on the ‘Chemicals &amp; Materials’ market ( www.reportsweb.com/chemicals-materials ). About <NODE id="4223" />ReportsWeb<NODE id="4233" />: <NODE id="4235" />ReportsWeb.com<NODE id="4249" /> is a <NODE id="4255" />one stop shop<NODE id="4268" /> of <NODE id="4272" />market research reports<NODE id="4295" /> and <NODE id="4300" />solutions<NODE id="4309" /> to various companies across the globe. <NODE id="4349" />We<NODE id="4351" /> help our clients in their decision support system by helping them choose most relevant and cost effective <NODE id="4458" />research reports<NODE id="4474" /> and <NODE id="4479" />solutions<NODE id="4488" /> from various publishers. <NODE id="4514" />We<NODE id="4516" /> provide best in class customer service and <NODE id="4560" />our<NODE id="4563" /> customer support team is always available to help you on your research queries. Contact <NODE id="4652" />Us<NODE id="4654" />: Call: +1-646-491-9876 Email: sales@reportsweb.com Press Information <NODE id="4724" />ReportsWeb<NODE id="4734" /> Pune, India Rajat Sahni Sales Head +1-646-491-9876 email www.reportsweb.com/ # 651 Words Related Articles More From The Author Global and Chinese <NODE id="4881" />Potentiometer<NODE id="4894" /> Industry Research Report [..] This is a professional and in-depth study on the current state of the global <NODE id="5002" />Potentiometer<NODE id="5015" /> industry with a focus on [..] Global and Chinese <NODE id="5065" />Encoder<NODE id="5072" /> Industry Research Report [..] This is a professional and in-depth study on the current state of the global <NODE id="5180" />Encoder<NODE id="5187" /> industry with a focus on [..] Global and Chinese <NODE id="5237" />Pressure Sensor<NODE id="5252" /> Industry Research [..] This is a professional and in-depth study on the current state of the global <NODE id="5353" />Pressure Sensor<NODE id="5368" /> industry with a focus [..] Global and Chinese <NODE id="5415" />Power Switch<NODE id="5427" /> Industry Research [..] This is a professional and in-depth study on the current state of the global <NODE id="5528" />Power Switch<NODE id="5540" /> industry with a focus [..] Global and Chinese <NODE id="5587" />Rotary Switch<NODE id="5600" /> Industry Research [..] This is a professional and in-depth study on the current state of the global <NODE id="5701" />Rotary Switch<NODE id="5714" /> industry with a focus [..] More From Business Leading Smart Summit Speakers Announced Leading Smart Summit Speakers Announced Organisers have released details of the speaker line-up and conference programme for [..] Black Films Matter supports Movie Binges on [..] HOLLYWOOD, CA - RPR - 01/26/16 - The Advocacy group Black Films Matter : blackfilmsmatter.net is supporting private parties all [..] Join us for the Prestigious Congress on [..] For two weeks important scientists and industrial representatives from all over the world will present the newest results of [..] <NODE id="6288" />SmartTOP Add-On Convertible Top Controller<NODE id="6330" /> for <NODE id="6335" />BMW<NODE id="6338" /> [..] Las Vegas, Nevada - January 26th, 2016 Effective immediately, Aftermarket Electronics Specialist <NODE id="6441" />Mods4cars<NODE id="6450" /> <NODE id="6451" />ships<NODE id="6456" /> the <NODE id="6461" />SmartTOP<NODE id="6469" /> modules [..] <NODE id="6483" />Wire Rope Sensor SX300<NODE id="6505" /> - Application Video [..] The extremely robust <NODE id="6552" />wire rope sensor SX 300<NODE id="6575" /> <NODE id="6576" />by<NODE id="6578" /> <NODE id="6579" />WayCon<NODE id="6585" /> was developed specifically for measuring travel in hydraulic and telescopic [..] Disclaimer: If you have any questions regarding information in this press release please contact the company added in the press release. Please do not contact <NODE id="6826" />pr-inside<NODE id="6835" />. <NODE id="6837" />We<NODE id="6839" /> will not be able to assist you. <NODE id="6872" />PR-inside<NODE id="6881" /> disclaims the content included in this release. ﻿
</TEXT>
<Meta>
<feature featureName="id" featureValue="vico/ab9aeab8-ced3-33d8-8dfa-33b5e6d677de" />
<feature featureName="source" featureValue="sensor_corpus" />
<feature featureName="lang" featureValue="en" />
<feature featureName="pubDate" featureValue="2016-01-27T20:44:36Z" />
<feature featureName="indexDate" featureValue="2016-07-13T11:40:14.851Z" />
<feature featureName="uri" featureValue="http://reports.pr-inside.com/global-boric-acid-industry-chinese-market-research-r4366473.htm" />
<feature featureName="solrEventType" featureValue="None" /></Meta><Entities>
<Entity id="0" startPos="56" endPos="66" type="product" surface="Boric Acid" />
<Entity id="1" startPos="117" endPos="131" type="organization" surface="ReportsWeb.com" />
<Entity id="2" startPos="132" endPos="140" type="trigger" surface="provides" />
<Entity id="3" startPos="145" endPos="167" type="product" surface="market research report" />
<Entity id="4" startPos="191" endPos="201" type="product" surface="Boric Acid" />
<Entity id="5" startPos="217" endPos="239" type="product" surface="Market Research Report" />
<Entity id="6" startPos="247" endPos="253" type="product" surface="report" />
<Entity id="7" startPos="300" endPos="310" type="product" surface="Boric Acid" />
<Entity id="8" startPos="453" endPos="466" type="organization" surface="PR-Inside.com" />
<Entity id="9" startPos="565" endPos="575" type="product" surface="Boric Acid" />
<Entity id="10" startPos="625" endPos="631" type="product" surface="report" />
<Entity id="11" startPos="684" endPos="694" type="product" surface="Boric Acid" />
<Entity id="12" startPos="832" endPos="838" type="product" surface="report" />
<Entity id="13" startPos="971" endPos="977" type="product" surface="report" />
<Entity id="14" startPos="1099" endPos="1105" type="product" surface="report" />
<Entity id="15" startPos="1197" endPos="1203" type="product" surface="report" />
<Entity id="16" startPos="1676" endPos="1682" type="product" surface="report" />
<Entity id="17" startPos="1737" endPos="1747" type="product" surface="Boric Acid" />
<Entity id="18" startPos="1878" endPos="1884" type="product" surface="report" />
<Entity id="19" startPos="2158" endPos="2173" type="product" surface="research report" />
<Entity id="20" startPos="2278" endPos="2288" type="product" surface="Photodiode" />
<Entity id="21" startPos="2326" endPos="2336" type="product" surface="Photodiode" />
<Entity id="22" startPos="2403" endPos="2413" type="product" surface="Photodiode" />
<Entity id="23" startPos="2441" endPos="2451" type="product" surface="Photodiode" />
<Entity id="24" startPos="2509" endPos="2519" type="product" surface="Photodiode" />
<Entity id="25" startPos="2541" endPos="2551" type="product" surface="Photodiode" />
<Entity id="26" startPos="2605" endPos="2615" type="product" surface="Photodiode" />
<Entity id="27" startPos="2644" endPos="2654" type="product" surface="Photodiode" />
<Entity id="28" startPos="2733" endPos="2743" type="product" surface="Photodiode" />
<Entity id="29" startPos="2870" endPos="2880" type="product" surface="Boric Acid" />
<Entity id="30" startPos="2918" endPos="2928" type="product" surface="Boric Acid" />
<Entity id="31" startPos="2986" endPos="2996" type="product" surface="Boric Acid" />
<Entity id="32" startPos="3013" endPos="3023" type="product" surface="Boric Acid" />
<Entity id="33" startPos="3073" endPos="3083" type="product" surface="Boric Acid" />
<Entity id="34" startPos="3144" endPos="3154" type="product" surface="Boric Acid" />
<Entity id="35" startPos="3211" endPos="3221" type="product" surface="Boric Acid" />
<Entity id="36" startPos="3317" endPos="3327" type="product" surface="Boric Acid" />
<Entity id="37" startPos="3388" endPos="3398" type="product" surface="Boric Acid" />
<Entity id="38" startPos="3436" endPos="3446" type="product" surface="Boric Acid" />
<Entity id="39" startPos="3482" endPos="3492" type="product" surface="Boric Acid" />
<Entity id="40" startPos="3537" endPos="3547" type="product" surface="Boric Acid" />
<Entity id="41" startPos="3578" endPos="3588" type="product" surface="Boric Acid" />
<Entity id="42" startPos="3615" endPos="3625" type="product" surface="Boric Acid" />
<Entity id="43" startPos="3641" endPos="3651" type="product" surface="Boric Acid" />
<Entity id="44" startPos="3690" endPos="3700" type="product" surface="Boric Acid" />
<Entity id="45" startPos="3931" endPos="3942" type="product" surface="Boric Acids" />
<Entity id="46" startPos="4016" endPos="4026" type="product" surface="Boric Acid" />
<Entity id="47" startPos="4042" endPos="4064" type="product" surface="Market Research Report" />
<Entity id="48" startPos="4066" endPos="4072" type="product" surface="report" />
<Entity id="49" startPos="4090" endPos="4107" type="product" surface="business research" />
<Entity id="50" startPos="4110" endPos="4129" type="product" surface="market intelligence" />
<Entity id="51" startPos="4223" endPos="4233" type="organization" surface="ReportsWeb" />
<Entity id="52" startPos="4235" endPos="4249" type="organization" surface="ReportsWeb.com" />
<Entity id="53" startPos="4255" endPos="4268" type="trigger" surface="one stop shop" />
<Entity id="54" startPos="4272" endPos="4295" type="product" surface="market research reports" />
<Entity id="55" startPos="4300" endPos="4309" type="product" surface="solutions" />
<Entity id="56" startPos="4349" endPos="4351" type="organization" surface="We" />
<Entity id="57" startPos="4458" endPos="4474" type="product" surface="research reports" />
<Entity id="58" startPos="4479" endPos="4488" type="product" surface="solutions" />
<Entity id="59" startPos="4514" endPos="4516" type="organization" surface="We" />
<Entity id="60" startPos="4560" endPos="4563" type="organization" surface="our" />
<Entity id="61" startPos="4652" endPos="4654" type="organization" surface="Us" />
<Entity id="62" startPos="4724" endPos="4734" type="organization" surface="ReportsWeb" />
<Entity id="63" startPos="4881" endPos="4894" type="product" surface="Potentiometer" />
<Entity id="64" startPos="5002" endPos="5015" type="product" surface="Potentiometer" />
<Entity id="65" startPos="5065" endPos="5072" type="product" surface="Encoder" />
<Entity id="66" startPos="5180" endPos="5187" type="product" surface="Encoder" />
<Entity id="67" startPos="5237" endPos="5252" type="product" surface="Pressure Sensor" />
<Entity id="68" startPos="5353" endPos="5368" type="product" surface="Pressure Sensor" />
<Entity id="69" startPos="5415" endPos="5427" type="product" surface="Power Switch" />
<Entity id="70" startPos="5528" endPos="5540" type="product" surface="Power Switch" />
<Entity id="71" startPos="5587" endPos="5600" type="product" surface="Rotary Switch" />
<Entity id="72" startPos="5701" endPos="5714" type="product" surface="Rotary Switch" />
<Entity id="73" startPos="6288" endPos="6330" type="product" surface="SmartTOP Add-On Convertible Top Controller" />
<Entity id="74" startPos="6335" endPos="6338" type="organization" surface="BMW" />
<Entity id="75" startPos="6441" endPos="6450" type="organization" surface="Mods4cars" />
<Entity id="76" startPos="6451" endPos="6456" type="trigger" surface="ships" />
<Entity id="77" startPos="6461" endPos="6469" type="product" surface="SmartTOP" />
<Entity id="78" startPos="6483" endPos="6505" type="product" surface="Wire Rope Sensor SX300" />
<Entity id="79" startPos="6552" endPos="6575" type="product" surface="wire rope sensor SX 300" />
<Entity id="80" startPos="6576" endPos="6578" type="trigger" surface="by" />
<Entity id="81" startPos="6579" endPos="6585" type="organization" surface="WayCon" />
<Entity id="82" startPos="6826" endPos="6835" type="organization" surface="pr-inside" />
<Entity id="83" startPos="6837" endPos="6839" type="organization" surface="We" />
<Entity id="84" startPos="6872" endPos="6881" type="organization" surface="PR-inside" /></Entities><Relations>
<Relation id="85" NAME="CompanyProvidesProduct">
<Entity id="3" label="product" />
<Entity id="1" label="company" />
<Entity id="2" label="trigger" />
</Relation>
<Relation id="86" NAME="CompanyProvidesProduct">
<Entity id="55" label="product" />
<Entity id="54" label="product" />
<Entity id="52" label="company" />
<Entity id="53" label="trigger" />
</Relation>
<Relation id="87" NAME="CompanyProvidesProduct">
<Entity id="77" label="product" />
<Entity id="75" label="company" />
<Entity id="76" label="trigger" />
</Relation>
<Relation id="88" NAME="CompanyProvidesProduct">
<Entity id="79" label="product" />
<Entity id="81" label="company" />
<Entity id="80" label="trigger" />
</Relation>
<Relation id="89" NAME="identity">
<Entity id="0" label="source" />
<Entity id="40" label="target" />
<Entity id="43" label="target" />
<Entity id="34" label="target" />
<Entity id="36" label="target" />
<Entity id="46" label="target" />
<Entity id="42" label="target" />
<Entity id="37" label="target" />
<Entity id="9" label="target" />
<Entity id="41" label="target" />
<Entity id="33" label="target" />
<Entity id="11" label="target" />
<Entity id="17" label="target" />
<Entity id="38" label="target" />
<Entity id="30" label="target" />
<Entity id="7" label="target" />
<Entity id="29" label="target" />
<Entity id="39" label="target" />
<Entity id="4" label="target" />
<Entity id="44" label="target" />
<Entity id="31" label="target" />
<Entity id="45" label="target" />
<Entity id="32" label="target" />
</Relation>
<Relation id="90" NAME="identity">
<Entity id="1" label="source" />
<Entity id="61" label="target" />
<Entity id="56" label="target" />
<Entity id="60" label="target" />
<Entity id="51" label="target" />
<Entity id="52" label="target" />
<Entity id="62" label="target" />
<Entity id="59" label="target" />
</Relation>
<Relation id="91" NAME="identity">
<Entity id="3" label="source" />
<Entity id="47" label="target" />
<Entity id="10" label="target" />
<Entity id="15" label="target" />
<Entity id="6" label="target" />
<Entity id="13" label="target" />
<Entity id="5" label="target" />
<Entity id="16" label="target" />
<Entity id="14" label="target" />
<Entity id="19" label="target" />
<Entity id="48" label="target" />
<Entity id="18" label="target" />
</Relation>
<Relation id="92" NAME="identity">
<Entity id="8" label="source" />
<Entity id="82" label="target" />
<Entity id="83" label="target" />
<Entity id="84" label="target" />
</Relation>
<Relation id="93" NAME="identity">
<Entity id="20" label="source" />
<Entity id="25" label="target" />
<Entity id="23" label="target" />
<Entity id="22" label="target" />
<Entity id="27" label="target" />
<Entity id="21" label="target" />
<Entity id="28" label="target" />
<Entity id="26" label="target" />
</Relation>
<Relation id="94" NAME="identity">
<Entity id="49" label="source" />
<Entity id="57" label="target" />
<Entity id="50" label="target" />
<Entity id="54" label="target" />
</Relation>
<Relation id="95" NAME="identity">
<Entity id="63" label="source" />
<Entity id="64" label="target" />
</Relation>
<Relation id="96" NAME="identity">
<Entity id="65" label="source" />
<Entity id="66" label="target" />
</Relation>
<Relation id="97" NAME="identity">
<Entity id="67" label="source" />
<Entity id="68" label="target" />
</Relation>
<Relation id="98" NAME="identity">
<Entity id="70" label="source" />
<Entity id="69" label="target" />
</Relation>
<Relation id="99" NAME="identity">
<Entity id="71" label="source" />
<Entity id="72" label="target" />
</Relation>
<Relation id="100" NAME="identity">
<Entity id="73" label="source" />
<Entity id="77" label="target" />
</Relation>
<Relation id="101" NAME="identity">
<Entity id="78" label="source" />
<Entity id="79" label="target" />
</Relation></Relations>
</Document>
