<?xml version="1.0" encoding="UTF-8"?>
<Document>
<TEXT>Global <NODE id="7" />MEMS Pressure <NODE id="21" />Sensor<NODE id="27" /> Market to Exceed USD 4 Billion by 2020, According to <NODE id="81" />Technavio<NODE id="90" /> 2016-01-19 21:28:51 LONDON--The global <NODE id="130" />MEMS pressure <NODE id="144" />sensor<NODE id="150" /> market was valued at USD 2 billion in 2015 and is expected to exceed nearly USD 4 billion by 2020, growing at a CAGR of 14%. In this report, <NODE id="292" />Technavio<NODE id="301" /> covers the present scenario and growth prospects of the global <NODE id="365" />MEMS pressure <NODE id="379" />sensor<NODE id="385" /> market for 2016-2020. Based on end user platforms, the market is divided into the following segments: Automotive, industrial, healthcare, others. The <NODE id="536" />MEMS pressure <NODE id="550" />sensor<NODE id="556" /> market is also segmented into the following regions: North America Europe APAC ROW APAC: largest <NODE id="654" />MEMS pressure <NODE id="668" />sensor<NODE id="674" /> market APAC accounted for over half the market share in 2015 and its domination will continue through 2020 where the region is expected to hold nearly 55% of the market. China, Japan, Taiwan, and South Korea are some of the leading consumer markets in this region, propelling the market to a very impressive CAGR of 15% during the forecast period. This growth can be attributed to the regions dominance of the automotive production sector, a sector which creates huge demand for <NODE id="1154" />MEMS <NODE id="1159" />sensors<NODE id="1166" />. The automotive segment in Japan is a manufacturing hub for many prominent <NODE id="1242" />car<NODE id="1245" /> <NODE id="1246" />manufacturers<NODE id="1259" />, such as <NODE id="1269" />Toyota<NODE id="1275" />, <NODE id="1277" />Honda<NODE id="1282" />, <NODE id="1284" />Nissan<NODE id="1290" />, <NODE id="1292" />Suzuki<NODE id="1298" />, and <NODE id="1304" />Mitsubishi<NODE id="1314" />, while the automotive market in China is the largest in terms of automobile unit production, said <NODE id="1413" />Technavio<NODE id="1422" /> <NODE id="1423" />semiconductor<NODE id="1436" /> research analyst Navin Rajendra. In addition, China is also one of the largest manufacturers of automotive products that employ various types of <NODE id="1582" />sensors<NODE id="1589" /> including <NODE id="1600" />MEMS pressure <NODE id="1614" />sensors<NODE id="1621" />, added Navin. Apart from the automotive industry, APAC is host to a large number of players in the consumer electronics and mobile devices industry where <NODE id="1776" />MEMS <NODE id="1781" />sensor<NODE id="1787" /> technology integration is extremely prevalent. Companies like <NODE id="1850" />Samsung<NODE id="1857" />, <NODE id="1859" />LG<NODE id="1861" />, <NODE id="1863" />HTC<NODE id="1866" />, <NODE id="1868" />ZTE<NODE id="1871" />, <NODE id="1873" />Huawei Technologies<NODE id="1892" />, <NODE id="1894" />Lenovo<NODE id="1900" />, and <NODE id="1906" />Sony<NODE id="1910" /> are all based in either China, South Korea, and Taiwan. In the industrial segment, governments of countries like Taiwan and India are providing incentives and platforms to improve the manufacturing sector. The Government of India is attracting FDI in its manufacturing sector through its 'Make in India' initiative. Due to the availability of cheap labor, global manufacturers are planning to open new manufacturing plants or increase their production capacity, said Navin. These manufacturing plants employ several systems, such as hydraulic systems, gas analyzers, and gas meters, which employ <NODE id="2507" />MEMS pressure <NODE id="2521" />sensors<NODE id="2528" /> for monitoring and measurement. Ask for a sample of this report: http://goo.gl/473O5U <NODE id="2615" />Bosch<NODE id="2620" />, <NODE id="2622" />Denso<NODE id="2627" />, <NODE id="2629" />Freescale <NODE id="2639" />Semiconductors<NODE id="2653" /> are major vendors headquartered in APAC. <NODE id="2695" />Texas Instruments<NODE id="2712" />, <NODE id="2714" />Schneider Electric<NODE id="2732" />, <NODE id="2734" />Delphi<NODE id="2740" />, <NODE id="2742" />Infineon Technologies<NODE id="2763" />, and <NODE id="2769" />GE Sensing Philips Healthcare<NODE id="2798" /> and <NODE id="2803" />GE Healthcare<NODE id="2816" /> are also major vendors but headquartered in Europe or the Americas. Eurozone crisis and high cost of labor hindering Europe's market share Spending on <NODE id="2968" />MEMS pressure <NODE id="2982" />sensors<NODE id="2989" /> in Europe is expected to grow at a CAGR of 11% during the forecast period. Just like the APAC, Europe is a significant contributor to the total market revenue because of a significant presence of the automotive industry, with prominent automakers such as <NODE id="3245" />Volkswagen<NODE id="3255" />, <NODE id="3257" />BMW<NODE id="3260" />, <NODE id="3262" />Audi<NODE id="3266" />, <NODE id="3268" />Mercedes-Benz<NODE id="3281" />, <NODE id="3283" />Porsche<NODE id="3290" />, <NODE id="3292" />Renault<NODE id="3299" />, <NODE id="3301" />Fiat<NODE id="3305" />, and <NODE id="3311" />Alfa Romeo<NODE id="3321" /> in Germany, France, and Italy. Despite Europe's high market growth rate during the forecast period, their market share is dwindling because of the Eurozone crisis, high cost of labor and raw materials, and excessive supply costs. These factors are compelling manufacturers to shift their manufacturing facilities to more economically favorable countries in APAC. This is ultimately hindering the growth of the overall <NODE id="3740" />MEMS <NODE id="3745" />sensor<NODE id="3751" /> market in the region. Browse Related Reports: Purchase these three reports for the price of one by becoming a <NODE id="3862" />Technavio<NODE id="3871" /> subscriber. Subscribing to <NODE id="3899" />Technavio<NODE id="3908" />'s reports allows you to download any three reports per month for the price of one. Contact enquiry@technavio.com with your requirements and a link to <NODE id="4059" />our<NODE id="4062" /> subscription platform. About <NODE id="4092" />Technavio<NODE id="4101" /> <NODE id="4102" />Technavio<NODE id="4111" /> is a leading global technology research and advisory company. The <NODE id="4178" />company<NODE id="4185" /> develops over 2000 pieces of research every year, covering more than 500 technologies across 80 countries. <NODE id="4293" />Technavio<NODE id="4302" /> has about 300 analysts globally who specialize in customized consulting and business research assignments across the latest leading edge technologies. <NODE id="4454" />Technavio<NODE id="4463" /> analysts employ primary as well as secondary research techniques to ascertain the size and vendor landscape in a range of markets. Analysts obtain information using a combination of bottom-up and top-down approaches, besides using in-house market modeling tools and proprietary databases. They corroborate this data with the data obtained from various market participants and stakeholders across the value chain, including vendors, service providers, distributors, re-sellers, and end-users. If you are interested in more information, please contact <NODE id="5014" />our<NODE id="5017" /> media team at media@technavio.com .
</TEXT>
<Meta>
<feature featureName="id" featureValue="vico/80fa72df-cc3e-3684-9d1d-42ab9cf5f9f7" />
<feature featureName="source" featureValue="sensor_corpus" />
<feature featureName="lang" featureValue="en" />
<feature featureName="pubDate" featureValue="2016-01-20T05:30:39Z" />
<feature featureName="indexDate" featureValue="2016-07-13T11:23:59.483Z" />
<feature featureName="uri" featureValue="http://mfrtech.com/article/global_mems_pressure_sensor_market_to_exceed_usd_4_billion_by_2020_according_to_" />
<feature featureName="solrEventType" featureValue="None" /></Meta><Entities>
<Entity id="0" startPos="7" endPos="27" type="product" surface="MEMS Pressure Sensor" />
<Entity id="1" startPos="21" endPos="27" type="product" surface="Sensor" />
<Entity id="2" startPos="81" endPos="90" type="organization" surface="Technavio" />
<Entity id="3" startPos="130" endPos="150" type="product" surface="MEMS pressure sensor" />
<Entity id="4" startPos="144" endPos="150" type="product" surface="sensor" />
<Entity id="5" startPos="292" endPos="301" type="organization" surface="Technavio" />
<Entity id="6" startPos="365" endPos="385" type="product" surface="MEMS pressure sensor" />
<Entity id="7" startPos="379" endPos="385" type="product" surface="sensor" />
<Entity id="8" startPos="536" endPos="556" type="product" surface="MEMS pressure sensor" />
<Entity id="9" startPos="550" endPos="556" type="product" surface="sensor" />
<Entity id="10" startPos="654" endPos="674" type="product" surface="MEMS pressure sensor" />
<Entity id="11" startPos="668" endPos="674" type="product" surface="sensor" />
<Entity id="12" startPos="1154" endPos="1166" type="product" surface="MEMS sensors" />
<Entity id="13" startPos="1159" endPos="1166" type="product" surface="sensors" />
<Entity id="14" startPos="1242" endPos="1245" type="product" surface="car" />
<Entity id="15" startPos="1246" endPos="1259" type="trigger" surface="manufacturers" />
<Entity id="16" startPos="1269" endPos="1275" type="organization" surface="Toyota" />
<Entity id="17" startPos="1277" endPos="1282" type="organization" surface="Honda" />
<Entity id="18" startPos="1284" endPos="1290" type="organization" surface="Nissan" />
<Entity id="19" startPos="1292" endPos="1298" type="organization" surface="Suzuki" />
<Entity id="20" startPos="1304" endPos="1314" type="organization" surface="Mitsubishi" />
<Entity id="21" startPos="1413" endPos="1422" type="organization" surface="Technavio" />
<Entity id="22" startPos="1423" endPos="1436" type="product" surface="semiconductor" />
<Entity id="23" startPos="1582" endPos="1589" type="product" surface="sensors" />
<Entity id="24" startPos="1600" endPos="1621" type="product" surface="MEMS pressure sensors" />
<Entity id="25" startPos="1614" endPos="1621" type="product" surface="sensors" />
<Entity id="26" startPos="1776" endPos="1787" type="product" surface="MEMS sensor" />
<Entity id="27" startPos="1781" endPos="1787" type="product" surface="sensor" />
<Entity id="28" startPos="1850" endPos="1857" type="organization" surface="Samsung" />
<Entity id="29" startPos="1859" endPos="1861" type="organization" surface="LG" />
<Entity id="30" startPos="1863" endPos="1866" type="organization" surface="HTC" />
<Entity id="31" startPos="1868" endPos="1871" type="organization" surface="ZTE" />
<Entity id="32" startPos="1873" endPos="1892" type="organization" surface="Huawei Technologies" />
<Entity id="33" startPos="1894" endPos="1900" type="organization" surface="Lenovo" />
<Entity id="34" startPos="1906" endPos="1910" type="organization" surface="Sony" />
<Entity id="35" startPos="2507" endPos="2528" type="product" surface="MEMS pressure sensors" />
<Entity id="36" startPos="2521" endPos="2528" type="product" surface="sensors" />
<Entity id="37" startPos="2615" endPos="2620" type="organization" surface="Bosch" />
<Entity id="38" startPos="2622" endPos="2627" type="organization" surface="Denso" />
<Entity id="39" startPos="2629" endPos="2653" type="organization" surface="Freescale Semiconductors" />
<Entity id="40" startPos="2639" endPos="2653" type="product" surface="Semiconductors" />
<Entity id="41" startPos="2695" endPos="2712" type="organization" surface="Texas Instruments" />
<Entity id="42" startPos="2714" endPos="2732" type="organization" surface="Schneider Electric" />
<Entity id="43" startPos="2734" endPos="2740" type="organization" surface="Delphi" />
<Entity id="44" startPos="2742" endPos="2763" type="organization" surface="Infineon Technologies" />
<Entity id="45" startPos="2769" endPos="2798" type="organization" surface="GE Sensing Philips Healthcare" />
<Entity id="46" startPos="2803" endPos="2816" type="organization" surface="GE Healthcare" />
<Entity id="47" startPos="2968" endPos="2989" type="product" surface="MEMS pressure sensors" />
<Entity id="48" startPos="2982" endPos="2989" type="product" surface="sensors" />
<Entity id="49" startPos="3245" endPos="3255" type="organization" surface="Volkswagen" />
<Entity id="50" startPos="3257" endPos="3260" type="organization" surface="BMW" />
<Entity id="51" startPos="3262" endPos="3266" type="organization" surface="Audi" />
<Entity id="52" startPos="3268" endPos="3281" type="organization" surface="Mercedes-Benz" />
<Entity id="53" startPos="3283" endPos="3290" type="organization" surface="Porsche" />
<Entity id="54" startPos="3292" endPos="3299" type="organization" surface="Renault" />
<Entity id="55" startPos="3301" endPos="3305" type="organization" surface="Fiat" />
<Entity id="56" startPos="3311" endPos="3321" type="organization" surface="Alfa Romeo" />
<Entity id="57" startPos="3740" endPos="3751" type="product" surface="MEMS sensor" />
<Entity id="58" startPos="3745" endPos="3751" type="product" surface="sensor" />
<Entity id="59" startPos="3862" endPos="3871" type="organization" surface="Technavio" />
<Entity id="60" startPos="3899" endPos="3908" type="organization" surface="Technavio" />
<Entity id="61" startPos="4059" endPos="4062" type="organization" surface="our" />
<Entity id="62" startPos="4092" endPos="4101" type="organization" surface="Technavio" />
<Entity id="63" startPos="4102" endPos="4111" type="organization" surface="Technavio" />
<Entity id="64" startPos="4178" endPos="4185" type="organization" surface="company" />
<Entity id="65" startPos="4293" endPos="4302" type="organization" surface="Technavio" />
<Entity id="66" startPos="4454" endPos="4463" type="organization" surface="Technavio" />
<Entity id="67" startPos="5014" endPos="5017" type="organization" surface="our" /></Entities><Relations>
<Relation id="68" NAME="CompanyProvidesProduct">
<Entity id="14" label="product" />
<Entity id="20" label="company" />
<Entity id="15" label="trigger" />
</Relation>
<Relation id="69" NAME="CompanyProvidesProduct">
<Entity id="14" label="product" />
<Entity id="18" label="company" />
<Entity id="15" label="trigger" />
</Relation>
<Relation id="70" NAME="CompanyProvidesProduct">
<Entity id="14" label="product" />
<Entity id="17" label="company" />
<Entity id="15" label="trigger" />
</Relation>
<Relation id="71" NAME="CompanyProvidesProduct">
<Entity id="14" label="product" />
<Entity id="16" label="company" />
<Entity id="15" label="trigger" />
</Relation>
<Relation id="72" NAME="CompanyProvidesProduct">
<Entity id="14" label="product" />
<Entity id="19" label="company" />
<Entity id="15" label="trigger" />
</Relation>
<Relation id="73" NAME="CompanyProvidesProduct">
<Entity id="40" label="product" />
<Entity id="39" label="company" />
</Relation>
<Relation id="74" NAME="Identity">
<Entity id="2" label="source" />
<Entity id="63" label="target" />
<Entity id="66" label="target" />
<Entity id="5" label="target" />
<Entity id="62" label="target" />
<Entity id="21" label="target" />
<Entity id="67" label="target" />
<Entity id="64" label="target" />
<Entity id="60" label="target" />
<Entity id="65" label="target" />
<Entity id="59" label="target" />
<Entity id="61" label="target" />
</Relation>
<Relation id="75" NAME="identity">
<Entity id="0" label="source" />
<Entity id="47" label="target" />
<Entity id="6" label="target" />
<Entity id="10" label="target" />
<Entity id="57" label="target" />
<Entity id="24" label="target" />
<Entity id="12" label="target" />
<Entity id="26" label="target" />
<Entity id="35" label="target" />
<Entity id="3" label="target" />
<Entity id="8" label="target" />
</Relation>
<Relation id="76" NAME="identity">
<Entity id="1" label="source" />
<Entity id="25" label="target" />
<Entity id="13" label="target" />
<Entity id="4" label="target" />
<Entity id="36" label="target" />
<Entity id="48" label="target" />
<Entity id="58" label="target" />
<Entity id="23" label="target" />
<Entity id="11" label="target" />
<Entity id="27" label="target" />
<Entity id="7" label="target" />
</Relation>
<Relation id="77" NAME="identity">
<Entity id="22" label="source" />
<Entity id="40" label="target" />
</Relation></Relations>
</Document>
