<?xml version="1.0" encoding="UTF-8"?>
<Document>
<TEXT>World Smart Energy Week 2016 Opening Next Month in Japan World News: 01:35 GMT Wednesday 10th February 2016 . [ World Smart Energy Week Show Management via <NODE id="156" />Businesswire<NODE id="168" /> via <NODE id="173" />SPi World News<NODE id="187" /> ] Reed Exhibitions Japan will be holding the 12th installment of Japan's largest show for smart and renewable energy - World Smart Energy Week 2016 next month from March 2-4 at Tokyo Big Sight . This Smart News Release features multimedia. View the full release here: http://www.businesswire.com/news/home/20160209006897/en/ Scene from World Smart Energy Week 2015 (Photo: <NODE id="561" />Business Wire<NODE id="574" />) Best Platform for Smart &amp; Renewable Energy Business Composed of 9 exhibitions (PV EXPO, PV SYSTEM EXPO, FC EXPO, BATTERY JAPAN, WIND EXPO, INT'L SMART GRID EXPO,ENERGY MARKET LIBERALISATION EXPO, ECO HOUSE &amp; ECO BUILDING EXPO and INT'L BIOMASS EXPO) and 227 conference sessions, this comprehensive business event is expected to bring together 80,000 professionals and 21,000 conference attendees from across Japan and the world. The show will commence with a ribbon-cutting ceremony inviting over 45 renowned experts from Japan and overseas as dignitaries, followed by the World Smart Energy Week Keynote Session led by the <NODE id="1200" />Ministry of Economy, Trade and Industry<NODE id="1239" /> (<NODE id="1241" />METI<NODE id="1245" />) to discussCurrent Situation and Issues in Renewable Energy &amp; Energy Conservation Policies and the <NODE id="1345" />U.S. Department of Energy<NODE id="1370" /> to hold a talk on Clean Energy Revolution Now: Innovating to Accelerate a Low Carbon Future. Details of all the Keynotes and Technical sessions can be found in the Conference Program . At the exhibitions a total of 1,430 exhibitors will be showcasing the latest products, technologies and solutions from various areas of smart and renewable energy business. Electricity Retail Business on the Rise There will be a big focus on the exhibits related to electricity retail business with the deregulation of the energy market starting April this year. ENERGY MARKET LIBERALISATION EXPO will gather various tools, applications and services to promote sales for both existing and new-comers to the electricity retail business. The latest business strategies of the major gas, electric companies, consultation firms, new-comers and players from overseas will be shared at the conference. At the ENERGY MARKET LIBERALISATION EXPO Keynote Session the key players of both Eastern and Western Japan - <NODE id="2361" />Tokyo Gas<NODE id="2370" /> and <NODE id="2375" />The Kansai Electric Power<NODE id="2400" /> will be sharing their thoughts. Growth of Biomass Power Generation A major highlight this year will be the launch of INT'L BIOMASS EXPO . The biomass power generation market in Japan is expected to grow and the latest pelletising technologies, logistic services, fuel products and other related services to support the business will be on show for local governments, plants and institutions to explore and compare. The leaders from the field will discuss visions for the development of the business at the INT'L BIOMASS EXPO Keynote Session. Solar Business Looking Bright After the expansion of PV cell and module installations influenced by the generous Feed-In-Tariff, the business for solar power in Japan is now shifting towards innovative technologies and solutions such as efficient manufacturing processes and cost reduction. Such products and technologies will be highlighted at PV EXPO as well as cells and modules of leading firms from both Japan and abroad. Japanese firms such as <NODE id="3393" />PANASONIC<NODE id="3402" />, <NODE id="3404" />SHARP<NODE id="3409" />, <NODE id="3411" />XSOL<NODE id="3415" />, will be showcasing their Total Energy Solutions. Major firms from overseas will also continue to exhibit such as <NODE id="3530" />TRINA SOLAR<NODE id="3541" />, <NODE id="3543" />YINGLI GREEN ENERGY<NODE id="3562" />, <NODE id="3564" />CANADIAN SOLAR<NODE id="3578" />, <NODE id="3580" />HANWHA Q CELLS<NODE id="3594" />, <NODE id="3596" />JINKO SOLAR<NODE id="3607" />, <NODE id="3609" />JA SOLAR<NODE id="3617" />. Operation and Maintenance for PV systems will be a major theme at PV SYSTEM EXPO and the update of the latest trends and outlook of the business will be discussed at the PV EXPO Keynote Session by <NODE id="3816" />METI<NODE id="3820" />, <NODE id="3822" />PANASONIC<NODE id="3831" /> and the <NODE id="3840" />U.S. Department of Energy<NODE id="3865" />. Growth Returns to Japan's Wind Energy Increasing number of wind farm projects in Japan which have passed the 3-year environment assessment are now ready for business. As cabling and infrastructure between the capital and the northern region of Japan have also been installed, potential for wind energy is expected to grow. Various wind turbines, components, devices and O&amp;M related services will be exhibited at WIND EXPO to aid the expansion of the business. Being the largest wind energy show in Japan, it will be the perfect venue to negotiate and network with key players of the business. Future perspectives of the business will be shared by <NODE id="4514" />ENERCON<NODE id="4521" />, <NODE id="4523" />SENVION<NODE id="4530" />, <NODE id="4532" />GOLDWIND SCIENCE &amp; TECHNOLOGY<NODE id="4561" />, and <NODE id="4567" />GAMESA<NODE id="4573" /> at the WIND EXPO Special Session . Strategies and prospects will also be discussed by major players in Japan - <NODE id="4685" />METI<NODE id="4689" />, <NODE id="4691" />Municipal National Council for Wind Power Promotion<NODE id="4742" />, <NODE id="4744" />Marubeni Corp.<NODE id="4758" /> and <NODE id="4763" />MHI Vestas Offshore Wind<NODE id="4787" /> at the WIND EXPO Keynote Session . Advancing <NODE id="4833" />Battery<NODE id="4840" /> Needs and Technologies With the advancements of applications for <NODE id="4906" />electric vehicles<NODE id="4923" />, <NODE id="4925" />drones<NODE id="4931" /> and <NODE id="4936" />robots<NODE id="4942" />, the R&amp;D for next-generation <NODE id="4972" />batteries<NODE id="4981" /> are accelerating. The latest systems for such <NODE id="5028" />batteries<NODE id="5037" /> and <NODE id="5042" />capacitors<NODE id="5052" /> will be highlighted at <NODE id="5076" />BATTERY<NODE id="5083" /> JAPAN . A new featured exhibit zone for <NODE id="5124" />Battery<NODE id="5131" /> Management Systems (BMS) will also be launched this year where BMS for the enhancement of safety, longer life and power efficiency of batteries will be showcased. As the world's largest renewable battery show, <NODE id="5342" />BATTERY<NODE id="5349" /> JAPAN will be the best platform to seek the latest technologies and trends from experts across Japan and the world. Topics to be featured at the exhibition and the conference will be LIB, capacitors, electric vehicles, stationary battery and security measures. At the <NODE id="5618" />BATTERY<NODE id="5625" /> JAPAN Keynote Session The latest trends of EV and <NODE id="5676" />battery<NODE id="5683" /> storage technologies towards a low carbon society will be discussed by <NODE id="5755" />NISSAN MOTORS<NODE id="5768" />, <NODE id="5770" />LG CHEM<NODE id="5777" /> and <NODE id="5782" />TESLA MOTORS JAPAN<NODE id="5800" />. Hydrogen Society Infrastructure For the ongoing commercialisation of <NODE id="5871" />Fuel Cell <NODE id="5881" />Electric Vehicles<NODE id="5898" /> (<NODE id="5900" />FCEVs<NODE id="5905" />) and development of <NODE id="5926" />its<NODE id="5929" /> infrastructure, hydrogen stations, storage tanks, sensing devices, dispensers and component technologies will be highlighted at FC EXPO . The latest <NODE id="6079" />FCEV<NODE id="6083" /> models from Japan such as <NODE id="6110" />Toyota's<NODE id="6118" /> <NODE id="6119" />MIRAI<NODE id="6124" /> will be available for test drive sessions arranged by THE RESEARCH ASSOCIATION OF HYDROGEN SUPPLY/UTILIZATION TECHNOLOGY (HySUT). Being the largest show of its kind in the world, the show will also feature the latest and high quality materials, components, devices and technologies for hydrogen and fuel cells. To share the strategies and prospects towards a hydrogen society, <NODE id="6502" />METI<NODE id="6506" />, <NODE id="6508" />U.S. DEPARTMENT OF ENERGY<NODE id="6533" />, <NODE id="6535" />HONDA MOTORS<NODE id="6547" /> and <NODE id="6552" />KAWASAKI HEAVY INDUSTRIES<NODE id="6577" /> will be holding the FC EXPO Keynote Session. IoT technologies in Smart Communities As IoT technologies advance, the latest ICT services, sensor technologies for wireless networks for Home Energy Management Systems (HEMS) and Building Management Systems (BEMS) will be major highlights at INT'L SMART GRID EXPO . Major players in the field such as <NODE id="6925" />TOSHIBA<NODE id="6932" />, <NODE id="6934" />MITSUBISHI ELECTRIC<NODE id="6953" />, <NODE id="6955" />MITSUBISHI HEAVY INDUSTRIES<NODE id="6982" /> and <NODE id="6987" />FUJI ELECTRIC<NODE id="7000" /> will be exhibiting their latest technologies and solutions. At the conference , <NODE id="7081" />TOKYO ELECTRIC POWER<NODE id="7101" />, <NODE id="7103" />MITSUBISHI ELECTRIC<NODE id="7122" />, <NODE id="7124" />SUMITOMO ELECTRIC INDUSTRIES<NODE id="7152" />, <NODE id="7154" />TOSHIBA<NODE id="7161" /> and <NODE id="7166" />HITACHI<NODE id="7173" /> will be updating the visions of a smart grid society, latest technologies for a stable power system and developments of smart cities in Japan. The latest quality materials and technologies for smart homes and buildings will be showcased at the concurrently held ECO HOUSE &amp; ECO BUILDING EXPO . For further details of the exhibitors and exhibits, browse the Exhibitor Directory . Visit with a Free Exhibition Ticket World Smart Energy Week 2016 will be open to all smart and renewable energy related professionals. Exhibition Tickets can be obtained free by online registration . Visiting tips and show highlights can be found in the Visitor's Guide . For further details visit the official show websites or contact Show Management directly: visitor-eng.wsew@reedexpo.co.jp . View source version on <NODE id="7972" />businesswire.com<NODE id="7988" />: http://www.businesswire.com/news/home/20160209006897/en/ More news and information about World Smart Energy Week Show Management Published By: <NODE id="8133" />Business Wire<NODE id="8146" />: 01:35 GMT Wednesday 10th February 2016
</TEXT>
<Meta>
<feature featureName="id" featureValue="vico/31efe6d3-4689-3903-af2f-a1ae24a5e09c" />
<feature featureName="source" featureValue="sensor_corpus" />
<feature featureName="lang" featureValue="en" />
<feature featureName="pubDate" featureValue="2016-02-10T06:32:30Z" />
<feature featureName="indexDate" featureValue="2016-07-13T10:54:08.463Z" />
<feature featureName="uri" featureValue="http://www.sectorpublishingintelligence.co.uk/news/1358765/world+smart+energy+week+2016+opening+next+month+in+japan" />
<feature featureName="solrEventType" featureValue="None" /></Meta><Entities>
<Entity id="0" startPos="156" endPos="168" type="organization" surface="Businesswire" />
<Entity id="1" startPos="173" endPos="187" type="organization" surface="SPi World News" />
<Entity id="2" startPos="561" endPos="574" type="organization" surface="Business Wire" />
<Entity id="3" startPos="1200" endPos="1239" type="organization" surface="Ministry of Economy, Trade and Industry" />
<Entity id="4" startPos="1241" endPos="1245" type="organization" surface="METI" />
<Entity id="5" startPos="1345" endPos="1370" type="organization" surface="U.S. Department of Energy" />
<Entity id="6" startPos="2361" endPos="2370" type="organization" surface="Tokyo Gas" />
<Entity id="7" startPos="2375" endPos="2400" type="organization" surface="The Kansai Electric Power" />
<Entity id="8" startPos="3393" endPos="3402" type="organization" surface="PANASONIC" />
<Entity id="9" startPos="3404" endPos="3409" type="organization" surface="SHARP" />
<Entity id="10" startPos="3411" endPos="3415" type="organization" surface="XSOL" />
<Entity id="11" startPos="3530" endPos="3541" type="organization" surface="TRINA SOLAR" />
<Entity id="12" startPos="3543" endPos="3562" type="organization" surface="YINGLI GREEN ENERGY" />
<Entity id="13" startPos="3564" endPos="3578" type="organization" surface="CANADIAN SOLAR" />
<Entity id="14" startPos="3580" endPos="3594" type="organization" surface="HANWHA Q CELLS" />
<Entity id="15" startPos="3596" endPos="3607" type="organization" surface="JINKO SOLAR" />
<Entity id="16" startPos="3609" endPos="3617" type="organization" surface="JA SOLAR" />
<Entity id="17" startPos="3816" endPos="3820" type="organization" surface="METI" />
<Entity id="18" startPos="3822" endPos="3831" type="organization" surface="PANASONIC" />
<Entity id="19" startPos="3840" endPos="3865" type="organization" surface="U.S. Department of Energy" />
<Entity id="20" startPos="4514" endPos="4521" type="organization" surface="ENERCON" />
<Entity id="21" startPos="4523" endPos="4530" type="organization" surface="SENVION" />
<Entity id="22" startPos="4532" endPos="4561" type="organization" surface="GOLDWIND SCIENCE &amp; TECHNOLOGY" />
<Entity id="23" startPos="4567" endPos="4573" type="organization" surface="GAMESA" />
<Entity id="24" startPos="4685" endPos="4689" type="organization" surface="METI" />
<Entity id="25" startPos="4691" endPos="4742" type="organization" surface="Municipal National Council for Wind Power Promotion" />
<Entity id="26" startPos="4744" endPos="4758" type="organization" surface="Marubeni Corp." />
<Entity id="27" startPos="4763" endPos="4787" type="organization" surface="MHI Vestas Offshore Wind" />
<Entity id="28" startPos="4833" endPos="4840" type="product" surface="Battery" />
<Entity id="29" startPos="4906" endPos="4923" type="product" surface="electric vehicles" />
<Entity id="30" startPos="4925" endPos="4931" type="product" surface="drones" />
<Entity id="31" startPos="4936" endPos="4942" type="product" surface="robots" />
<Entity id="32" startPos="4972" endPos="4981" type="product" surface="batteries" />
<Entity id="33" startPos="5028" endPos="5037" type="product" surface="batteries" />
<Entity id="34" startPos="5042" endPos="5052" type="product" surface="capacitors" />
<Entity id="35" startPos="5076" endPos="5083" type="product" surface="BATTERY" />
<Entity id="36" startPos="5124" endPos="5131" type="product" surface="Battery" />
<Entity id="37" startPos="5342" endPos="5349" type="product" surface="BATTERY" />
<Entity id="38" startPos="5618" endPos="5625" type="product" surface="BATTERY" />
<Entity id="39" startPos="5676" endPos="5683" type="product" surface="battery" />
<Entity id="40" startPos="5755" endPos="5768" type="organization" surface="NISSAN MOTORS" />
<Entity id="41" startPos="5770" endPos="5777" type="organization" surface="LG CHEM" />
<Entity id="42" startPos="5782" endPos="5800" type="organization" surface="TESLA MOTORS JAPAN" />
<Entity id="43" startPos="5871" endPos="5898" type="product" surface="Fuel Cell Electric Vehicles" />
<Entity id="44" startPos="5881" endPos="5898" type="product" surface="Electric Vehicles" />
<Entity id="45" startPos="5900" endPos="5905" type="product" surface="FCEVs" />
<Entity id="46" startPos="5926" endPos="5929" type="product" surface="its" />
<Entity id="47" startPos="6079" endPos="6083" type="product" surface="FCEV" />
<Entity id="48" startPos="6110" endPos="6118" type="organization" surface="Toyota's" />
<Entity id="49" startPos="6119" endPos="6124" type="product" surface="MIRAI" />
<Entity id="50" startPos="6502" endPos="6506" type="organization" surface="METI" />
<Entity id="51" startPos="6508" endPos="6533" type="organization" surface="U.S. DEPARTMENT OF ENERGY" />
<Entity id="52" startPos="6535" endPos="6547" type="organization" surface="HONDA MOTORS" />
<Entity id="53" startPos="6552" endPos="6577" type="organization" surface="KAWASAKI HEAVY INDUSTRIES" />
<Entity id="54" startPos="6925" endPos="6932" type="organization" surface="TOSHIBA" />
<Entity id="55" startPos="6934" endPos="6953" type="organization" surface="MITSUBISHI ELECTRIC" />
<Entity id="56" startPos="6955" endPos="6982" type="organization" surface="MITSUBISHI HEAVY INDUSTRIES" />
<Entity id="57" startPos="6987" endPos="7000" type="organization" surface="FUJI ELECTRIC" />
<Entity id="58" startPos="7081" endPos="7101" type="organization" surface="TOKYO ELECTRIC POWER" />
<Entity id="59" startPos="7103" endPos="7122" type="organization" surface="MITSUBISHI ELECTRIC" />
<Entity id="60" startPos="7124" endPos="7152" type="organization" surface="SUMITOMO ELECTRIC INDUSTRIES" />
<Entity id="61" startPos="7154" endPos="7161" type="organization" surface="TOSHIBA" />
<Entity id="62" startPos="7166" endPos="7173" type="organization" surface="HITACHI" />
<Entity id="63" startPos="7972" endPos="7988" type="organization" surface="businesswire.com" />
<Entity id="64" startPos="8133" endPos="8146" type="organization" surface="Business Wire" /></Entities><Relations>
<Relation id="65" NAME="CompanyProvidesProduct">
<Entity id="49" label="product" />
<Entity id="48" label="company" />
</Relation>
<Relation id="66" NAME="Identity">
<Entity id="0" label="source" />
<Entity id="64" label="target" />
<Entity id="63" label="target" />
<Entity id="2" label="target" />
</Relation>
<Relation id="67" NAME="Identity">
<Entity id="3" label="source" />
<Entity id="4" label="target" />
<Entity id="24" label="target" />
<Entity id="50" label="target" />
</Relation>
<Relation id="68" NAME="Identity">
<Entity id="5" label="source" />
<Entity id="19" label="target" />
<Entity id="51" label="target" />
</Relation>
<Relation id="69" NAME="Identity">
<Entity id="54" label="source" />
<Entity id="61" label="target" />
</Relation>
<Relation id="70" NAME="identity">
<Entity id="28" label="source" />
<Entity id="37" label="target" />
<Entity id="38" label="target" />
<Entity id="35" label="target" />
<Entity id="32" label="target" />
<Entity id="33" label="target" />
<Entity id="39" label="target" />
</Relation>
<Relation id="71" NAME="identity">
<Entity id="29" label="source" />
<Entity id="44" label="target" />
</Relation>
<Relation id="72" NAME="identity">
<Entity id="43" label="source" />
<Entity id="47" label="target" />
<Entity id="46" label="target" />
<Entity id="45" label="target" />
</Relation>
<Relation id="73" NAME="identity">
<Entity id="55" label="source" />
<Entity id="59" label="target" />
</Relation></Relations>
</Document>
