<?xml version="1.0" encoding="UTF-8"?>
<Document>
<TEXT>Media | By Joan E. Solsman on January 20, 2016 @ 10:10 am Follow @joan_e <NODE id="73" />Getty Images<NODE id="85" /> Related Investor <NODE id="103" />SpringOwl<NODE id="112" /> also advocates replacement of CEO Philippe Dauman and total gutting of <NODE id="184" />Viacom<NODE id="190" /> boardroom An activist investor has added <NODE id="232" />Viacom<NODE id="238" /> to his hit list, and he's seeking nothing less than a complete overhaul of every position of power. A small investor in <NODE id="359" />Viacom<NODE id="365" />, Eric Jackson of New York hedge fund <NODE id="403" />SpringOwl Asset Management<NODE id="429" />, called for the resignations of <NODE id="462" />Viacom<NODE id="468" />'s chairman Sumner Redstone, President and CEO Philippe Dauman and the entirety of <NODE id="551" />Viacom<NODE id="557" />'s board, in a 99-slide presentation Tuesday. He also advocated for the <NODE id="629" />entertainment giant<NODE id="648" /> to push into digital subscription channels, cut $400 million in operating costs, investigate a merger with cable rival <NODE id="768" />AMC Networks<NODE id="780" /> and consider alternatives for movie studio <NODE id="824" />Paramount<NODE id="833" />, be that a partnership with the likes of <NODE id="875" />Amazon<NODE id="881" /> or <NODE id="885" />Alibaba<NODE id="892" /> or an outright sale of the <NODE id="920" />studio<NODE id="926" />. Also Read: <NODE id="939" />CBS<NODE id="942" />, <NODE id="944" />Viacom<NODE id="950" /> Accused of Hiding Sumner Redstone's 'Incapacity' in Lawsuit <NODE id="1011" />Viacom<NODE id="1017" /> said in a statement that <NODE id="1043" />its<NODE id="1046" /> board and management team are completely focused on delivering long-term value to shareholders. <NODE id="1143" />We<NODE id="1145" /> are encouraged by the growth in <NODE id="1178" />our<NODE id="1181" /> strong international business, the ratings upswings at most of <NODE id="1245" />our<NODE id="1248" /> networks, <NODE id="1259" />Paramount<NODE id="1268" />'s strong start in 2016, <NODE id="1293" />our<NODE id="1296" /> leadership position in advertising technology and other positive recent developments, the <NODE id="1387" />company<NODE id="1394" /> said. Also Read: <NODE id="1412" />Viacom<NODE id="1418" />'s Philippe Dauman Calls for 'Decency' About Sumner Redstone's Health Jackson, a small shareholder whose stake is far below the 5 percent level that requires regulatory disclosure, has previously put companies like <NODE id="1633" />Yahoo<NODE id="1638" /> in his crosshairs. Last month, he called for CEO Marissa Mayer's ouster and 9,000 job cuts. Also Read: <NODE id="1742" />Yahoo<NODE id="1747" /> Shareholder Wants CEO Marissa Mayer Ousted, Her Traces Erased However, <NODE id="1819" />Viacom<NODE id="1825" />'s stock structure gives its 92-year-old billionaire chairman, Redstone, majority voting power through his holding company, <NODE id="1949" />National Amusements<NODE id="1968" />. That removes the possibility of an activist like Jackson building a coalition that could ever overcome that concentration of control. Calling Redstone an absent chair for too long, Jackson said that the chairman should step down and that all of <NODE id="2215" />Viacom<NODE id="2221" />'s directors should be replaced with new members who have as much technology experience as media know-how. Jackson specifically proposed another <NODE id="2366" />Viacom<NODE id="2372" /> activist investor, Mario Gabelli, as a director who would increase shareholder perspective on the board, and he applauded previous suggestions from Gabelli, like a combination with <NODE id="2554" />AMC<NODE id="2557" />. Email 13 Gadgets and People to Get Excited About at 2016 CES (Updating Photos) 2016 International Consumer Electronics Show CES K-1 Assistive Devices are 3D-printable, functional, <NODE id="2739" />prosthetic hands<NODE id="2755" /> that are donated to people in need. <NODE id="2792" />3D Systems<NODE id="2802" /> The <NODE id="2807" />Ōura<NODE id="2811" /> smart ring<NODE id="2822" /> is a wellness <NODE id="2837" />computer<NODE id="2845" /> paired with an app designed to help track your sleep and adjust your daily activities to optimize them. <NODE id="2950" />Oura<NODE id="2954" />ring<NODE id="2958" /> Secretive California automaker <NODE id="2990" />Faraday Future<NODE id="3004" /> <NODE id="3005" />unveiled<NODE id="3013" /> <NODE id="3014" />its<NODE id="3017" /> <NODE id="3018" />1,000-horsepower electric concept car<NODE id="3055" /> Monday night. Integrating a partnership with Chinese media firm <NODE id="3120" />LeTV<NODE id="3124" />, it provides a peek at the <NODE id="3152" />company<NODE id="3159" />'s<NODE id="3161" /> first production <NODE id="3179" />vehicle<NODE id="3186" />, set to go on sale in two years. <NODE id="3220" />Faraday Future<NODE id="3234" /> <NODE id="3235" />Cerevo<NODE id="3241" />'s<NODE id="3243" /> <NODE id="3244" />Tipron<NODE id="3250" /> is a cute scooting <NODE id="3270" />robot<NODE id="3275" /> that transforms into an <NODE id="3300" />Internet-connected projector<NODE id="3328" />. <NODE id="3330" />Its<NODE id="3333" /> articulated head and neck allow <NODE id="3366" />it<NODE id="3368" /> to project an 80-inch screen at different heights and angles, and <NODE id="3435" />it<NODE id="3437" /> folds itself to a compact size when your movie is finished. <NODE id="3498" />Cerevo<NODE id="3504" /> Prizm<NODE id="3510" /> is a twist on the music player. A <NODE id="3545" />tool<NODE id="3549" /> you plug into any speaker, <NODE id="3577" />it<NODE id="3579" /> identifies who is in the room, what their music preferences are and the current mood -- and decides what's best to play. <NODE id="3701" />Prizm<NODE id="3706" /> <NODE id="3707" />Sphero<NODE id="3713" />'s<NODE id="3715" /> <NODE id="3716" />BB-8<NODE id="3720" /> is a Stars Wars-inspired <NODE id="3746" />wearable wristband<NODE id="3764" /> <NODE id="3765" />that<NODE id="3769" /> will let you use gestures to control and puppeteer the Force Awakens droid. <NODE id="3846" />Getty Images<NODE id="3858" /> Shaken or stirred? <NODE id="3878" />Somabar<NODE id="3885" /> is a <NODE id="3891" />Wi-Fi connected robotic bartender<NODE id="3924" /> that can make more than 300 different cocktails. <NODE id="3974" />Somabar<NODE id="3981" /> <NODE id="3982" />Seaboard Rise<NODE id="3995" />'s <NODE id="3998" />keyboard<NODE id="4006" /> remodels the portable piano with a soft, sensor-embedded surface that responds to even light touches, and a thin lightweight form that makes it easy to take on the go. <NODE id="4175" />Roli<NODE id="4179" /> Sick of hunting for a <NODE id="4202" />AAA battery<NODE id="4213" /> when your remote goes dead? The <NODE id="4246" />Pilot<NODE id="4251" /> ECO USBCell<NODE id="4263" /> is a <NODE id="4269" />USB plug-in battery<NODE id="4288" /> <NODE id="4289" />that<NODE id="4293" /> fits the standard AA or AAA size. The first <NODE id="4338" />battery<NODE id="4345" /> of <NODE id="4349" />its<NODE id="4352" /> kind on the market, <NODE id="4373" />it<NODE id="4375" /> can plug into virtually any USB port to recharge. <NODE id="4426" />Pilot<NODE id="4431" /> <NODE id="4432" />Sengled<NODE id="4439" /> Voice<NODE id="4445" /> integrates a <NODE id="4459" />microphone<NODE id="4469" />, <NODE id="4471" />speaker<NODE id="4478" /> and <NODE id="4483" />LED bulb<NODE id="4491" />. Owners can control devices via voice commands, and <NODE id="4544" />it<NODE id="4546" /> can enhance home security and safety by detecting the sound of glass breaking or a baby crying. <NODE id="4643" />Sengled<NODE id="4650" /> The <NODE id="4655" />Alcatel<NODE id="4662" /> CareTime<NODE id="4671" /> <NODE id="4672" />kid's smartwatch<NODE id="4688" /> is equipped with <NODE id="4706" />its<NODE id="4709" /> own <NODE id="4714" />SIM card<NODE id="4722" /> for children to call for help with the five pre-set numbers their parents approve and a <NODE id="4811" />GPS tracker<NODE id="4822" /> that allows parents to set safety boundary on Google Map and get alert if their kids exit that area. <NODE id="4924" />Getty Images<NODE id="4936" /> Entourage star Adrian Grenier greeted the audience at the <NODE id="4995" />Dell<NODE id="4999" /> Consumer Press Dinner on Jan. 7 <NODE id="5032" />Getty Images<NODE id="5044" /> <NODE id="5045" />Sony<NODE id="5049" /> President and CEO Kazuo Hirai spoke to members of the media during a press event for CES 2016 at the Mandalay Bay Convention Center in Las Vegas on Jan. 5, 2016 <NODE id="5211" />Getty Images<NODE id="5223" /> President and COO of <NODE id="5245" />Samsung Electronics America<NODE id="5272" /> Tim Baxter spoke to members of the media during a press event for CES 2016 at the Mandalay Bay Convention Center on Jan. 5, 2016 in Las Vegas, Nevada. <NODE id="5424" />Getty Images<NODE id="5436" /> <NODE id="5437" />Sony Electronics<NODE id="5453" /> President and COO Mike Fasulo spoke to members of the media during a press event for CES 2016 at the Mandalay Bay Convention Center on January 5, 2016 in Las Vegas, Nevada. <NODE id="5627" />Getty Images<NODE id="5639" /> <NODE id="5640" />Funimation<NODE id="5650" /> Founder and CEO Gen Fukunaga and COO Mike DuBoise pose with characters as they arrive at the FunimationNow 2016 CES launch party on Jan. 7 <NODE id="5790" />Getty Images<NODE id="5802" /> Nick Cannon (far right) was joined by Alex Hissom, Andrea Wynn, <NODE id="5867" />Wynn Resorts<NODE id="5879" /> Chairman and CEO Steve Wynn for the Encore Player's Club grand opening celebration at <NODE id="5966" />Wynn Las Vegas<NODE id="5980" /> on Jan. 6 during CES. <NODE id="6003" />Getty Images<NODE id="6015" /> Bob Marley's son, Rohan arrives at the House of Marley booth during CES 2016. <NODE id="6094" />Getty Images<NODE id="6106" /> http://twitter.com/share?text=Viacom Faces Activist Call for Sumner Redstone to Resign&amp;via=TheWrap&amp;url=http%3A%2F%2Fwww.thewrap.com%2Fviacom-faces-activist-call-for-sumner-redstone-to-resign%2F&amp;t=Viacom Faces Activist Call for Sumner Redstone to Resign http://www.facebook.com/sharer.php?u=http%3A%2F%2Fwww.thewrap.com%2Fviacom-faces-activist-call-for-sumner-redstone-to-resign%2F&amp;t=Viacom Faces Activist Call for Sumner Redstone to Resign
</TEXT>
<Meta>
<feature featureName="id" featureValue="vico/7f162446-6463-34fa-9832-313407423d2a" />
<feature featureName="source" featureValue="sensor_corpus" />
<feature featureName="lang" featureValue="en" />
<feature featureName="pubDate" featureValue="2016-01-20T22:46:18Z" />
<feature featureName="indexDate" featureValue="2016-07-13T11:23:16.786Z" />
<feature featureName="uri" featureValue="http://www.thewrap.com/viacom-faces-activist-call-for-sumner-redstone-to-resign/" />
<feature featureName="solrEventType" featureValue="None" /></Meta><Entities>
<Entity id="0" startPos="73" endPos="85" type="organization" surface="Getty Images" />
<Entity id="1" startPos="103" endPos="112" type="organization" surface="SpringOwl" />
<Entity id="2" startPos="184" endPos="190" type="organization" surface="Viacom" />
<Entity id="3" startPos="232" endPos="238" type="organization" surface="Viacom" />
<Entity id="4" startPos="359" endPos="365" type="organization" surface="Viacom" />
<Entity id="5" startPos="403" endPos="429" type="organization" surface="SpringOwl Asset Management" />
<Entity id="6" startPos="462" endPos="468" type="organization" surface="Viacom" />
<Entity id="7" startPos="551" endPos="557" type="organization" surface="Viacom" />
<Entity id="8" startPos="629" endPos="648" type="organization" surface="entertainment giant" />
<Entity id="9" startPos="768" endPos="780" type="organization" surface="AMC Networks" />
<Entity id="10" startPos="824" endPos="833" type="organization" surface="Paramount" />
<Entity id="11" startPos="875" endPos="881" type="organization" surface="Amazon" />
<Entity id="12" startPos="885" endPos="892" type="organization" surface="Alibaba" />
<Entity id="13" startPos="920" endPos="926" type="organization" surface="studio" />
<Entity id="14" startPos="939" endPos="942" type="organization" surface="CBS" />
<Entity id="15" startPos="944" endPos="950" type="organization" surface="Viacom" />
<Entity id="16" startPos="1011" endPos="1017" type="organization" surface="Viacom" />
<Entity id="17" startPos="1043" endPos="1046" type="organization" surface="its" />
<Entity id="18" startPos="1143" endPos="1145" type="organization" surface="We" />
<Entity id="19" startPos="1178" endPos="1181" type="organization" surface="our" />
<Entity id="20" startPos="1245" endPos="1248" type="organization" surface="our" />
<Entity id="21" startPos="1259" endPos="1268" type="organization" surface="Paramount" />
<Entity id="22" startPos="1293" endPos="1296" type="organization" surface="our" />
<Entity id="23" startPos="1387" endPos="1394" type="organization" surface="company" />
<Entity id="24" startPos="1412" endPos="1418" type="organization" surface="Viacom" />
<Entity id="25" startPos="1633" endPos="1638" type="organization" surface="Yahoo" />
<Entity id="26" startPos="1742" endPos="1747" type="organization" surface="Yahoo" />
<Entity id="27" startPos="1819" endPos="1825" type="organization" surface="Viacom" />
<Entity id="28" startPos="1949" endPos="1968" type="organization" surface="National Amusements" />
<Entity id="29" startPos="2215" endPos="2221" type="organization" surface="Viacom" />
<Entity id="30" startPos="2366" endPos="2372" type="organization" surface="Viacom" />
<Entity id="31" startPos="2554" endPos="2557" type="organization" surface="AMC" />
<Entity id="32" startPos="2739" endPos="2755" type="product" surface="prosthetic hands" />
<Entity id="33" startPos="2792" endPos="2802" type="organization" surface="3D Systems" />
<Entity id="34" startPos="2807" endPos="2811" type="organization" surface="Ōura" />
<Entity id="35" startPos="2807" endPos="2822" type="product" surface="Ōura smart ring" />
<Entity id="36" startPos="2837" endPos="2845" type="product" surface="computer" />
<Entity id="37" startPos="2950" endPos="2954" type="organization" surface="Oura" />
<Entity id="38" startPos="2950" endPos="2958" type="product" surface="Ouraring" />
<Entity id="39" startPos="2990" endPos="3004" type="organization" surface="Faraday Future" />
<Entity id="40" startPos="3005" endPos="3013" type="trigger" surface="unveiled" />
<Entity id="41" startPos="3014" endPos="3017" type="organization" surface="its" />
<Entity id="42" startPos="3018" endPos="3055" type="product" surface="1,000-horsepower electric concept car" />
<Entity id="43" startPos="3120" endPos="3124" type="organization" surface="LeTV" />
<Entity id="44" startPos="3152" endPos="3159" type="organization" surface="company" />
<Entity id="45" startPos="3159" endPos="3161" type="trigger" surface="'s" />
<Entity id="46" startPos="3179" endPos="3186" type="product" surface="vehicle" />
<Entity id="47" startPos="3220" endPos="3234" type="organization" surface="Faraday Future" />
<Entity id="48" startPos="3235" endPos="3241" type="organization" surface="Cerevo" />
<Entity id="49" startPos="3241" endPos="3243" type="trigger" surface="'s" />
<Entity id="50" startPos="3244" endPos="3250" type="product" surface="Tipron" />
<Entity id="51" startPos="3270" endPos="3275" type="product" surface="robot" />
<Entity id="52" startPos="3300" endPos="3328" type="product" surface="Internet-connected projector" />
<Entity id="53" startPos="3330" endPos="3333" type="product" surface="Its" />
<Entity id="54" startPos="3366" endPos="3368" type="product" surface="it" />
<Entity id="55" startPos="3435" endPos="3437" type="product" surface="it" />
<Entity id="56" startPos="3498" endPos="3504" type="organization" surface="Cerevo" />
<Entity id="57" startPos="3498" endPos="3510" type="product" surface="Cerevo Prizm" />
<Entity id="58" startPos="3545" endPos="3549" type="product" surface="tool" />
<Entity id="59" startPos="3577" endPos="3579" type="product" surface="it" />
<Entity id="60" startPos="3701" endPos="3706" type="product" surface="Prizm" />
<Entity id="61" startPos="3707" endPos="3713" type="organization" surface="Sphero" />
<Entity id="62" startPos="3713" endPos="3715" type="trigger" surface="'s" />
<Entity id="63" startPos="3716" endPos="3720" type="product" surface="BB-8" />
<Entity id="64" startPos="3746" endPos="3764" type="product" surface="wearable wristband" />
<Entity id="65" startPos="3765" endPos="3769" type="product" surface="that" />
<Entity id="66" startPos="3846" endPos="3858" type="organization" surface="Getty Images" />
<Entity id="67" startPos="3878" endPos="3885" type="product" surface="Somabar" />
<Entity id="68" startPos="3891" endPos="3924" type="product" surface="Wi-Fi connected robotic bartender" />
<Entity id="69" startPos="3974" endPos="3981" type="product" surface="Somabar" />
<Entity id="70" startPos="3982" endPos="3995" type="product" surface="Seaboard Rise" />
<Entity id="71" startPos="3998" endPos="4006" type="product" surface="keyboard" />
<Entity id="72" startPos="4175" endPos="4179" type="organization" surface="Roli" />
<Entity id="73" startPos="4202" endPos="4213" type="product" surface="AAA battery" />
<Entity id="74" startPos="4246" endPos="4251" type="organization" surface="Pilot" />
<Entity id="75" startPos="4246" endPos="4263" type="product" surface="Pilot ECO USBCell" />
<Entity id="76" startPos="4269" endPos="4288" type="product" surface="USB plug-in battery" />
<Entity id="77" startPos="4289" endPos="4293" type="product" surface="that" />
<Entity id="78" startPos="4338" endPos="4345" type="product" surface="battery" />
<Entity id="79" startPos="4349" endPos="4352" type="product" surface="its" />
<Entity id="80" startPos="4373" endPos="4375" type="product" surface="it" />
<Entity id="81" startPos="4426" endPos="4431" type="organization" surface="Pilot" />
<Entity id="82" startPos="4432" endPos="4439" type="organization" surface="Sengled" />
<Entity id="83" startPos="4432" endPos="4445" type="product" surface="Sengled Voice" />
<Entity id="84" startPos="4459" endPos="4469" type="product" surface="microphone" />
<Entity id="85" startPos="4471" endPos="4478" type="product" surface="speaker" />
<Entity id="86" startPos="4483" endPos="4491" type="product" surface="LED bulb" />
<Entity id="87" startPos="4544" endPos="4546" type="product" surface="it" />
<Entity id="88" startPos="4643" endPos="4650" type="organization" surface="Sengled" />
<Entity id="89" startPos="4655" endPos="4662" type="organization" surface="Alcatel" />
<Entity id="90" startPos="4655" endPos="4671" type="product" surface="Alcatel CareTime" />
<Entity id="91" startPos="4672" endPos="4688" type="product" surface="kid's smartwatch" />
<Entity id="92" startPos="4706" endPos="4709" type="product" surface="its" />
<Entity id="93" startPos="4714" endPos="4722" type="product" surface="SIM card" />
<Entity id="94" startPos="4811" endPos="4822" type="product" surface="GPS tracker" />
<Entity id="95" startPos="4924" endPos="4936" type="organization" surface="Getty Images" />
<Entity id="96" startPos="4995" endPos="4999" type="organization" surface="Dell" />
<Entity id="97" startPos="5032" endPos="5044" type="organization" surface="Getty Images" />
<Entity id="98" startPos="5045" endPos="5049" type="organization" surface="Sony" />
<Entity id="99" startPos="5211" endPos="5223" type="organization" surface="Getty Images" />
<Entity id="100" startPos="5245" endPos="5272" type="organization" surface="Samsung Electronics America" />
<Entity id="101" startPos="5424" endPos="5436" type="organization" surface="Getty Images" />
<Entity id="102" startPos="5437" endPos="5453" type="organization" surface="Sony Electronics" />
<Entity id="103" startPos="5627" endPos="5639" type="organization" surface="Getty Images" />
<Entity id="104" startPos="5640" endPos="5650" type="organization" surface="Funimation" />
<Entity id="105" startPos="5790" endPos="5802" type="organization" surface="Getty Images" />
<Entity id="106" startPos="5867" endPos="5879" type="organization" surface="Wynn Resorts" />
<Entity id="107" startPos="5966" endPos="5980" type="organization" surface="Wynn Las Vegas" />
<Entity id="108" startPos="6003" endPos="6015" type="organization" surface="Getty Images" />
<Entity id="109" startPos="6094" endPos="6106" type="organization" surface="Getty Images" /></Entities><Relations>
<Relation id="110" NAME="CompanyProvidesProduct">
<Entity id="35" label="product" />
<Entity id="34" label="company" />
</Relation>
<Relation id="111" NAME="CompanyProvidesProduct">
<Entity id="38" label="product" />
<Entity id="37" label="organization" />
</Relation>
<Relation id="112" NAME="CompanyProvidesProduct">
<Entity id="42" label="product" />
<Entity id="39" label="company" />
<Entity id="40" label="trigger" />
</Relation>
<Relation id="113" NAME="CompanyProvidesProduct">
<Entity id="42" label="product" />
<Entity id="41" label="company" />
</Relation>
<Relation id="114" NAME="CompanyProvidesProduct">
<Entity id="46" label="product" />
<Entity id="44" label="company" />
<Entity id="45" label="trigger" />
</Relation>
<Relation id="115" NAME="CompanyProvidesProduct">
<Entity id="50" label="product" />
<Entity id="48" label="company" />
<Entity id="49" label="trigger" />
</Relation>
<Relation id="116" NAME="CompanyProvidesProduct">
<Entity id="57" label="product" />
<Entity id="56" label="company" />
</Relation>
<Relation id="117" NAME="CompanyProvidesProduct">
<Entity id="63" label="product" />
<Entity id="61" label="company" />
<Entity id="62" label="trigger" />
</Relation>
<Relation id="118" NAME="CompanyProvidesProduct">
<Entity id="75" label="product" />
<Entity id="74" label="company" />
</Relation>
<Relation id="119" NAME="CompanyProvidesProduct">
<Entity id="83" label="product" />
<Entity id="82" label="company" />
</Relation>
<Relation id="120" NAME="CompanyProvidesProduct">
<Entity id="90" label="product" />
<Entity id="89" label="company" />
</Relation>
<Relation id="121" NAME="identity">
<Entity id="0" label="source" />
<Entity id="103" label="target" />
<Entity id="101" label="target" />
<Entity id="95" label="target" />
<Entity id="66" label="target" />
<Entity id="99" label="target" />
<Entity id="105" label="target" />
<Entity id="108" label="target" />
<Entity id="97" label="target" />
<Entity id="109" label="target" />
</Relation>
<Relation id="122" NAME="identity">
<Entity id="1" label="source" />
<Entity id="5" label="target" />
</Relation>
<Relation id="123" NAME="identity">
<Entity id="2" label="source" />
<Entity id="3" label="target" />
<Entity id="15" label="target" />
<Entity id="17" label="target" />
<Entity id="6" label="target" />
<Entity id="24" label="target" />
<Entity id="8" label="target" />
<Entity id="29" label="target" />
<Entity id="16" label="target" />
<Entity id="19" label="target" />
<Entity id="30" label="target" />
<Entity id="22" label="target" />
<Entity id="18" label="target" />
<Entity id="23" label="target" />
<Entity id="27" label="target" />
<Entity id="7" label="target" />
<Entity id="20" label="target" />
<Entity id="4" label="target" />
</Relation>
<Relation id="124" NAME="identity">
<Entity id="9" label="source" />
<Entity id="31" label="target" />
</Relation>
<Relation id="125" NAME="identity">
<Entity id="10" label="source" />
<Entity id="13" label="target" />
</Relation>
<Relation id="126" NAME="identity">
<Entity id="34" label="source" />
<Entity id="37" label="target" />
</Relation>
<Relation id="127" NAME="identity">
<Entity id="35" label="source" />
<Entity id="38" label="target" />
</Relation>
<Relation id="128" NAME="identity">
<Entity id="39" label="source" />
<Entity id="47" label="target" />
<Entity id="44" label="target" />
<Entity id="41" label="target" />
</Relation>
<Relation id="129" NAME="identity">
<Entity id="42" label="source" />
<Entity id="46" label="target" />
</Relation>
<Relation id="130" NAME="identity">
<Entity id="48" label="source" />
<Entity id="56" label="target" />
</Relation>
<Relation id="131" NAME="identity">
<Entity id="50" label="source" />
<Entity id="52" label="target" />
<Entity id="54" label="target" />
<Entity id="53" label="target" />
<Entity id="55" label="target" />
<Entity id="51" label="target" />
</Relation>
<Relation id="132" NAME="identity">
<Entity id="57" label="source" />
<Entity id="60" label="target" />
<Entity id="59" label="target" />
<Entity id="58" label="target" />
</Relation>
<Relation id="133" NAME="identity">
<Entity id="63" label="source" />
<Entity id="65" label="target" />
<Entity id="64" label="target" />
</Relation>
<Relation id="134" NAME="identity">
<Entity id="74" label="source" />
<Entity id="81" label="target" />
</Relation>
<Relation id="135" NAME="identity">
<Entity id="75" label="source" />
<Entity id="77" label="target" />
<Entity id="78" label="target" />
<Entity id="76" label="target" />
<Entity id="80" label="target" />
</Relation>
<Relation id="136" NAME="identity">
<Entity id="83" label="source" />
<Entity id="87" label="target" />
</Relation>
<Relation id="137" NAME="identity">
<Entity id="82" label="source" />
<Entity id="88" label="target" />
</Relation>
<Relation id="138" NAME="identity">
<Entity id="90" label="source" />
<Entity id="92" label="target" />
<Entity id="91" label="target" />
</Relation></Relations>
</Document>
