<?xml version="1.0" encoding="UTF-8"?>
<Document>
<TEXT>Featured Company <NODE id="17" />Aflac<NODE id="22" /> Recognized for Technology Excellence and Leadership <NODE id="75" />PR Newswire<NODE id="86" /> Monday, January 25th 2016 Company Receives Two Top Honors from <NODE id="150" />IDG Enterprise<NODE id="164" />/<NODE id="165" />Computerworld<NODE id="178" /> COLUMBUS, Ga. , Jan. 25, 2016 /<NODE id="210" />PRNewswire<NODE id="220" />/ -- <NODE id="225" />Aflac<NODE id="230" />, the leading <NODE id="244" />provider<NODE id="252" /> of <NODE id="256" />voluntary insurance<NODE id="275" /> at the work site in the United States , announced today that the company has received <NODE id="362" />IDG Enterprise<NODE id="376" />'s 2016 <NODE id="384" />Digital Edge<NODE id="396" /> 25 Award for <NODE id="410" />its<NODE id="413" /> innovative <NODE id="425" />One Day Pay S M<NODE id="440" /> <NODE id="441" />initiative<NODE id="451" />. With <NODE id="458" />One Day Pay S M<NODE id="473" /> , when an eligible claim is submitted via <NODE id="516" />SmartClaim<NODE id="526" /> by 3 p.m. ET , Monday-Friday, with all supporting documentation, <NODE id="592" />Aflac<NODE id="597" /> processes, approves and disburses payment for the claim within one business day. This marks the second consecutive year <NODE id="718" />Aflac<NODE id="723" /> has received the Digital Edge 25 Award. In addition, <NODE id="777" />IDG Enterprise<NODE id="791" /> has awarded Julia Davis , <NODE id="818" />Aflac<NODE id="823" /> senior vice president and chief information officer, with the 2016 <NODE id="891" />Computerworld<NODE id="904" /> Premier 100 Technology Leaders Award. She was recognized for her exceptional technology leadership and innovative approach in helping lead to the success of <NODE id="1062" />Aflac<NODE id="1067" />'s<NODE id="1069" /> groundbreaking <NODE id="1085" />One Day PaySM<NODE id="1098" /> <NODE id="1099" />initiative<NODE id="1109" />, fostering collaboration between several key departments and ensuring <NODE id="1180" />Aflac<NODE id="1185" />'s position as the leading <NODE id="1212" />provider<NODE id="1220" /> of <NODE id="1224" />voluntary insurance<NODE id="1243" /> at the work site in the United States . <NODE id="1284" />We<NODE id="1286" /> are extremely pleased that <NODE id="1314" />IDG Enterprise<NODE id="1328" /> has honored <NODE id="1341" />Aflac<NODE id="1346" />, and we are so proud of Julia for her diligence and leadership, <NODE id="1411" />Aflac U.S.<NODE id="1421" /> President Teresa White said. The strides we achieved through <NODE id="1483" />our<NODE id="1486" /> <NODE id="1487" />One Day Pay<NODE id="1498" /> <NODE id="1499" />initiative<NODE id="1509" /> have helped <NODE id="1522" />us<NODE id="1524" /> make our already fast claims payment process even faster so <NODE id="1585" />our<NODE id="1588" /> policyholders can focus on recovery, not their bills. The 2016 <NODE id="1652" />Digital Edge<NODE id="1664" /> 25 Award recognizes 25 organizations for their advances toward digital transformation initiatives, and the 2016 <NODE id="1777" />Computerworld<NODE id="1790" /> Premier 100 Technology Leaders Award honors personal leadership excellence among senior IT executives. The Digital Edge awards were extremely competitive this year given the volume of innovative entries with measurable business impact, said Anne McCrory , vice president of Marketing and Content Strategy for the <NODE id="2104" />IDG Enterprise<NODE id="2118" /> events team. In both the B2B and B2C space, organizations are doing incredible things with <NODE id="2210" />data<NODE id="2214" />, <NODE id="2216" />mobile<NODE id="2222" />, <NODE id="2224" />cloud<NODE id="2229" /> and <NODE id="2234" />sensors<NODE id="2241" /> and showing great progress in scaling their digital efforts. About <NODE id="2309" />IDG Enterprise<NODE id="2323" /> <NODE id="2324" />IDG Enterprise<NODE id="2338" />, an <NODE id="2343" />International Data Group<NODE id="2367" /> (<NODE id="2369" />IDG<NODE id="2372" />) company, brings together the leading editorial brands (<NODE id="2429" />CIO<NODE id="2432" />, <NODE id="2434" />Computerworld<NODE id="2447" />, <NODE id="2449" />CSO<NODE id="2452" />, <NODE id="2454" />InfoWorld<NODE id="2463" />, <NODE id="2465" />ITworld<NODE id="2472" /> and <NODE id="2477" />Network World<NODE id="2490" />) to serve the information needs of its technology and security-focused audiences. As the premier hi-tech B2B media company, they leverage the strengths of their premium owned and operated brands, while simultaneously harnessing their collective reach and audience affinity. The company provides market leadership and converged marketing solutions for their customers to engage IT and security decision-makers across their portfolio of award-winning websites, events, magazines, products and services. For more information, visit www.idgenterprise.com . About <NODE id="3050" />Aflac<NODE id="3055" /> When a policyholder gets sick or hurt, <NODE id="3095" />Aflac<NODE id="3100" /> pays cash benefits fast. For nearly six decades, <NODE id="3150" />Aflac<NODE id="3155" /> insurance policies<NODE id="3174" /> have given policyholders the opportunity to focus on recovery, not financial stress. In the United States , <NODE id="3283" />Aflac<NODE id="3288" /> is the leading <NODE id="3304" />provider<NODE id="3312" /> of <NODE id="3316" />voluntary insurance<NODE id="3335" /> at the work site. Through <NODE id="3362" />its<NODE id="3365" /> trailblazing <NODE id="3379" />One Day PaySM<NODE id="3392" /> <NODE id="3393" />initiative<NODE id="3403" />, <NODE id="3405" />Aflac U.S.<NODE id="3415" /> can receive, process, approve and disburse payment for eligible claims in one business day. In Japan , <NODE id="3519" />Aflac<NODE id="3524" /> is a leading provider of medical and cancer insurance and insures 1 in 4 households. <NODE id="3610" />Aflac<NODE id="3615" /> individual and group insurance products<NODE id="3655" /> help provide protection to more than 50 million people worldwide. For nine consecutive years, <NODE id="3750" />Aflac<NODE id="3755" /> has been recognized by <NODE id="3779" />Ethisphere magazine<NODE id="3798" /> as one of the World's Most Ethical Companies. In 2015, <NODE id="3854" />Fortune magazine<NODE id="3870" /> recognized <NODE id="3882" />Aflac<NODE id="3887" /> as one of the 100 Best Companies to Work For in America for the 17th consecutive year. Also, in 2015, <NODE id="3990" />Fortune magazine<NODE id="4006" /> included <NODE id="4016" />Aflac<NODE id="4021" /> on its list of Most Admired Companies for the 14th time, ranking the company No. 1 in innovation for the <NODE id="4127" />insurance<NODE id="4136" />, life and health category. <NODE id="4164" />Aflac Incorporated<NODE id="4182" /> is a <NODE id="4188" />Fortune<NODE id="4195" /> 500 company listed on the <NODE id="4222" />New York Stock Exchange<NODE id="4245" /> under the symbol <NODE id="4263" />AFL<NODE id="4266" />. To find out more about <NODE id="4291" />Aflac<NODE id="4296" /> and <NODE id="4301" />One Day PaySM<NODE id="4314" />, visit aflac.com or espanol.aflac.com.
</TEXT>
<Meta>
<feature featureName="id" featureValue="vico/15173f7b-022a-3faa-b445-0f2c3c9f5ad6" />
<feature featureName="source" featureValue="sensor_corpus" />
<feature featureName="lang" featureValue="en" />
<feature featureName="pubDate" featureValue="2016-01-25T16:40:33Z" />
<feature featureName="indexDate" featureValue="2016-07-13T10:43:15.8Z" />
<feature featureName="uri" featureValue="http://www.virtual-strategy.com/2016/01/25/aflac-recognized-technology-excellence-and-leadership" />
<feature featureName="solrEventType" featureValue="None" /></Meta><Entities>
<Entity id="0" startPos="17" endPos="22" type="organization" surface="Aflac" />
<Entity id="1" startPos="75" endPos="86" type="organization" surface="PR Newswire" />
<Entity id="2" startPos="150" endPos="164" type="organization" surface="IDG Enterprise" />
<Entity id="3" startPos="165" endPos="178" type="organization" surface="Computerworld" />
<Entity id="4" startPos="210" endPos="220" type="organization" surface="PRNewswire" />
<Entity id="5" startPos="225" endPos="230" type="organization" surface="Aflac" />
<Entity id="6" startPos="244" endPos="252" type="trigger" surface="provider" />
<Entity id="7" startPos="256" endPos="275" type="product" surface="voluntary insurance" />
<Entity id="8" startPos="362" endPos="376" type="organization" surface="IDG Enterprise" />
<Entity id="9" startPos="384" endPos="396" type="organization" surface="Digital Edge" />
<Entity id="10" startPos="410" endPos="413" type="organization" surface="its" />
<Entity id="11" startPos="425" endPos="440" type="product" surface="One Day Pay S M" />
<Entity id="12" startPos="441" endPos="451" type="trigger" surface="initiative" />
<Entity id="13" startPos="458" endPos="473" type="product" surface="One Day Pay S M" />
<Entity id="14" startPos="516" endPos="526" type="product" surface="SmartClaim" />
<Entity id="15" startPos="592" endPos="597" type="organization" surface="Aflac" />
<Entity id="16" startPos="718" endPos="723" type="organization" surface="Aflac" />
<Entity id="17" startPos="777" endPos="791" type="organization" surface="IDG Enterprise" />
<Entity id="18" startPos="818" endPos="823" type="organization" surface="Aflac" />
<Entity id="19" startPos="891" endPos="904" type="organization" surface="Computerworld" />
<Entity id="20" startPos="1062" endPos="1067" type="organization" surface="Aflac" />
<Entity id="21" startPos="1067" endPos="1069" type="trigger" surface="'s" />
<Entity id="22" startPos="1085" endPos="1098" type="product" surface="One Day PaySM" />
<Entity id="23" startPos="1099" endPos="1109" type="trigger" surface="initiative" />
<Entity id="24" startPos="1180" endPos="1185" type="organization" surface="Aflac" />
<Entity id="25" startPos="1212" endPos="1220" type="trigger" surface="provider" />
<Entity id="26" startPos="1224" endPos="1243" type="product" surface="voluntary insurance" />
<Entity id="27" startPos="1284" endPos="1286" type="organization" surface="We" />
<Entity id="28" startPos="1314" endPos="1328" type="organization" surface="IDG Enterprise" />
<Entity id="29" startPos="1341" endPos="1346" type="organization" surface="Aflac" />
<Entity id="30" startPos="1411" endPos="1421" type="organization" surface="Aflac U.S." />
<Entity id="31" startPos="1483" endPos="1486" type="organization" surface="our" />
<Entity id="32" startPos="1487" endPos="1498" type="product" surface="One Day Pay" />
<Entity id="33" startPos="1499" endPos="1509" type="trigger" surface="initiative" />
<Entity id="34" startPos="1522" endPos="1524" type="organization" surface="us" />
<Entity id="35" startPos="1585" endPos="1588" type="organization" surface="our" />
<Entity id="36" startPos="1652" endPos="1664" type="organization" surface="Digital Edge" />
<Entity id="37" startPos="1777" endPos="1790" type="organization" surface="Computerworld" />
<Entity id="38" startPos="2104" endPos="2118" type="organization" surface="IDG Enterprise" />
<Entity id="39" startPos="2210" endPos="2214" type="product" surface="data" />
<Entity id="40" startPos="2216" endPos="2222" type="product" surface="mobile" />
<Entity id="41" startPos="2224" endPos="2229" type="product" surface="cloud" />
<Entity id="42" startPos="2234" endPos="2241" type="product" surface="sensors" />
<Entity id="43" startPos="2309" endPos="2323" type="organization" surface="IDG Enterprise" />
<Entity id="44" startPos="2324" endPos="2338" type="organization" surface="IDG Enterprise" />
<Entity id="45" startPos="2343" endPos="2367" type="organization" surface="International Data Group" />
<Entity id="46" startPos="2369" endPos="2372" type="organization" surface="IDG" />
<Entity id="47" startPos="2429" endPos="2432" type="organization" surface="CIO" />
<Entity id="48" startPos="2434" endPos="2447" type="organization" surface="Computerworld" />
<Entity id="49" startPos="2449" endPos="2452" type="organization" surface="CSO" />
<Entity id="50" startPos="2454" endPos="2463" type="organization" surface="InfoWorld" />
<Entity id="51" startPos="2465" endPos="2472" type="organization" surface="ITworld" />
<Entity id="52" startPos="2477" endPos="2490" type="organization" surface="Network World" />
<Entity id="53" startPos="3050" endPos="3055" type="organization" surface="Aflac" />
<Entity id="54" startPos="3095" endPos="3100" type="organization" surface="Aflac" />
<Entity id="55" startPos="3150" endPos="3155" type="organization" surface="Aflac" />
<Entity id="56" startPos="3150" endPos="3174" type="product" surface="Aflac insurance policies" />
<Entity id="57" startPos="3283" endPos="3288" type="organization" surface="Aflac" />
<Entity id="58" startPos="3304" endPos="3312" type="trigger" surface="provider" />
<Entity id="59" startPos="3316" endPos="3335" type="product" surface="voluntary insurance" />
<Entity id="60" startPos="3362" endPos="3365" type="organization" surface="its" />
<Entity id="61" startPos="3379" endPos="3392" type="product" surface="One Day PaySM" />
<Entity id="62" startPos="3393" endPos="3403" type="trigger" surface="initiative" />
<Entity id="63" startPos="3405" endPos="3415" type="organization" surface="Aflac U.S." />
<Entity id="64" startPos="3519" endPos="3524" type="organization" surface="Aflac" />
<Entity id="65" startPos="3610" endPos="3615" type="organization" surface="Aflac" />
<Entity id="66" startPos="3610" endPos="3655" type="product" surface="Aflac individual and group insurance products" />
<Entity id="67" startPos="3750" endPos="3755" type="organization" surface="Aflac" />
<Entity id="68" startPos="3779" endPos="3798" type="organization" surface="Ethisphere magazine" />
<Entity id="69" startPos="3854" endPos="3870" type="organization" surface="Fortune magazine" />
<Entity id="70" startPos="3882" endPos="3887" type="organization" surface="Aflac" />
<Entity id="71" startPos="3990" endPos="4006" type="organization" surface="Fortune magazine" />
<Entity id="72" startPos="4016" endPos="4021" type="organization" surface="Aflac" />
<Entity id="73" startPos="4127" endPos="4136" type="product" surface="insurance" />
<Entity id="74" startPos="4164" endPos="4182" type="organization" surface="Aflac Incorporated" />
<Entity id="75" startPos="4188" endPos="4195" type="organization" surface="Fortune" />
<Entity id="76" startPos="4222" endPos="4245" type="organization" surface="New York Stock Exchange" />
<Entity id="77" startPos="4263" endPos="4266" type="organization" surface="AFL" />
<Entity id="78" startPos="4291" endPos="4296" type="organization" surface="Aflac" />
<Entity id="79" startPos="4301" endPos="4314" type="product" surface="One Day PaySM" /></Entities><Relations>
<Relation id="80" NAME="CompanyProvidesProduct">
<Entity id="11" label="product" />
<Entity id="10" label="company" />
<Entity id="12" label="trigger" />
</Relation>
<Relation id="81" NAME="CompanyProvidesProduct">
<Entity id="22" label="product" />
<Entity id="20" label="company" />
<Entity id="23" label="trigger" />
<Entity id="21" label="trigger" />
</Relation>
<Relation id="82" NAME="CompanyProvidesProduct">
<Entity id="32" label="product" />
<Entity id="31" label="company" />
<Entity id="33" label="trigger" />
</Relation>
<Relation id="83" NAME="CompanyProvidesProduct">
<Entity id="61" label="product" />
<Entity id="60" label="company" />
<Entity id="62" label="trigger" />
</Relation>
<Relation id="84" NAME="company_provides_product">
<Entity id="7" label="product" />
<Entity id="5" label="company" />
<Entity id="6" label="trigger" />
</Relation>
<Relation id="85" NAME="company_provides_product">
<Entity id="26" label="product" />
<Entity id="24" label="company" />
<Entity id="25" label="trigger" />
</Relation>
<Relation id="86" NAME="company_provides_product">
<Entity id="56" label="product" />
<Entity id="55" label="company" />
</Relation>
<Relation id="87" NAME="company_provides_product">
<Entity id="59" label="product" />
<Entity id="57" label="company" />
<Entity id="58" label="trigger" />
</Relation>
<Relation id="88" NAME="company_provides_product">
<Entity id="66" label="product" />
<Entity id="65" label="company" />
</Relation>
<Relation id="89" NAME="identity">
<Entity id="0" label="source" />
<Entity id="24" label="target" />
<Entity id="72" label="target" />
<Entity id="27" label="target" />
<Entity id="30" label="target" />
<Entity id="70" label="target" />
<Entity id="78" label="target" />
<Entity id="18" label="target" />
<Entity id="74" label="target" />
<Entity id="35" label="target" />
<Entity id="65" label="target" />
<Entity id="15" label="target" />
<Entity id="54" label="target" />
<Entity id="63" label="target" />
<Entity id="20" label="target" />
<Entity id="77" label="target" />
<Entity id="5" label="target" />
<Entity id="34" label="target" />
<Entity id="67" label="target" />
<Entity id="31" label="target" />
<Entity id="16" label="target" />
<Entity id="55" label="target" />
<Entity id="29" label="target" />
<Entity id="53" label="target" />
<Entity id="57" label="target" />
<Entity id="60" label="target" />
<Entity id="64" label="target" />
<Entity id="10" label="target" />
</Relation>
<Relation id="90" NAME="identity">
<Entity id="2" label="source" />
<Entity id="43" label="target" />
<Entity id="17" label="target" />
<Entity id="8" label="target" />
<Entity id="44" label="target" />
<Entity id="28" label="target" />
</Relation>
<Relation id="91" NAME="identity">
<Entity id="3" label="source" />
<Entity id="19" label="target" />
<Entity id="37" label="target" />
<Entity id="48" label="target" />
</Relation>
<Relation id="92" NAME="identity">
<Entity id="7" label="source" />
<Entity id="59" label="target" />
<Entity id="56" label="target" />
<Entity id="26" label="target" />
<Entity id="66" label="target" />
<Entity id="73" label="target" />
</Relation>
<Relation id="93" NAME="identity">
<Entity id="9" label="source" />
<Entity id="36" label="target" />
</Relation>
<Relation id="94" NAME="identity">
<Entity id="11" label="source" />
<Entity id="22" label="target" />
<Entity id="13" label="target" />
<Entity id="61" label="target" />
<Entity id="32" label="target" />
<Entity id="79" label="target" />
</Relation>
<Relation id="95" NAME="identity">
<Entity id="45" label="source" />
<Entity id="46" label="target" />
</Relation>
<Relation id="96" NAME="identity">
<Entity id="69" label="source" />
<Entity id="75" label="target" />
<Entity id="71" label="target" />
</Relation></Relations>
</Document>
