<?xml version="1.0" encoding="UTF-8"?>
<Document>
<TEXT>Business <NODE id="9" />Cortus<NODE id="15" /> and <NODE id="20" />Aspen Logic<NODE id="31" /> <NODE id="32" />Offer<NODE id="37" /> Educational <NODE id="50" />Webinar<NODE id="57" /> on Creating ASICs to Enable IoT &amp; M2M Products to Stand Out 03.02.2016 15:31:44 - Registration is open for a live <NODE id="172" />webinar<NODE id="179" /> covering affordable manufacturing, design and intellectual property (IP) for ASICs aimed at outstanding intelligent 'Things'. (<NODE id="307" />live-PR.com<NODE id="318" />) - Montpellier, France and Broomfield, Colorado, 3rd February 2016 – <NODE id="388" />Cortus<NODE id="394" />, a technology <NODE id="409" />leader<NODE id="415" /> in low power, silicon efficient, <NODE id="449" />32-bit processor IP<NODE id="468" />, and <NODE id="474" />Aspen Logic<NODE id="485" />, a <NODE id="489" />provider<NODE id="497" /> of expert <NODE id="508" />logic design<NODE id="520" /> and <NODE id="525" />embedded processing development services<NODE id="565" /> announce an educational <NODE id="590" />webinar<NODE id="597" /> on creating ASICs for IoT &amp; M2M products. The <NODE id="644" />presentation<NODE id="656" /> entitled <NODE id="666" />'Attention IoT Developers: Yes, your Things can stand out!'<NODE id="725" /> will run live at 10:00 a.m. PST/ 6:00 p.m. GMT on Tuesday 16th February 2016. The <NODE id="808" />webinar<NODE id="815" />, with 45 minutes presentation and 15 minutes for Q &amp; A, is aimed at engineers and managers with limited or no ASIC design experience who are developing Things for the Internet in categories such as: smart homes/cities, <NODE id="1035" />intelligent sensors<NODE id="1054" />, <NODE id="1056" />electronic shelf labels<NODE id="1079" /> and <NODE id="1084" />wireless communication devices<NODE id="1114" />. At the Creative Think seminar held in July of 1982, an American computer scientist named Alan Kay offered a simple but very powerful message to the attendees: 'People who are really serious about software should make their own hardware.' Nothing could be truer today in the world of the IoT. However, many IoT developers have little or no experience in ASIC or hardware design, so they make the safe choice and elect to use commercial-off-the-shelf products. What have been their results? Things are created that have little product differentiation from the myriad of other IoT products that are being rushed to market, thus producing disappointing sales. An application-specific integrated circuit (ASIC) can be a reasonably-priced way of adding differentiation whether at the system-level, in analog circuit design or in a digital system. With IoT applications frequently requiring the use or <NODE id="2011" />digital<NODE id="2018" />, <NODE id="2020" />analog<NODE id="2026" />, <NODE id="2028" />RF<NODE id="2030" /> and increasingly <NODE id="2048" />on-chip sensors<NODE id="2063" />, the silicon technologies used must support the mixing of these types of circuit. The good news for IoT designers is that mixed-signal technologies are generally well-proven, low-cost, mature processes that are both affordable and low risk. This <NODE id="2310" />seminar<NODE id="2317" /> examines some of the key steps involved in creating a differentiated <NODE id="2387" />ASIC<NODE id="2391" /> including; What EDA tools are required for developing custom ASICs that support mixed-signal designs? The important decision criteria for evaluating and selecting <NODE id="2555" />processor<NODE id="2564" /> and <NODE id="2569" />system IP cores<NODE id="2584" />. What options are available for ASIC prototyping and production manufacturing? How to implement hardware security features from simple to very complex that will successfully defend IoT ASICs from unwanted attacks. Registration for the <NODE id="2820" />webinar<NODE id="2827" /> is free of charge and is open now. For more information on the <NODE id="2891" />webinar<NODE id="2898" /> and details of how to register, please visit: marketing.cortus.com/acton/media/9762/cortus-iot .. About <NODE id="3003" />Cortus S.A.S.<NODE id="3016" />: <NODE id="3018" />Cortus S.A.S.<NODE id="3031" /> is a technology enabler for rapidly growing applications including Internet of Things (IoT), wearable electronic devices, <NODE id="3154" />smart sensors<NODE id="3167" /> and security. <NODE id="3182" />It<NODE id="3184" /> has <NODE id="3189" />specialised<NODE id="3200" /> in <NODE id="3204" />32-bit processor cores<NODE id="3226" /> which can significantly reduce manufacturing costs while achieving good computational performance and meeting tight power constraints. Integrated circuits containing <NODE id="3393" />Cortus<NODE id="3399" /> cores<NODE id="3405" /> have been manufactured in high volumes for a wide range of applications including automotive, CMOS imaging, <NODE id="3514" />M2M controllers<NODE id="3529" />, IoT edge devices, secure execution, <NODE id="3567" />sensors<NODE id="3574" />, <NODE id="3576" />SIM cards<NODE id="3585" />, <NODE id="3587" />PayTV cards<NODE id="3598" />, smart metering and wireless. To date well over 800 million devices have been manufactured containing <NODE id="3701" />Cortus<NODE id="3707" /> processor cores<NODE id="3723" />. <NODE id="3725" />Cortus<NODE id="3731" />’ headquarters are in Montpellier, France. www.cortus.com <NODE id="3789" />Cortus S.A.S<NODE id="3801" />. Contact: Roddy Urquhart, +44 753 158 7023 roddy.urquhart[at]cortus[dot]com About <NODE id="3884" />Aspen Logic Inc.<NODE id="3900" />: For 24 years, <NODE id="3916" />Aspen Logic<NODE id="3927" /> has <NODE id="3932" />delivered<NODE id="3941" /> <NODE id="3942" />logic verification<NODE id="3960" />, <NODE id="3962" />design<NODE id="3968" /> and <NODE id="3973" />implementation services<NODE id="3996" /> targeting FPGA and ASIC devices to customers around the United States. Companies seeking support come from the defense, medical, industrial and other commercial sectors – frequently with urgent needs because of missed deadlines, departure of key employees or a simple lack of experience navigating complex logic designs. Our logic development experience translates into your success. aspenlogic.com <NODE id="4396" />Aspen Logic, Inc.<NODE id="4413" /> Contact : Tim Davis, +1 303 800 5859 Logic.De sign[at]aspenlogic[dot]com Distributed on behalf of <NODE id="4512" />Cortus S.A.S.<NODE id="4525" /> by <NODE id="4529" />NeonDrum<NODE id="4537" /> <NODE id="4538" />news distribution<NODE id="4555" /> <NODE id="4556" />service<NODE id="4563" /> ( <NODE id="4566" />www.neondrum.com<NODE id="4582" /> ) Kontaktinformation: <NODE id="4605" />Cortus S.A.S.<NODE id="4618" /> and <NODE id="4623" />Aspen Logic Inc.<NODE id="4639" /> Kontakt-Person: E-Mail: e-Mail Autor: Liz Hartney e-mail Web: http://www.neondrum.com Erklärung: Der Autor versichert, dass die veröffentlichten Inhalte in dieser Pressemitteilung der Wahrheit entsprechen und dem gesetzlichen Urheberrechte unterliegen.
</TEXT>
<Meta>
<feature featureName="id" featureValue="vico/086b1884-9090-37a9-ba16-587880805c43" />
<feature featureName="source" featureValue="sensor_corpus" />
<feature featureName="lang" featureValue="en" />
<feature featureName="pubDate" featureValue="2016-02-03T18:50:02Z" />
<feature featureName="indexDate" featureValue="2016-07-13T10:38:30.743Z" />
<feature featureName="uri" featureValue="http://www.live-pr.com/cortus-and-aspen-logic-offer-educational-r1050621000.htm" />
<feature featureName="solrEventType" featureValue="None" /></Meta><Entities>
<Entity id="0" startPos="9" endPos="15" type="organization" surface="Cortus" />
<Entity id="1" startPos="20" endPos="31" type="organization" surface="Aspen Logic" />
<Entity id="2" startPos="32" endPos="37" type="trigger" surface="Offer" />
<Entity id="3" startPos="50" endPos="57" type="product" surface="Webinar" />
<Entity id="4" startPos="172" endPos="179" type="product" surface="webinar" />
<Entity id="5" startPos="307" endPos="318" type="organization" surface="live-PR.com" />
<Entity id="6" startPos="388" endPos="394" type="organization" surface="Cortus" />
<Entity id="7" startPos="409" endPos="415" type="trigger" surface="leader" />
<Entity id="8" startPos="449" endPos="468" type="product" surface="32-bit processor IP" />
<Entity id="9" startPos="474" endPos="485" type="organization" surface="Aspen Logic" />
<Entity id="10" startPos="489" endPos="497" type="trigger" surface="provider" />
<Entity id="11" startPos="508" endPos="520" type="product" surface="logic design" />
<Entity id="12" startPos="525" endPos="565" type="product" surface="embedded processing development services" />
<Entity id="13" startPos="590" endPos="597" type="product" surface="webinar" />
<Entity id="14" startPos="644" endPos="656" type="product" surface="presentation" />
<Entity id="15" startPos="666" endPos="725" type="product" surface="'Attention IoT Developers: Yes, your Things can stand out!'" />
<Entity id="16" startPos="808" endPos="815" type="product" surface="webinar" />
<Entity id="17" startPos="1035" endPos="1054" type="product" surface="intelligent sensors" />
<Entity id="18" startPos="1056" endPos="1079" type="product" surface="electronic shelf labels" />
<Entity id="19" startPos="1084" endPos="1114" type="product" surface="wireless communication devices" />
<Entity id="20" startPos="2011" endPos="2018" type="product" surface="digital" />
<Entity id="21" startPos="2020" endPos="2026" type="product" surface="analog" />
<Entity id="22" startPos="2028" endPos="2030" type="product" surface="RF" />
<Entity id="23" startPos="2048" endPos="2063" type="product" surface="on-chip sensors" />
<Entity id="24" startPos="2310" endPos="2317" type="product" surface="seminar" />
<Entity id="25" startPos="2387" endPos="2391" type="product" surface="ASIC" />
<Entity id="26" startPos="2555" endPos="2564" type="product" surface="processor" />
<Entity id="27" startPos="2569" endPos="2584" type="product" surface="system IP cores" />
<Entity id="28" startPos="2820" endPos="2827" type="product" surface="webinar" />
<Entity id="29" startPos="2891" endPos="2898" type="product" surface="webinar" />
<Entity id="30" startPos="3003" endPos="3016" type="organization" surface="Cortus S.A.S." />
<Entity id="31" startPos="3018" endPos="3031" type="organization" surface="Cortus S.A.S." />
<Entity id="32" startPos="3154" endPos="3167" type="product" surface="smart sensors" />
<Entity id="33" startPos="3182" endPos="3184" type="organization" surface="It" />
<Entity id="34" startPos="3189" endPos="3200" type="trigger" surface="specialised" />
<Entity id="35" startPos="3204" endPos="3226" type="product" surface="32-bit processor cores" />
<Entity id="36" startPos="3393" endPos="3399" type="organization" surface="Cortus" />
<Entity id="37" startPos="3393" endPos="3405" type="product" surface="Cortus cores" />
<Entity id="38" startPos="3514" endPos="3529" type="product" surface="M2M controllers" />
<Entity id="39" startPos="3567" endPos="3574" type="product" surface="sensors" />
<Entity id="40" startPos="3576" endPos="3585" type="product" surface="SIM cards" />
<Entity id="41" startPos="3587" endPos="3598" type="product" surface="PayTV cards" />
<Entity id="42" startPos="3701" endPos="3707" type="organization" surface="Cortus" />
<Entity id="43" startPos="3701" endPos="3723" type="product" surface="Cortus processor cores" />
<Entity id="44" startPos="3725" endPos="3731" type="organization" surface="Cortus" />
<Entity id="45" startPos="3789" endPos="3801" type="organization" surface="Cortus S.A.S" />
<Entity id="46" startPos="3884" endPos="3900" type="organization" surface="Aspen Logic Inc." />
<Entity id="47" startPos="3916" endPos="3927" type="organization" surface="Aspen Logic" />
<Entity id="48" startPos="3932" endPos="3941" type="trigger" surface="delivered" />
<Entity id="49" startPos="3942" endPos="3960" type="product" surface="logic verification" />
<Entity id="50" startPos="3962" endPos="3968" type="product" surface="design" />
<Entity id="51" startPos="3973" endPos="3996" type="product" surface="implementation services" />
<Entity id="52" startPos="4396" endPos="4413" type="organization" surface="Aspen Logic, Inc." />
<Entity id="53" startPos="4512" endPos="4525" type="organization" surface="Cortus S.A.S." />
<Entity id="54" startPos="4529" endPos="4537" type="organization" surface="NeonDrum" />
<Entity id="55" startPos="4538" endPos="4555" type="product" surface="news distribution" />
<Entity id="56" startPos="4556" endPos="4563" type="trigger" surface="service" />
<Entity id="57" startPos="4566" endPos="4582" type="organization" surface="www.neondrum.com" />
<Entity id="58" startPos="4605" endPos="4618" type="organization" surface="Cortus S.A.S." />
<Entity id="59" startPos="4623" endPos="4639" type="organization" surface="Aspen Logic Inc." /></Entities><Relations>
<Relation id="60" NAME="CompanyProvidesProduct">
<Entity id="3" label="product" />
<Entity id="0" label="company" />
<Entity id="2" label="trigger" />
</Relation>
<Relation id="61" NAME="CompanyProvidesProduct">
<Entity id="3" label="product" />
<Entity id="1" label="company" />
<Entity id="2" label="trigger" />
</Relation>
<Relation id="62" NAME="CompanyProvidesProduct">
<Entity id="8" label="product" />
<Entity id="6" label="company" />
<Entity id="7" label="trigger" />
</Relation>
<Relation id="63" NAME="CompanyProvidesProduct">
<Entity id="11" label="product" />
<Entity id="12" label="product" />
<Entity id="9" label="company" />
<Entity id="10" label="trigger" />
</Relation>
<Relation id="64" NAME="CompanyProvidesProduct">
<Entity id="35" label="product" />
<Entity id="33" label="company" />
<Entity id="34" label="trigger" />
</Relation>
<Relation id="65" NAME="CompanyProvidesProduct">
<Entity id="37" label="product" />
<Entity id="36" label="company" />
</Relation>
<Relation id="66" NAME="CompanyProvidesProduct">
<Entity id="43" label="product" />
<Entity id="42" label="company" />
</Relation>
<Relation id="67" NAME="CompanyProvidesProduct">
<Entity id="49" label="product" />
<Entity id="47" label="company" />
<Entity id="48" label="trigger" />
<Entity id="50" label="target" />
<Entity id="51" label="target" />
</Relation>
<Relation id="68" NAME="CompanyProvidesProduct">
<Entity id="55" label="product" />
<Entity id="54" label="company" />
<Entity id="56" label="trigger" />
</Relation>
<Relation id="69" NAME="identity">
<Entity id="0" label="source" />
<Entity id="44" label="target" />
<Entity id="58" label="target" />
<Entity id="6" label="target" />
<Entity id="31" label="target" />
<Entity id="53" label="target" />
<Entity id="42" label="target" />
<Entity id="36" label="target" />
<Entity id="45" label="target" />
<Entity id="30" label="target" />
<Entity id="33" label="target" />
</Relation>
<Relation id="70" NAME="identity">
<Entity id="1" label="source" />
<Entity id="52" label="target" />
<Entity id="9" label="target" />
<Entity id="59" label="target" />
<Entity id="46" label="target" />
<Entity id="47" label="target" />
</Relation>
<Relation id="71" NAME="identity">
<Entity id="3" label="source" />
<Entity id="16" label="target" />
<Entity id="4" label="target" />
<Entity id="28" label="target" />
<Entity id="15" label="target" />
<Entity id="29" label="target" />
<Entity id="13" label="target" />
<Entity id="24" label="target" />
<Entity id="14" label="target" />
</Relation>
<Relation id="72" NAME="identity">
<Entity id="35" label="source" />
<Entity id="37" label="target" />
<Entity id="43" label="target" />
</Relation>
<Relation id="73" NAME="identity">
<Entity id="54" label="source" />
<Entity id="57" label="target" />
</Relation></Relations>
</Document>
