<?xml version="1.0" encoding="UTF-8"?>
<Document>
<TEXT>Click here to close now. By Ian Khan Article Rating: January 22, 2016 12:33 PM EST The Internet of Things is slowly building up its core capabilities to start solving problems that can really benefit from it. Let's talk about the manufacturing vertical and why the Internet of Things may open up doors previously impossible to crack open. The Need for Industrial IoT in Manufacturing I love having conversations that are specific. Although being open and having a 10,000 ft. overview sometimes helps, it's the nitty-gritty of things that makes them more interesting. Manufacturing is one of the founding pillars of any full-grown and stable economy. World economic output through manufacturing alone touches a multiple trillion dollars per year. China holds over 22% of the world's manufacturing capacity. Staggering! The United States follows with over 15% of the world's manufacturing attributed to it. A key vertical, manufacturing drives economies and essentially a large part of the world. You could also say that manufacturing drives all other verticals, as everything produced through manufacturing is used in other industries to produce other outputs. Manufacturing itself depends on manufacturing to exist. Does that make sense? Manufacturing will see a massive transformation through IoT in the coming years. The question may be how? The Internet of Things as we know can take many forms. We have Human to Machine, Machine to Human and then Machine to Machine or M2M. Many experts believe that M2M will be key in enabling better manufacturing processes and helping change the way the industry works. Here are some examples of how it is happening today. According to <NODE id="1676" />PWC Global<NODE id="1686" />, 35% of U.S. manufacturers are currently collecting and using data generated by <NODE id="1767" />smart <NODE id="1773" />sensors<NODE id="1780" /> to enhance manufacturing / operating processes, while 34% believe it is extremely critical that U.S. manufacturers adopt an IoT strategy in their operations. This is very interesting and it makes complete sense for us to now look at really enabling IoT within manufacturing. The benefits are obviously enhancing the manufacturing process from start to end. According to <NODE id="2151" />SAP<NODE id="2154" />, manufacturing will provide end-to-end visibility across the entire production process while connecting your production to your core business processes. This is key because the disconnect between the process and the business is an area that needs improvement. CIO, CTO &amp; Developer Resources Consider the example of a factory that produces a widget and is completely automated through IoT. We can now not only enhance the process of creating widgets by a more intelligent and responsive quality control and manufacturing detail, but also through connecting production with business demand. Production can scale down or scale up based on the orders received in real time. Of course this would connect to many more connected systems such as your ERP and more, which would have to go through their own evolution of supporting an IoT-driven manufacturing plant. Industrial IoT Today In many forms, the Industrial Internet of Things (IIoT) has gone live. As more manufacturing facilities start deploying and utilizing more <NODE id="3172" />networked <NODE id="3182" />sensors<NODE id="3189" />, autonomic communication between devices and systems becomes easier. Contrary to the traditional belief that the Internet of Things will be able to do everything, take over everything, we need to take a few steps back and not confuse Artificial Intelligence with IoT. Some top use cases for the Industrial IoT include <NODE id="3508" />Shell Oil<NODE id="3517" />, <NODE id="3519" />John Deere<NODE id="3529" />, and <NODE id="3535" />Cisco<NODE id="3540" />. Where Next? The path now leads us deeper into putting money into research and creating solutions for the problems all around us. Honestly there is no dearth of problems. Smaller niche providers have more innovative capabilities than the big guys, which are facing other business problems and challenges. The world needs more ideas and solutions for problems than anything else. With applications such as wearables, <NODE id="3957" />sensors<NODE id="3964" /> and devices becoming more prevalent, it may sometimes become difficult to categorize a specific technology, for example, would a wearable be categorized as a wearable or an industrial IoT application if used in industry. There are also issues relating to the security of devices and <NODE id="4248" />sensors<NODE id="4255" /> powered by the Internet of Things. Having a <NODE id="4300" />connected <NODE id="4310" />sensor<NODE id="4316" /> also opens the possibility of being hacked into. What if your next flight, completely powered by IoT, is hacked into mid-flight? What implications would a manufacturing plant have if it gets hacked into and all its IoT devices mal-programmed? What would be the cost of this? These and many other questions are open for debate and for being solved. What is key at this moment are the actual applications of IoT and how it can help us do things in a way never seen before. Published January 22, 2016 Copyright 2016 <NODE id="4830" />SYS-CON Media, Inc.<NODE id="4849" /> - All Rights Reserved. Syndicated stories and blog feeds, all rights reserved by the author. Cloud Expo &amp; DevOps Summit 2015 West KEYNOTES
</TEXT>
<Meta>
<feature featureName="id" featureValue="vico/24975565-9fc6-30cd-9254-317e7a17018c" />
<feature featureName="source" featureValue="sensor_corpus" />
<feature featureName="lang" featureValue="en" />
<feature featureName="pubDate" featureValue="2016-01-22T21:17:14Z" />
<feature featureName="indexDate" featureValue="2016-07-13T10:49:06.068Z" />
<feature featureName="uri" featureValue="http://dotnet.sys-con.com/node/3646051" />
<feature featureName="solrEventType" featureValue="None" /></Meta><Entities>
<Entity id="0" startPos="1676" endPos="1686" type="organization" surface="PWC Global" />
<Entity id="1" startPos="1767" endPos="1780" type="product" surface="smart sensors" />
<Entity id="2" startPos="1773" endPos="1780" type="product" surface="sensors" />
<Entity id="3" startPos="2151" endPos="2154" type="organization" surface="SAP" />
<Entity id="4" startPos="3172" endPos="3189" type="product" surface="networked sensors" />
<Entity id="5" startPos="3182" endPos="3189" type="product" surface="sensors" />
<Entity id="6" startPos="3508" endPos="3517" type="organization" surface="Shell Oil" />
<Entity id="7" startPos="3519" endPos="3529" type="organization" surface="John Deere" />
<Entity id="8" startPos="3535" endPos="3540" type="organization" surface="Cisco" />
<Entity id="9" startPos="3957" endPos="3964" type="product" surface="sensors" />
<Entity id="10" startPos="4248" endPos="4255" type="product" surface="sensors" />
<Entity id="11" startPos="4300" endPos="4316" type="product" surface="connected sensor" />
<Entity id="12" startPos="4310" endPos="4316" type="product" surface="sensor" />
<Entity id="13" startPos="4830" endPos="4849" type="organization" surface="SYS-CON Media, Inc." /></Entities><Relations>
<Relation id="14" NAME="identity">
<Entity id="1" label="source" />
<Entity id="11" label="target" />
<Entity id="4" label="target" />
</Relation>
<Relation id="15" NAME="identity">
<Entity id="2" label="source" />
<Entity id="5" label="target" />
<Entity id="10" label="target" />
<Entity id="12" label="target" />
<Entity id="9" label="target" />
</Relation></Relations>
</Document>
