<?xml version="1.0" encoding="UTF-8"?>
<Document>
<TEXT>The Internet of Things is finding its way into a variety of travel industry businesses. Jet engine monitoring is one example of a range of consumer and back-end uses for the technology. Derin / <NODE id="194" />Flickr<NODE id="200" /> Skift Take: Internet of Things technology is rapidly moving from a dream to practical reality for many brands in the travel industry. But the organizations that are using it tend to have massive scale and deep pockets. — Jeremy Kressman This week, we’re taking a closer look at travel brand spending on the Internet of Things. Once viewed as a pie-in-the-sky idea with few practical applications, the last two to three years have seen rapid adoption of Internet of Things technology across both customer-facing and back-end enterprise sectors of the travel industry. Airlines and airports have been quick adopters, using the technology to track passengers in terminals and monitor maintenance of jet engines. So have theme parks and hotels, which use such tools for everything from monitoring guest traffic flows, to providing personalized content and keyless room entry. How much did travel businesses spend on Internet of Things programs in 2015? And will many smaller brands be able to afford it? Read on below for more details, plus the rest of this week’s headlines. Travel Industry Leads Spending on Internet of Things Initiatives The “Internet of Things” (or IoT), the trend of connecting various sensors and devices to company networks, gets a lot of hype in the press, but not as much analysis of how it impacts business spending. However, according to a recent report, the travel industry is leading the way in IoT implementation, with average spending per company reaching $128 million in 2015. Initiatives like smart sensors in airplane engines, smartphone beacons in theme parks and keyless hotel room entry are all helping to transform the industry. Read more How <NODE id="1879" />Hilton<NODE id="1885" />’s<NODE id="1887" /> New <NODE id="1892" />Tru<NODE id="1895" /> Brand Plans to Emphasize Mobile Services This week saw the announcement of <NODE id="1971" />Hilton<NODE id="1977" />’s<NODE id="1979" /> new millennial-focused <NODE id="2003" />Tru hotel chain<NODE id="2018" />, a <NODE id="2022" />brand<NODE id="2027" /> that intends to use low price and minimal room design to capture younger traveler spending. One interesting aspect of how the <NODE id="2154" />brand<NODE id="2159" /> intends to court younger travelers is <NODE id="2198" />its<NODE id="2201" /> emphasis on mobile services. Among the mobile-friendly features are complimentary Wi-Fi to encourage video streaming on personal devices, mobile check-in, mobile room selection and mobile-enabled keyless room entry. Read more <NODE id="2428" />Google<NODE id="2434" /> <NODE id="2435" />Launches<NODE id="2443" /> New Mobile-Focused <NODE id="2463" />Trip-Planning Tools<NODE id="2482" /> Many travelers start their trip planning process by conducting search engine queries for topics like “things to do” or “top destinations.” Up until now, many of the search results for such questions referred searchers to the websites of travel publishers. However a new <NODE id="2753" />tool<NODE id="2757" /> <NODE id="2758" />from<NODE id="2762" /> <NODE id="2763" />Google<NODE id="2769" /> could upset this dynamic. The <NODE id="2800" />search company<NODE id="2814" /> recently <NODE id="2824" />launched<NODE id="2832" /> a new <NODE id="2839" />feature<NODE id="2846" /> in <NODE id="2850" />its<NODE id="2853" /> results to automatically display travel itinerary suggestions, restaurant picks and hotel prices. The move could further dilute referral traffic to platforms like <NODE id="3017" />TripAdvisor<NODE id="3028" /> and third-party travel websites that depend on <NODE id="3076" />Google<NODE id="3082" /> for visitors. Read more How Technology is Changing Aviation Weather Forecasts You might not think of weather-induced flight delays as a marketing issue. Yet the fact is that thousands of flights each year are canceled, delayed or re-routed because of inclement weather, leading to significant passenger costs (the <NODE id="3397" />FAA<NODE id="3400" /> puts the figure at $6.7 billion) along with significant anger. However, a range of new weather forecasting and tracking tools, specifically designed with the airline industry in mind, might help lessen such weather hassles in the future. Read more Tourism Australia Taps Actor Chris Hemsworth for New Marketing Campaign Tourism Australia is unveiling its latest $40 million marketing effort this week, partnering with Aussie actor Chris Hemsworth (of Thor and Avengers fame) on a new campaign highlighting the country’s wealth of aquatic and coastal amenities. Though the use of a celebrity tourism ambassador isn’t a first for the travel industry (celebrities like Taylor Swift and Rihanna have done such work for NYC and Barbados, respectively), the selection of Hemsworth is a nod to the growing influence of TV, music and movie content on travel decisions. Read more
</TEXT>
<Meta>
<feature featureName="id" featureValue="vico/7ca0c0f1-c4af-312f-be01-7e774d5f7256" />
<feature featureName="source" featureValue="sensor_corpus" />
<feature featureName="lang" featureValue="en" />
<feature featureName="pubDate" featureValue="2016-01-29T13:00:49Z" />
<feature featureName="indexDate" featureValue="2016-07-13T11:22:20.903Z" />
<feature featureName="uri" featureValue="http://skift.com/2016/01/29/164714/" />
<feature featureName="solrEventType" featureValue="None" /></Meta><Entities>
<Entity id="0" startPos="194" endPos="200" type="organization" surface="Flickr" />
<Entity id="1" startPos="1879" endPos="1885" type="organization" surface="Hilton" />
<Entity id="2" startPos="1885" endPos="1887" type="trigger" surface="’s" />
<Entity id="3" startPos="1892" endPos="1895" type="product" surface="Tru" />
<Entity id="4" startPos="1971" endPos="1977" type="organization" surface="Hilton" />
<Entity id="5" startPos="1977" endPos="1979" type="trigger" surface="’s" />
<Entity id="6" startPos="2003" endPos="2018" type="product" surface="Tru hotel chain" />
<Entity id="7" startPos="2022" endPos="2027" type="product" surface="brand" />
<Entity id="8" startPos="2154" endPos="2159" type="product" surface="brand" />
<Entity id="9" startPos="2198" endPos="2201" type="product" surface="its" />
<Entity id="10" startPos="2428" endPos="2434" type="organization" surface="Google" />
<Entity id="11" startPos="2435" endPos="2443" type="trigger" surface="Launches" />
<Entity id="12" startPos="2463" endPos="2482" type="product" surface="Trip-Planning Tools" />
<Entity id="13" startPos="2753" endPos="2757" type="product" surface="tool" />
<Entity id="14" startPos="2758" endPos="2762" type="trigger" surface="from" />
<Entity id="15" startPos="2763" endPos="2769" type="organization" surface="Google" />
<Entity id="16" startPos="2800" endPos="2814" type="organization" surface="search company" />
<Entity id="17" startPos="2824" endPos="2832" type="trigger" surface="launched" />
<Entity id="18" startPos="2839" endPos="2846" type="product" surface="feature" />
<Entity id="19" startPos="2850" endPos="2853" type="organization" surface="its" />
<Entity id="20" startPos="3017" endPos="3028" type="organization" surface="TripAdvisor" />
<Entity id="21" startPos="3076" endPos="3082" type="organization" surface="Google" />
<Entity id="22" startPos="3397" endPos="3400" type="organization" surface="FAA" /></Entities><Relations>
<Relation id="23" NAME="company_provides_product">
<Entity id="3" label="product" />
<Entity id="1" label="company" />
<Entity id="2" label="trigger" />
</Relation>
<Relation id="24" NAME="company_provides_product">
<Entity id="6" label="product" />
<Entity id="4" label="company" />
<Entity id="5" label="trigger" />
</Relation>
<Relation id="25" NAME="company_provides_product">
<Entity id="12" label="product" />
<Entity id="10" label="company" />
<Entity id="11" label="trigger" />
</Relation>
<Relation id="26" NAME="company_provides_product">
<Entity id="13" label="product" />
<Entity id="15" label="company" />
<Entity id="14" label="trigger" />
</Relation>
<Relation id="27" NAME="company_provides_product">
<Entity id="18" label="product" />
<Entity id="16" label="source" />
<Entity id="17" label="trigger" />
</Relation>
<Relation id="28" NAME="identity">
<Entity id="3" label="source" />
<Entity id="9" label="target" />
<Entity id="7" label="target" />
<Entity id="8" label="target" />
<Entity id="6" label="target" />
</Relation>
<Relation id="29" NAME="identity">
<Entity id="10" label="source" />
<Entity id="21" label="target" />
<Entity id="15" label="target" />
<Entity id="16" label="target" />
<Entity id="19" label="target" />
</Relation>
<Relation id="30" NAME="identity">
<Entity id="12" label="source" />
<Entity id="18" label="target" />
<Entity id="13" label="target" />
</Relation></Relations>
</Document>
