<?xml version="1.0" encoding="UTF-8"?>
<Document>
<TEXT><NODE id="0" />myDevices<NODE id="9" /> <NODE id="10" />Launches<NODE id="18" /> <NODE id="19" />Cayenne<NODE id="26" />, the World’s First <NODE id="46" />Drag-and-Drop IoT Project Builder<NODE id="79" /> World News: 13:00 GMT Tuesday 26th January 2016 . [ <NODE id="132" />myDevices<NODE id="141" /> via <NODE id="146" />Businesswire<NODE id="158" /> via <NODE id="163" />SPi<NODE id="166" /> World News ] <NODE id="180" />myDevices<NODE id="189" />, the <NODE id="195" />Internet of Things (IoT) solutions<NODE id="229" /> <NODE id="230" />company<NODE id="237" /> that 'simplifies the connected world,' today <NODE id="283" />announced<NODE id="292" /> <NODE id="293" />Cayenne<NODE id="300" />, <NODE id="302" />its<NODE id="305" /> developer and maker <NODE id="326" />tool<NODE id="330" /> for IoT projects, at the IoT Evolution Expo in Fort Lauderdale. <NODE id="395" />myDevices<NODE id="404" /> <NODE id="405" />developed<NODE id="414" /> a robust <NODE id="424" />IoT platform<NODE id="436" /> that allows companies to efficiently connect devices, visualize data, apply sophisticated rules and interact with their connected customers. With the <NODE id="587" />debut<NODE id="592" /> of <NODE id="596" />Cayenne<NODE id="603" />, <NODE id="605" />myDevices<NODE id="614" /> is extending <NODE id="628" />its<NODE id="631" /> versatile <NODE id="642" />device and connectivity agnostic platform<NODE id="683" /> – launched in October 2015 – to the developer and maker community in the form of an easy-to-use, drag-and-drop tool. '<NODE id="802" />We<NODE id="804" /> are very excited to introduce the IoT community to <NODE id="856" />Cayenne<NODE id="863" />, our versatile <NODE id="879" />developer and maker solution<NODE id="907" />, first designed for the <NODE id="932" />Raspberry Pi<NODE id="944" /> maker,' said Kevin Bromber, CEO of <NODE id="980" />myDevices<NODE id="989" />. 'There are a lot of IoT platforms on the market, yet there are few IoT platforms that actually let the developer build a project without having to dig deep into SDKs and APIs just to get a simple proof of concept created.' The <NODE id="1218" />Cayenne<NODE id="1225" /> solution has revolutionary capabilities: automatic device and <NODE id="1288" />sensor<NODE id="1294" /> discovery that enables <NODE id="1318" />Cayenne<NODE id="1325" /> to be up and running in 7 minutes; drag-and-drop widgets that let the developer easily visualize real-time and historical data online or from a mobile app; triggers that allow one <NODE id="1506" />sensor<NODE id="1512" />, <NODE id="1514" />motor<NODE id="1519" /> or <NODE id="1523" />actuator<NODE id="1531" /> to invoke an action on another device; threshold alerts that send emails or SMS messages based on customizable criteria; and the ability to schedule specific days and times when <NODE id="1710" />lights<NODE id="1716" />, <NODE id="1718" />motors<NODE id="1724" />, <NODE id="1726" />valves<NODE id="1732" /> and <NODE id="1737" />actuators<NODE id="1746" /> turn on and turn off. 'With <NODE id="1775" />Cayenne<NODE id="1782" />, <NODE id="1784" />we<NODE id="1786" /> have achieved our goal: engineers can now develop IoT projects in hours instead of months,' Bromber said. On the business side, <NODE id="1915" />Cayenne<NODE id="1922" /> can be used for cost-effective prototyping, improving business prophecies, and streaming workflow. In the home, <NODE id="2035" />Cayenne<NODE id="2042" /> will allow makers to easily and fluidly control home automation, security, <NODE id="2118" />sensors<NODE id="2125" /> and lighting, among other things. In addition to a seamless and intuitive user interface, the greatest benefit of the <NODE id="2244" />Cayenne<NODE id="2251" /> solution is that makers will be able to undertake simple IoT projects and significantly reduce the time and expense of more complex IoT projects. 'It is like an easy-to-use website builder but for IoT projects,' Bromber explained. Key features include: A mobile app to set up, monitor and control devices and <NODE id="2561" />sensors<NODE id="2568" /> from anywhere Easy setup that quickly connects <NODE id="2616" />Pi<NODE id="2618" /> to the Internet, <NODE id="2636" />sensors<NODE id="2643" />, <NODE id="2645" />actuators<NODE id="2654" /> and extensions in minutes Rules engine for triggering actions across devices Customizable dashboard with drag-and-drop visualization widgets Scheduling of <NODE id="2810" />lights<NODE id="2816" />, <NODE id="2818" />motors<NODE id="2824" /> and <NODE id="2829" />actuators<NODE id="2838" /> <NODE id="2839" />GPIO<NODE id="2843" /> control that can be configured from a mobile app or dashboard Instant remote access from <NODE id="2933" />phone<NODE id="2938" /> or <NODE id="2942" />computer<NODE id="2950" /> Attendees of the IoT Evolution Expo are invited to stop by <NODE id="3010" />myDevices<NODE id="3019" />’ booth #1921 to see a <NODE id="3042" />Cayenne<NODE id="3049" /> demonstration. To sign up for a free <NODE id="3087" />Cayenne<NODE id="3094" /> account, go to: www.cayenne-mydevices.com About <NODE id="3143" />myDevices<NODE id="3152" /> <NODE id="3153" />myDevices<NODE id="3162" /> <NODE id="3163" />develops<NODE id="3171" /> <NODE id="3172" />middleware platforms<NODE id="3192" /> and <NODE id="3197" />application solutions<NODE id="3218" /> for the Internet of Things that 'simplify the connected world.' <NODE id="3283" />myDevices<NODE id="3292" /> customized solutions allow companies that manufacture, sell and support connected devices to efficiently connect products, manage data, and interact with their customers. <NODE id="3464" />myDevices<NODE id="3473" /> is the first platform of <NODE id="3499" />its<NODE id="3502" /> kind to <NODE id="3511" />offer<NODE id="3516" /> a <NODE id="3519" />back-end connected device solution<NODE id="3553" /> for the enterprise and an <NODE id="3580" />interconnected front-end solution<NODE id="3613" /> for the end user. <NODE id="3632" />myDevices<NODE id="3641" /> is headquartered in Los Angeles and is a division of <NODE id="3695" />Avanquest<NODE id="3704" />. For more information please visit www.mydevices.com. Published By:
</TEXT>
<Meta>
<feature featureName="id" featureValue="vico/6275dbb8-8c49-32ba-9970-3b6819e66544" />
<feature featureName="source" featureValue="sensor_corpus" />
<feature featureName="lang" featureValue="en" />
<feature featureName="pubDate" featureValue="2016-01-27T11:43:13Z" />
<feature featureName="indexDate" featureValue="2016-07-13T11:12:26.082Z" />
<feature featureName="uri" featureValue="http://www.sectorpublishingintelligence.co.uk/news/1349186/mydevices+launches+cayenne+the+worlds+first+draganddrop+iot+project+builder" />
<feature featureName="solrEventType" featureValue="None" /></Meta><Entities>
<Entity id="0" startPos="0" endPos="9" type="organization" surface="myDevices" />
<Entity id="1" startPos="10" endPos="18" type="trigger" surface="Launches" />
<Entity id="2" startPos="19" endPos="26" type="product" surface="Cayenne" />
<Entity id="3" startPos="46" endPos="79" type="product" surface="Drag-and-Drop IoT Project Builder" />
<Entity id="4" startPos="132" endPos="141" type="organization" surface="myDevices" />
<Entity id="5" startPos="146" endPos="158" type="organization" surface="Businesswire" />
<Entity id="6" startPos="163" endPos="166" type="organization" surface="SPi" />
<Entity id="7" startPos="180" endPos="189" type="organization" surface="myDevices" />
<Entity id="8" startPos="195" endPos="229" type="product" surface="Internet of Things (IoT) solutions" />
<Entity id="9" startPos="230" endPos="237" type="trigger" surface="company" />
<Entity id="10" startPos="283" endPos="292" type="trigger" surface="announced" />
<Entity id="11" startPos="293" endPos="300" type="product" surface="Cayenne" />
<Entity id="12" startPos="302" endPos="305" type="organization" surface="its" />
<Entity id="13" startPos="326" endPos="330" type="product" surface="tool" />
<Entity id="14" startPos="395" endPos="404" type="organization" surface="myDevices" />
<Entity id="15" startPos="405" endPos="414" type="trigger" surface="developed" />
<Entity id="16" startPos="424" endPos="436" type="product" surface="IoT platform" />
<Entity id="17" startPos="587" endPos="592" type="trigger" surface="debut" />
<Entity id="18" startPos="596" endPos="603" type="product" surface="Cayenne" />
<Entity id="19" startPos="605" endPos="614" type="organization" surface="myDevices" />
<Entity id="20" startPos="628" endPos="631" type="organization" surface="its" />
<Entity id="21" startPos="642" endPos="683" type="product" surface="device and connectivity agnostic platform" />
<Entity id="22" startPos="802" endPos="804" type="organization" surface="We" />
<Entity id="23" startPos="856" endPos="863" type="product" surface="Cayenne" />
<Entity id="24" startPos="879" endPos="907" type="product" surface="developer and maker solution" />
<Entity id="25" startPos="932" endPos="944" type="product" surface="Raspberry Pi" />
<Entity id="26" startPos="980" endPos="989" type="organization" surface="myDevices" />
<Entity id="27" startPos="1218" endPos="1225" type="product" surface="Cayenne" />
<Entity id="28" startPos="1288" endPos="1294" type="product" surface="sensor" />
<Entity id="29" startPos="1318" endPos="1325" type="product" surface="Cayenne" />
<Entity id="30" startPos="1506" endPos="1512" type="product" surface="sensor" />
<Entity id="31" startPos="1514" endPos="1519" type="product" surface="motor" />
<Entity id="32" startPos="1523" endPos="1531" type="product" surface="actuator" />
<Entity id="33" startPos="1710" endPos="1716" type="product" surface="lights" />
<Entity id="34" startPos="1718" endPos="1724" type="product" surface="motors" />
<Entity id="35" startPos="1726" endPos="1732" type="product" surface="valves" />
<Entity id="36" startPos="1737" endPos="1746" type="product" surface="actuators" />
<Entity id="37" startPos="1775" endPos="1782" type="product" surface="Cayenne" />
<Entity id="38" startPos="1784" endPos="1786" type="organization" surface="we" />
<Entity id="39" startPos="1915" endPos="1922" type="product" surface="Cayenne" />
<Entity id="40" startPos="2035" endPos="2042" type="product" surface="Cayenne" />
<Entity id="41" startPos="2118" endPos="2125" type="product" surface="sensors" />
<Entity id="42" startPos="2244" endPos="2251" type="product" surface="Cayenne" />
<Entity id="43" startPos="2561" endPos="2568" type="product" surface="sensors" />
<Entity id="44" startPos="2616" endPos="2618" type="product" surface="Pi" />
<Entity id="45" startPos="2636" endPos="2643" type="product" surface="sensors" />
<Entity id="46" startPos="2645" endPos="2654" type="product" surface="actuators" />
<Entity id="47" startPos="2810" endPos="2816" type="product" surface="lights" />
<Entity id="48" startPos="2818" endPos="2824" type="product" surface="motors" />
<Entity id="49" startPos="2829" endPos="2838" type="product" surface="actuators" />
<Entity id="50" startPos="2839" endPos="2843" type="product" surface="GPIO" />
<Entity id="51" startPos="2933" endPos="2938" type="product" surface="phone" />
<Entity id="52" startPos="2942" endPos="2950" type="product" surface="computer" />
<Entity id="53" startPos="3010" endPos="3019" type="organization" surface="myDevices" />
<Entity id="54" startPos="3042" endPos="3049" type="product" surface="Cayenne" />
<Entity id="55" startPos="3087" endPos="3094" type="product" surface="Cayenne" />
<Entity id="56" startPos="3143" endPos="3152" type="organization" surface="myDevices" />
<Entity id="57" startPos="3153" endPos="3162" type="organization" surface="myDevices" />
<Entity id="58" startPos="3163" endPos="3171" type="trigger" surface="develops" />
<Entity id="59" startPos="3172" endPos="3192" type="product" surface="middleware platforms" />
<Entity id="60" startPos="3197" endPos="3218" type="product" surface="application solutions" />
<Entity id="61" startPos="3283" endPos="3292" type="organization" surface="myDevices" />
<Entity id="62" startPos="3464" endPos="3473" type="organization" surface="myDevices" />
<Entity id="63" startPos="3499" endPos="3502" type="organization" surface="its" />
<Entity id="64" startPos="3511" endPos="3516" type="trigger" surface="offer" />
<Entity id="65" startPos="3519" endPos="3553" type="product" surface="back-end connected device solution" />
<Entity id="66" startPos="3580" endPos="3613" type="product" surface="interconnected front-end solution" />
<Entity id="67" startPos="3632" endPos="3641" type="organization" surface="myDevices" />
<Entity id="68" startPos="3695" endPos="3704" type="organization" surface="Avanquest" /></Entities><Relations>
<Relation id="69" NAME="company_provides_product">
<Entity id="2" label="product" />
<Entity id="0" label="company" />
<Entity id="1" label="trigger" />
</Relation>
<Relation id="70" NAME="company_provides_product">
<Entity id="11" label="product" />
<Entity id="7" label="company" />
<Entity id="10" label="trigger" />
</Relation>
<Relation id="71" NAME="company_provides_product">
<Entity id="8" label="product" />
<Entity id="7" label="company" />
<Entity id="9" label="trigger" />
</Relation>
<Relation id="72" NAME="company_provides_product">
<Entity id="18" label="product" />
<Entity id="19" label="company" />
<Entity id="17" label="trigger" />
</Relation>
<Relation id="73" NAME="company_provides_product">
<Entity id="21" label="product" />
<Entity id="19" label="company" />
</Relation>
<Relation id="74" NAME="company_provides_product">
<Entity id="54" label="product" />
<Entity id="53" label="company" />
</Relation>
<Relation id="75" NAME="company_provides_product">
<Entity id="60" label="product" />
<Entity id="59" label="product" />
<Entity id="57" label="company" />
<Entity id="58" label="trigger" />
</Relation>
<Relation id="76" NAME="company_provides_product">
<Entity id="65" label="product" />
<Entity id="66" label="product" />
<Entity id="62" label="company" />
<Entity id="64" label="trigger" />
</Relation>
<Relation id="77" NAME="identity">
<Entity id="0" label="source" />
<Entity id="12" label="target" />
<Entity id="19" label="target" />
<Entity id="63" label="target" />
<Entity id="61" label="target" />
<Entity id="26" label="target" />
<Entity id="62" label="target" />
<Entity id="4" label="target" />
<Entity id="56" label="target" />
<Entity id="20" label="target" />
<Entity id="57" label="target" />
<Entity id="53" label="target" />
<Entity id="7" label="target" />
<Entity id="22" label="target" />
<Entity id="67" label="target" />
<Entity id="14" label="target" />
<Entity id="38" label="target" />
</Relation>
<Relation id="78" NAME="identity">
<Entity id="2" label="source" />
<Entity id="55" label="target" />
<Entity id="18" label="target" />
<Entity id="13" label="target" />
<Entity id="27" label="target" />
<Entity id="39" label="target" />
<Entity id="23" label="target" />
<Entity id="29" label="target" />
<Entity id="40" label="target" />
<Entity id="54" label="target" />
<Entity id="42" label="target" />
<Entity id="11" label="target" />
<Entity id="37" label="target" />
<Entity id="24" label="target" />
<Entity id="3" label="target" />
</Relation>
<Relation id="79" NAME="identity">
<Entity id="8" label="source" />
<Entity id="60" label="target" />
<Entity id="65" label="target" />
</Relation>
<Relation id="80" NAME="identity">
<Entity id="16" label="source" />
<Entity id="59" label="target" />
<Entity id="21" label="target" />
<Entity id="66" label="target" />
</Relation>
<Relation id="81" NAME="identity">
<Entity id="25" label="source" />
<Entity id="44" label="target" />
</Relation>
<Relation id="82" NAME="identity">
<Entity id="28" label="source" />
<Entity id="30" label="target" />
<Entity id="43" label="target" />
<Entity id="45" label="target" />
</Relation>
<Relation id="83" NAME="identity">
<Entity id="31" label="source" />
<Entity id="48" label="target" />
<Entity id="34" label="target" />
</Relation>
<Relation id="84" NAME="identity">
<Entity id="32" label="source" />
<Entity id="46" label="target" />
<Entity id="49" label="target" />
<Entity id="36" label="target" />
</Relation></Relations>
</Document>
