<?xml version="1.0" encoding="UTF-8"?>
<Document>
<TEXT><NODE id="0" />Vadaro<NODE id="6" /> <NODE id="7" />Announces<NODE id="16" /> <NODE id="17" />Real-Time Analytics Smart Sensor<NODE id="49" /> and <NODE id="54" />Multi-Services Platform<NODE id="77" /> <NODE id="78" />Vadaro<NODE id="84" /> <NODE id="85" />introduces<NODE id="95" /> the first smart <NODE id="112" />multi-service/multi-sensor device<NODE id="145" />, incorporating Time of Flight and HD RGB into a single device, along with <NODE id="220" />its<NODE id="223" /> <NODE id="224" />cloud service platform<NODE id="246" /> that provides best in class dat... (January 19, 2016) NEW YORK , Jan. 19, 2016 /<NODE id="327" />PRNewswire<NODE id="337" />/ --NRF BIG SHOW - <NODE id="356" />Vadaro Pte. Ltd<NODE id="371" />, a leading <NODE id="383" />retail data services platform<NODE id="412" /> <NODE id="413" />company<NODE id="420" /> today <NODE id="427" />announces<NODE id="436" /> <NODE id="437" />Vadaro Eagle<NODE id="449" /> and <NODE id="454" />its<NODE id="457" /> <NODE id="458" />data services platform<NODE id="480" />. This next generation in <NODE id="506" />smart sensors<NODE id="519" /> has multi sensing capabilities enabling real time edge data services that previously have not been available to retailers and retail solutions &amp; analytic partners. <NODE id="684" />Vadaro<NODE id="690" />'s<NODE id="692" /> <NODE id="693" />cloud based data services platform<NODE id="727" /> leverages <NODE id="738" />its<NODE id="741" /> <NODE id="742" />smart sensors<NODE id="755" /> to provide retailers with a 360 degree view of their store in real-time (24/7).This enables both strategic and operational analytics, driving new services and applications for the retailer.The <NODE id="949" />Vadaro<NODE id="955" /> platform<NODE id="964" /> feeds <NODE id="971" />sensor<NODE id="977" /> data seamlessly to any existing analytics &amp; visualization platform.By using <NODE id="1054" />Vadaro<NODE id="1060" />'s<NODE id="1062" /> <NODE id="1063" />platform<NODE id="1071" />, retail analytics partners can improve the accuracy and productivity of their existing analytics services, measuring traffic &amp; conversion, queue lengths, waiting time, buying behaviors and demographics. Additionally, they can expand their managed service offerings to their clients. <NODE id="1355" />Eagle<NODE id="1360" />, a <NODE id="1364" />smart analytic sensor<NODE id="1385" /> is an integral part of <NODE id="1409" />Vadaro<NODE id="1415" />'s<NODE id="1417" /> <NODE id="1418" />platform<NODE id="1426" />. It uses 3D depth (Time-of-Flight) and RGB video to detect, recognize, classify and track objects accurately.<NODE id="1536" />Eagle<NODE id="1541" /> enables many real-time edge data services including people and zone counting, to more complex queue counting, path tracking, dwell &amp; heat map capability, and basic video streaming for more traditional video services. Its unique sensor-to-sensor communication and hand-off capability makes it possible to cover areas of any shape &amp; size. <NODE id="1879" />Vadaro<NODE id="1885" /> Eagle<NODE id="1891" /> Key Features Robust and accurate: Time-of-Flight (ToF) technology provides accurate data in crowded, chaotic environments and under difficult lighting conditions Retail Analytics Ready data: High quality, business relevant and analytics ready data, is generated by sophisticated on-board processing andstreamed directly from the device. Clear HD video: Configurable hi-resolution real-time video feed for surveillance and audit investigation Lower cost of analytics: On-board computer vision processing eliminates the need to send, store and process massive volumes of raw video data over external computing resource. Greater coverage area: Acquire relevant and high quality data over greater coverage areas Simple setup &amp; configuration: Minimal calibration reduces initial setup time and complexity, making it on average 400% faster to configure than most others, significantly reducing installation time and cost Expandable data services: The robust and accurate sensing capabilities coupled with smart, powerful on-board processing, provide an almost unlimited scope for partners to add new services. Flexible install options: Pole mount for big box retailers &amp; stadiums, or surface and recessed mounts for ergonomically sensitive, high-end boutiques. Easy device management and deployment : Cloud infrastructure provides easy device management and deployment, allowing partners to focus on the analytics &amp; services About <NODE id="3317" />Vadaro<NODE id="3323" /> <NODE id="3324" />VADARO<NODE id="3330" /> is a leading <NODE id="3344" />retail data services platform<NODE id="3373" /> <NODE id="3374" />company<NODE id="3381" />. Leveraging <NODE id="3394" />its<NODE id="3397" /> core IP in video analytics and computer vision, the <NODE id="3450" />company<NODE id="3457" /> has <NODE id="3462" />designed<NODE id="3470" /> and <NODE id="3475" />built<NODE id="3480" /> a groundbreaking <NODE id="3498" />multi-service, multi-sensor device<NODE id="3532" /> and <NODE id="3537" />cloud service platform<NODE id="3559" /> providing a breadth of new automated Data Services for the Retail Industry. Using deep learning computer vision, <NODE id="3673" />its<NODE id="3676" /> <NODE id="3677" />in-store sensor platform<NODE id="3701" /> automatically detects, recognizes and classifies the human form and tracks their movements through a store, providing retailers a 360 degree view of in-store customers. Headquartered in Singapore with offices in Sunnyvale, CA , Atlanta, GA , Toronto, Canada , London and Tomsk, Russia . For more information, please visit www.vadaro.com . <NODE id="4041" />Vadaro<NODE id="4047" /> is a registered trademark of <NODE id="4077" />Vadaro Pte. Ltd<NODE id="4092" /> in the United States , Singapore and/or other jurisdictions. All other marks and names mentioned herein may be trademarks of their respective companies. Contact: info@vadaro.com To view the original version on <NODE id="4303" />PR Newswire<NODE id="4314" />, visit: http://www.prnewswire.com/news-releases/vadaro-announces-real-time-analytics-smart-sensor-and-multi-services-platform-300206076.html SOURCE <NODE id="4463" />Vadaro Pte. Ltd<NODE id="4478" /> Copyright 2014 <NODE id="4494" />PR Newswire<NODE id="4505" />. All Rights Reserved
</TEXT>
<Meta>
<feature featureName="id" featureValue="vico/ae3fce28-c41d-3fe5-a800-0abea00083d4" />
<feature featureName="source" featureValue="sensor_corpus" />
<feature featureName="lang" featureValue="en" />
<feature featureName="pubDate" featureValue="2016-01-20T04:06:53Z" />
<feature featureName="indexDate" featureValue="2016-07-13T11:41:15.174Z" />
<feature featureName="uri" featureValue="http://oceania.digitalmedianet.com/article/Vadaro-Announces-Real-Time-Analytics-Smart-Sensor-and-Multi-Services-Platform-4252153" />
<feature featureName="solrEventType" featureValue="None" /></Meta><Entities>
<Entity id="0" startPos="0" endPos="6" type="organization" surface="Vadaro" />
<Entity id="1" startPos="7" endPos="16" type="trigger" surface="Announces" />
<Entity id="2" startPos="17" endPos="49" type="product" surface="Real-Time Analytics Smart Sensor" />
<Entity id="3" startPos="54" endPos="77" type="product" surface="Multi-Services Platform" />
<Entity id="4" startPos="78" endPos="84" type="organization" surface="Vadaro" />
<Entity id="5" startPos="85" endPos="95" type="trigger" surface="introduces" />
<Entity id="6" startPos="112" endPos="145" type="product" surface="multi-service/multi-sensor device" />
<Entity id="7" startPos="220" endPos="223" type="organization" surface="its" />
<Entity id="8" startPos="224" endPos="246" type="product" surface="cloud service platform" />
<Entity id="9" startPos="327" endPos="337" type="organization" surface="PRNewswire" />
<Entity id="10" startPos="356" endPos="371" type="organization" surface="Vadaro Pte. Ltd" />
<Entity id="11" startPos="383" endPos="412" type="product" surface="retail data services platform" />
<Entity id="12" startPos="413" endPos="420" type="trigger" surface="company" />
<Entity id="13" startPos="427" endPos="436" type="trigger" surface="announces" />
<Entity id="14" startPos="437" endPos="449" type="product" surface="Vadaro Eagle" />
<Entity id="15" startPos="454" endPos="457" type="organization" surface="its" />
<Entity id="16" startPos="458" endPos="480" type="product" surface="data services platform" />
<Entity id="17" startPos="506" endPos="519" type="product" surface="smart sensors" />
<Entity id="18" startPos="684" endPos="690" type="organization" surface="Vadaro" />
<Entity id="19" startPos="690" endPos="692" type="trigger" surface="'s" />
<Entity id="20" startPos="693" endPos="727" type="product" surface="cloud based data services platform" />
<Entity id="21" startPos="738" endPos="741" type="organization" surface="its" />
<Entity id="22" startPos="742" endPos="755" type="product" surface="smart sensors" />
<Entity id="23" startPos="949" endPos="955" type="organization" surface="Vadaro" />
<Entity id="24" startPos="949" endPos="964" type="product" surface="Vadaro platform" />
<Entity id="25" startPos="971" endPos="977" type="product" surface="sensor" />
<Entity id="26" startPos="1054" endPos="1060" type="organization" surface="Vadaro" />
<Entity id="27" startPos="1060" endPos="1062" type="trigger" surface="'s" />
<Entity id="28" startPos="1063" endPos="1071" type="product" surface="platform" />
<Entity id="29" startPos="1355" endPos="1360" type="product" surface="Eagle" />
<Entity id="30" startPos="1364" endPos="1385" type="product" surface="smart analytic sensor" />
<Entity id="31" startPos="1409" endPos="1415" type="organization" surface="Vadaro" />
<Entity id="32" startPos="1415" endPos="1417" type="trigger" surface="'s" />
<Entity id="33" startPos="1418" endPos="1426" type="product" surface="platform" />
<Entity id="34" startPos="1536" endPos="1541" type="product" surface="Eagle" />
<Entity id="35" startPos="1879" endPos="1885" type="organization" surface="Vadaro" />
<Entity id="36" startPos="1879" endPos="1891" type="product" surface="Vadaro Eagle" />
<Entity id="37" startPos="3317" endPos="3323" type="organization" surface="Vadaro" />
<Entity id="38" startPos="3324" endPos="3330" type="organization" surface="VADARO" />
<Entity id="39" startPos="3344" endPos="3373" type="product" surface="retail data services platform" />
<Entity id="40" startPos="3374" endPos="3381" type="trigger" surface="company" />
<Entity id="41" startPos="3394" endPos="3397" type="organization" surface="its" />
<Entity id="42" startPos="3450" endPos="3457" type="organization" surface="company" />
<Entity id="43" startPos="3462" endPos="3470" type="trigger" surface="designed" />
<Entity id="44" startPos="3475" endPos="3480" type="trigger" surface="built" />
<Entity id="45" startPos="3498" endPos="3532" type="product" surface="multi-service, multi-sensor device" />
<Entity id="46" startPos="3537" endPos="3559" type="product" surface="cloud service platform" />
<Entity id="47" startPos="3673" endPos="3676" type="organization" surface="its" />
<Entity id="48" startPos="3677" endPos="3701" type="product" surface="in-store sensor platform" />
<Entity id="49" startPos="4041" endPos="4047" type="organization" surface="Vadaro" />
<Entity id="50" startPos="4077" endPos="4092" type="organization" surface="Vadaro Pte. Ltd" />
<Entity id="51" startPos="4303" endPos="4314" type="organization" surface="PR Newswire" />
<Entity id="52" startPos="4463" endPos="4478" type="organization" surface="Vadaro Pte. Ltd" />
<Entity id="53" startPos="4494" endPos="4505" type="organization" surface="PR Newswire" /></Entities><Relations>
<Relation id="54" NAME="CompanyProvidesProduct">
<Entity id="3" label="product" />
<Entity id="2" label="product" />
<Entity id="0" label="company" />
<Entity id="1" label="trigger" />
</Relation>
<Relation id="55" NAME="CompanyProvidesProduct">
<Entity id="6" label="product" />
<Entity id="4" label="company" />
<Entity id="5" label="trigger" />
</Relation>
<Relation id="56" NAME="CompanyProvidesProduct">
<Entity id="8" label="product" />
<Entity id="7" label="company" />
</Relation>
<Relation id="57" NAME="CompanyProvidesProduct">
<Entity id="11" label="product" />
<Entity id="10" label="company" />
<Entity id="12" label="trigger" />
</Relation>
<Relation id="58" NAME="CompanyProvidesProduct">
<Entity id="14" label="product" />
<Entity id="16" label="product" />
<Entity id="10" label="company" />
<Entity id="13" label="trigger" />
</Relation>
<Relation id="59" NAME="CompanyProvidesProduct">
<Entity id="16" label="product" />
<Entity id="15" label="company" />
</Relation>
<Relation id="60" NAME="CompanyProvidesProduct">
<Entity id="20" label="product" />
<Entity id="18" label="company" />
<Entity id="19" label="trigger" />
</Relation>
<Relation id="61" NAME="CompanyProvidesProduct">
<Entity id="22" label="product" />
<Entity id="21" label="company" />
</Relation>
<Relation id="62" NAME="CompanyProvidesProduct">
<Entity id="24" label="product" />
<Entity id="23" label="company" />
</Relation>
<Relation id="63" NAME="CompanyProvidesProduct">
<Entity id="28" label="product" />
<Entity id="26" label="company" />
<Entity id="27" label="trigger" />
</Relation>
<Relation id="64" NAME="CompanyProvidesProduct">
<Entity id="33" label="product" />
<Entity id="31" label="company" />
<Entity id="32" label="trigger" />
</Relation>
<Relation id="65" NAME="CompanyProvidesProduct">
<Entity id="36" label="product" />
<Entity id="35" label="company" />
</Relation>
<Relation id="66" NAME="CompanyProvidesProduct">
<Entity id="39" label="product" />
<Entity id="38" label="company" />
<Entity id="40" label="trigger" />
</Relation>
<Relation id="67" NAME="CompanyProvidesProduct">
<Entity id="45" label="product" />
<Entity id="46" label="product" />
<Entity id="42" label="company" />
<Entity id="44" label="trigger" />
<Entity id="43" label="trigger" />
</Relation>
<Relation id="68" NAME="CompanyProvidesProduct">
<Entity id="48" label="product" />
<Entity id="47" label="company" />
</Relation>
<Relation id="69" NAME="identity">
<Entity id="0" label="source" />
<Entity id="18" label="target" />
<Entity id="4" label="target" />
<Entity id="38" label="target" />
<Entity id="52" label="target" />
<Entity id="26" label="target" />
<Entity id="49" label="target" />
<Entity id="50" label="target" />
<Entity id="15" label="target" />
<Entity id="42" label="target" />
<Entity id="47" label="target" />
<Entity id="31" label="target" />
<Entity id="37" label="target" />
<Entity id="23" label="target" />
<Entity id="10" label="target" />
<Entity id="35" label="target" />
<Entity id="7" label="target" />
<Entity id="21" label="target" />
</Relation>
<Relation id="70" NAME="identity">
<Entity id="2" label="source" />
<Entity id="14" label="target" />
<Entity id="6" label="target" />
<Entity id="34" label="target" />
<Entity id="45" label="target" />
<Entity id="36" label="target" />
<Entity id="29" label="target" />
<Entity id="30" label="target" />
</Relation>
<Relation id="71" NAME="identity">
<Entity id="3" label="source" />
<Entity id="39" label="target" />
<Entity id="20" label="target" />
<Entity id="8" label="target" />
<Entity id="11" label="target" />
<Entity id="16" label="target" />
<Entity id="33" label="target" />
<Entity id="46" label="target" />
<Entity id="24" label="target" />
<Entity id="28" label="target" />
<Entity id="48" label="target" />
</Relation>
<Relation id="72" NAME="identity">
<Entity id="9" label="source" />
<Entity id="51" label="target" />
<Entity id="53" label="target" />
</Relation>
<Relation id="73" NAME="identity">
<Entity id="17" label="source" />
<Entity id="22" label="target" />
</Relation></Relations>
</Document>
