<?xml version="1.0" encoding="UTF-8"?>
<Document>
<TEXT>Market Overview Global <NODE id="23" />Infrared LED<NODE id="35" /> Market 2016 By Application: Imaging, Lighting, Surveillance, Automotive &amp; Others - Competition Forecast and Opportunities 2010-2020 Dublin, Jan. 29, 2016 (<NODE id="191" />GLOBE NEWSWIRE<NODE id="205" />) -- <NODE id="210" />Research and Markets<NODE id="230" /> ( http://www.researchandmarkets.com/research/g4m8ns/global_infrared ) has <NODE id="305" />announced<NODE id="314" /> the addition of the <NODE id="335" />Global Infrared LED Market By Application (Imaging, Lighting, Surveillance, Automotive &amp; Others), By Region (Asia-Pacific, Americas, Europe, and Middle East and Africa) and Competition Forecast and Opportunities, 2010 - 2020 report<NODE id="566" /> to their offering. The global <NODE id="597" />infrared LED<NODE id="609" /> market is projected to grow at a CAGR of more than 9% during 2015-2020 Major factors propelling growth in the global <NODE id="727" />infrared LED<NODE id="739" /> market include rising use of <NODE id="769" />infrared LEDs<NODE id="782" /> in <NODE id="786" />smartphones<NODE id="797" /> for iris recognition, and increasing use of these <NODE id="848" />LEDs<NODE id="852" /> in <NODE id="856" />CCTVs<NODE id="861" /> and surveillance systems. Asia-Pacific is the largest regional market for <NODE id="936" />infrared LEDs<NODE id="949" /> in the world, due to the increasing penetration of these <NODE id="1007" />LEDs<NODE id="1011" /> in <NODE id="1015" />smartphones<NODE id="1026" />, automotive, surveillance systems and other segments. <NODE id="1081" />Epistar Corporation<NODE id="1100" />, <NODE id="1102" />Nichia Corporation<NODE id="1120" />, <NODE id="1122" />Everlight Electronics<NODE id="1143" />, <NODE id="1145" />High Power Lighting<NODE id="1164" />, etc. are among the major <NODE id="1191" />Infrared LED<NODE id="1203" /> <NODE id="1204" />companies<NODE id="1213" /> involved in <NODE id="1226" />manufacturing<NODE id="1239" /> <NODE id="1240" />infrared LEDs<NODE id="1253" /> for various end user applications. Demand for <NODE id="1300" />infrared LEDs<NODE id="1313" /> has been increasing over the last few years, on account of rising penetration of these <NODE id="1401" />LEDs<NODE id="1405" /> in automotive, defense, consumer electronics, etc. Major applications of <NODE id="1479" />infrared LEDs<NODE id="1492" /> include imaging, surveillance, automotive, lighting, etc. <NODE id="1551" />Infrared LEDs<NODE id="1564" /> are also being increasing used in handheld devices for identity verification and mobile payment technologies. Rising security concerns in developing as well as developed countries is driving demand for surveillance devices and biometrics systems that are being deployed across various sectors such as education, defense, healthcare, residential, etc. <NODE id="1916" />Global Infrared LED Market 2010 - 2020 report<NODE id="1961" /> elaborates on the following aspects related to the global <NODE id="2020" />infrared LED<NODE id="2032" /> market: Use of Infrared Technology in <NODE id="2071" />Sensors<NODE id="2078" /> Changing <NODE id="2088" />Smartphone<NODE id="2098" /> Technologies Creating New Applications to Increase Profitability Rising Demand for LED Lighting Solutions Technological Upgradation Growing Demand for Technologies based on Renewable Energy Mounting Use of Laser Automotive Lighting Rising Use of <NODE id="2345" />Infrared LEDs <NODE id="2359" />in <NODE id="2362" />Smartphones<NODE id="2373" /> for Iris Recognition Key Topics Covered: 1. Research Methodology 2. Analyst View 3. Product Overview 4. Global Infrared LED Market Outlook 5. Global Infrared LED Imaging Market Outlook 6. Global <NODE id="2569" />Infrared LED<NODE id="2581" /> Lighting Market Outlook 7. Global <NODE id="2616" />Infrared LED<NODE id="2628" /> Surveillance Market Outlook 8. Global <NODE id="2667" />Infrared LED<NODE id="2679" /> Automotive Market Outlook 9. Global <NODE id="2716" />Infrared LED<NODE id="2728" /> Market Outlook in Other Applications 10. Asia-Pacific <NODE id="2783" />Infrared LED<NODE id="2795" /> Market Outlook 11. Americas <NODE id="2824" />Infrared LED<NODE id="2836" /> Market Outlook 12. Europe <NODE id="2863" />Infrared LED<NODE id="2875" /> Market Outlook 13. Middle East &amp; Africa <NODE id="2916" />Infrared LED<NODE id="2928" /> Market Outlook 14. Market Dynamics 15. Market Trends &amp; Developments 16. Competitive Landscape 17. Strategic Recommendations Companies Mentioned - <NODE id="3075" />Epileds Co. LTD<NODE id="3090" /> - <NODE id="3093" />Epistar Corporation<NODE id="3112" /> - <NODE id="3115" />Everlight Electronics Co Ltd.<NODE id="3144" /> - <NODE id="3147" />Excelitas Technologies Corp.<NODE id="3175" /> - <NODE id="3178" />Fairchild Semiconductors International, Inc.<NODE id="3222" /> - <NODE id="3225" />Fluke Corporation<NODE id="3242" /> - <NODE id="3245" />High Power Lighting<NODE id="3264" /> - <NODE id="3267" />Kingbright Electronics Co. LTD<NODE id="3297" /> - <NODE id="3300" />Larson Electronics LLC<NODE id="3322" /> - <NODE id="3325" />Lextar Electronics Corporation<NODE id="3355" /> - <NODE id="3358" />Lite on Opto Electronics<NODE id="3382" /> - <NODE id="3385" />New Japan Radio Corporation<NODE id="3412" /> - <NODE id="3415" />Nichia Corporation<NODE id="3433" /> - <NODE id="3436" />Opto Diode Corporation<NODE id="3458" /> - <NODE id="3461" />Opto Tech Corporation<NODE id="3482" /> - <NODE id="3485" />Osram Opto Semiconductors<NODE id="3510" /> - <NODE id="3513" />ROHM Semiconductors<NODE id="3532" /> - <NODE id="3535" />Royal Philips<NODE id="3548" /> - <NODE id="3551" />Ushio Epitex INC.<NODE id="3568" /> - <NODE id="3571" />Vishay Intertechnology Inc.<NODE id="3598" /> For more information visit http://www.researchandmarkets.com/research/g4m8ns/global_infrared View Comments and Join the Discussion!
</TEXT>
<Meta>
<feature featureName="id" featureValue="vico/bb8cee0f-24d2-3845-82ed-ee606185218c" />
<feature featureName="source" featureValue="sensor_corpus" />
<feature featureName="lang" featureValue="en" />
<feature featureName="pubDate" featureValue="2016-01-30T01:06:14Z" />
<feature featureName="indexDate" featureValue="2016-07-13T11:46:27.338Z" />
<feature featureName="uri" featureValue="http://www.benzinga.com/pressreleases/16/01/g6184938/global-infrared-led-market-2016-by-application-imaging-lighting-surveil" />
<feature featureName="solrEventType" featureValue="None" /></Meta><Entities>
<Entity id="0" startPos="23" endPos="35" type="product" surface="Infrared LED" />
<Entity id="1" startPos="191" endPos="205" type="organization" surface="GLOBE NEWSWIRE" />
<Entity id="2" startPos="210" endPos="230" type="organization" surface="Research and Markets" />
<Entity id="3" startPos="305" endPos="314" type="trigger" surface="announced" />
<Entity id="4" startPos="335" endPos="566" type="product" surface="Global Infrared LED Market By Application (Imaging, Lighting, Surveillance, Automotive &amp; Others), By Region (Asia-Pacific, Americas, Europe, and Middle East and Africa) and Competition Forecast and Opportunities, 2010 - 2020 report" />
<Entity id="5" startPos="597" endPos="609" type="product" surface="infrared LED" />
<Entity id="6" startPos="727" endPos="739" type="product" surface="infrared LED" />
<Entity id="7" startPos="769" endPos="782" type="product" surface="infrared LEDs" />
<Entity id="8" startPos="786" endPos="797" type="product" surface="smartphones" />
<Entity id="9" startPos="848" endPos="852" type="product" surface="LEDs" />
<Entity id="10" startPos="856" endPos="861" type="product" surface="CCTVs" />
<Entity id="11" startPos="936" endPos="949" type="product" surface="infrared LEDs" />
<Entity id="12" startPos="1007" endPos="1011" type="product" surface="LEDs" />
<Entity id="13" startPos="1015" endPos="1026" type="product" surface="smartphones" />
<Entity id="14" startPos="1081" endPos="1100" type="organization" surface="Epistar Corporation" />
<Entity id="15" startPos="1102" endPos="1120" type="organization" surface="Nichia Corporation" />
<Entity id="16" startPos="1122" endPos="1143" type="organization" surface="Everlight Electronics" />
<Entity id="17" startPos="1145" endPos="1164" type="organization" surface="High Power Lighting" />
<Entity id="18" startPos="1191" endPos="1203" type="product" surface="Infrared LED" />
<Entity id="19" startPos="1204" endPos="1213" type="trigger" surface="companies" />
<Entity id="20" startPos="1226" endPos="1239" type="trigger" surface="manufacturing" />
<Entity id="21" startPos="1240" endPos="1253" type="product" surface="infrared LEDs" />
<Entity id="22" startPos="1300" endPos="1313" type="product" surface="infrared LEDs" />
<Entity id="23" startPos="1401" endPos="1405" type="product" surface="LEDs" />
<Entity id="24" startPos="1479" endPos="1492" type="product" surface="infrared LEDs" />
<Entity id="25" startPos="1551" endPos="1564" type="product" surface="Infrared LEDs" />
<Entity id="26" startPos="1916" endPos="1961" type="product" surface="Global Infrared LED Market 2010 - 2020 report" />
<Entity id="27" startPos="2020" endPos="2032" type="product" surface="infrared LED" />
<Entity id="28" startPos="2071" endPos="2078" type="product" surface="Sensors" />
<Entity id="29" startPos="2088" endPos="2098" type="product" surface="Smartphone" />
<Entity id="30" startPos="2345" endPos="2359" type="product" surface="Infrared LEDs " />
<Entity id="31" startPos="2362" endPos="2373" type="product" surface="Smartphones" />
<Entity id="32" startPos="2569" endPos="2581" type="product" surface="Infrared LED" />
<Entity id="33" startPos="2616" endPos="2628" type="product" surface="Infrared LED" />
<Entity id="34" startPos="2667" endPos="2679" type="product" surface="Infrared LED" />
<Entity id="35" startPos="2716" endPos="2728" type="product" surface="Infrared LED" />
<Entity id="36" startPos="2783" endPos="2795" type="product" surface="Infrared LED" />
<Entity id="37" startPos="2824" endPos="2836" type="product" surface="Infrared LED" />
<Entity id="38" startPos="2863" endPos="2875" type="product" surface="Infrared LED" />
<Entity id="39" startPos="2916" endPos="2928" type="product" surface="Infrared LED" />
<Entity id="40" startPos="3075" endPos="3090" type="organization" surface="Epileds Co. LTD" />
<Entity id="41" startPos="3093" endPos="3112" type="organization" surface="Epistar Corporation" />
<Entity id="42" startPos="3115" endPos="3144" type="organization" surface="Everlight Electronics Co Ltd." />
<Entity id="43" startPos="3147" endPos="3175" type="organization" surface="Excelitas Technologies Corp." />
<Entity id="44" startPos="3178" endPos="3222" type="organization" surface="Fairchild Semiconductors International, Inc." />
<Entity id="45" startPos="3225" endPos="3242" type="organization" surface="Fluke Corporation" />
<Entity id="46" startPos="3245" endPos="3264" type="organization" surface="High Power Lighting" />
<Entity id="47" startPos="3267" endPos="3297" type="organization" surface="Kingbright Electronics Co. LTD" />
<Entity id="48" startPos="3300" endPos="3322" type="organization" surface="Larson Electronics LLC" />
<Entity id="49" startPos="3325" endPos="3355" type="organization" surface="Lextar Electronics Corporation" />
<Entity id="50" startPos="3358" endPos="3382" type="organization" surface="Lite on Opto Electronics" />
<Entity id="51" startPos="3385" endPos="3412" type="organization" surface="New Japan Radio Corporation" />
<Entity id="52" startPos="3415" endPos="3433" type="organization" surface="Nichia Corporation" />
<Entity id="53" startPos="3436" endPos="3458" type="organization" surface="Opto Diode Corporation" />
<Entity id="54" startPos="3461" endPos="3482" type="organization" surface="Opto Tech Corporation" />
<Entity id="55" startPos="3485" endPos="3510" type="organization" surface="Osram Opto Semiconductors" />
<Entity id="56" startPos="3513" endPos="3532" type="organization" surface="ROHM Semiconductors" />
<Entity id="57" startPos="3535" endPos="3548" type="organization" surface="Royal Philips" />
<Entity id="58" startPos="3551" endPos="3568" type="organization" surface="Ushio Epitex INC." />
<Entity id="59" startPos="3571" endPos="3598" type="organization" surface="Vishay Intertechnology Inc." /></Entities><Relations>
<Relation id="60" NAME="CompanyProvidesProduct">
<Entity id="4" label="product" />
<Entity id="2" label="company" />
<Entity id="3" label="trigger" />
</Relation>
<Relation id="61" NAME="CompanyProvidesProduct">
<Entity id="21" label="product" />
<Entity id="14" label="company" />
<Entity id="20" label="trigger" />
</Relation>
<Relation id="62" NAME="CompanyProvidesProduct">
<Entity id="18" label="product" />
<Entity id="14" label="company" />
<Entity id="19" label="trigger" />
</Relation>
<Relation id="63" NAME="CompanyProvidesProduct">
<Entity id="18" label="product" />
<Entity id="15" label="company" />
<Entity id="19" label="trigger" />
</Relation>
<Relation id="64" NAME="CompanyProvidesProduct">
<Entity id="21" label="product" />
<Entity id="15" label="company" />
<Entity id="20" label="trigger" />
</Relation>
<Relation id="65" NAME="CompanyProvidesProduct">
<Entity id="21" label="product" />
<Entity id="16" label="company" />
<Entity id="20" label="trigger" />
</Relation>
<Relation id="66" NAME="CompanyProvidesProduct">
<Entity id="18" label="product" />
<Entity id="19" label="company" />
<Entity id="16" label="company" />
</Relation>
<Relation id="67" NAME="CompanyProvidesProduct">
<Entity id="21" label="product" />
<Entity id="17" label="company" />
<Entity id="20" label="trigger" />
</Relation>
<Relation id="68" NAME="CompanyProvidesProduct">
<Entity id="18" label="product" />
<Entity id="19" label="company" />
<Entity id="17" label="company" />
</Relation>
<Relation id="69" NAME="identity">
<Entity id="0" label="source" />
<Entity id="24" label="target" />
<Entity id="38" label="target" />
<Entity id="5" label="target" />
<Entity id="6" label="target" />
<Entity id="7" label="target" />
<Entity id="39" label="target" />
<Entity id="27" label="target" />
<Entity id="22" label="target" />
<Entity id="30" label="target" />
<Entity id="9" label="target" />
<Entity id="12" label="target" />
<Entity id="37" label="target" />
<Entity id="25" label="target" />
<Entity id="11" label="target" />
<Entity id="21" label="target" />
<Entity id="35" label="target" />
<Entity id="36" label="target" />
<Entity id="18" label="target" />
<Entity id="33" label="target" />
<Entity id="23" label="target" />
<Entity id="32" label="target" />
<Entity id="34" label="target" />
</Relation>
<Relation id="70" NAME="identity">
<Entity id="4" label="source" />
<Entity id="26" label="target" />
</Relation>
<Relation id="71" NAME="identity">
<Entity id="8" label="source" />
<Entity id="13" label="target" />
<Entity id="29" label="target" />
<Entity id="31" label="target" />
</Relation>
<Relation id="72" NAME="identity">
<Entity id="14" label="source" />
<Entity id="41" label="target" />
</Relation>
<Relation id="73" NAME="identity">
<Entity id="15" label="source" />
<Entity id="52" label="target" />
</Relation>
<Relation id="74" NAME="identity">
<Entity id="16" label="source" />
<Entity id="42" label="target" />
</Relation>
<Relation id="75" NAME="identity">
<Entity id="17" label="source" />
<Entity id="46" label="target" />
</Relation></Relations>
</Document>
