<?xml version="1.0" encoding="UTF-8"?>
<Document>
<TEXT><NODE id="0" />Racepoint Global<NODE id="16" /> , an intelligence-driven marketing agency that delivers results for the accountability economy, announced the addition of new clients in Q4 2015, ending the year with strong momentum in the US, Asia and Europe. '<NODE id="229" />We<NODE id="231" /> had a fantastic 2015,' said Peter Prodromou, President of <NODE id="290" />Racepoint Global<NODE id="306" />. '<NODE id="309" />We<NODE id="311" /> aimed high and we achieved <NODE id="339" />our<NODE id="342" /> goals thanks to the right people, quality work and <NODE id="394" />our<NODE id="397" /> integrated offer. <NODE id="416" />We<NODE id="418" />’ve kicked off 2016 with some great wins and an extremely impressive pipeline.' '<NODE id="499" />Our<NODE id="502" /> partnership with <NODE id="520" />Racepoint Global<NODE id="536" /> has been a successful one, and <NODE id="568" />we<NODE id="570" /> are very happy with how the agency has driven awareness, leveraged and identified influencers and positioned <NODE id="680" />our<NODE id="683" /> <NODE id="684" />company<NODE id="691" /> in the media,' said David Fetterolf, President of <NODE id="742" />Stratus Video Interpreting<NODE id="768" />. 'Due to <NODE id="778" />our<NODE id="781" /> excellent working relationship matched with stellar results, <NODE id="843" />we<NODE id="845" />’ve been able to share a compelling story about the comprehensive solutions that <NODE id="926" />Stratus<NODE id="933" /> has to offer.' Some of the wins include: U.S. <NODE id="980" />Coalfire<NODE id="988" /> is a leading cybersecurity risk advisory and compliance services company. <NODE id="1063" />Massachusetts Innovation Labs<NODE id="1092" /> embodies an ecosystem of innovators in <NODE id="1132" />its<NODE id="1135" /> 124,000-square-foot first-class chemistry and biology space in the heart of Kendall Square. <NODE id="1228" />We<NODE id="1230" /> <NODE id="1231" />provide<NODE id="1238" /> comprehensive solutions for growing companies, including <NODE id="1296" />animal facilities<NODE id="1313" />, <NODE id="1315" />on-site <NODE id="1323" />CRO<NODE id="1326" /> support, <NODE id="1336" />co-located <NODE id="1347" />CRO<NODE id="1350" /> services and <NODE id="1364" />operational needs<NODE id="1381" />. <NODE id="1383" />SERMO<NODE id="1388" /> is the global leading social network for physicians _ the virtual doctors’ lounge and the home of medical crowdsourcing _ where doctors anonymously share their true feelings about their profession and lives and talk ‘real world’ medicine. <NODE id="1628" />Stratus Video Interpreting<NODE id="1654" /> is a leading <NODE id="1668" />provider<NODE id="1676" /> of on-demand <NODE id="1690" />interpreter services<NODE id="1710" /> by using technology to connect clients with interpreters in over 175 spoken and signed languages in less than 30 seconds. <NODE id="1833" />Stratus<NODE id="1840" />’s<NODE id="1842" /> <NODE id="1843" />cloud-based video solution<NODE id="1869" /> delivers an array of unique features to virtually any Internet-enabled <NODE id="1941" />PC<NODE id="1943" />, <NODE id="1945" />Mac<NODE id="1948" />, <NODE id="1950" />smartphone<NODE id="1960" /> or <NODE id="1964" />tablet<NODE id="1970" />. <NODE id="1972" />Vantiv<NODE id="1978" />, the second-largest <NODE id="1999" />provider<NODE id="2007" /> in the U.S. of <NODE id="2023" />payment processing<NODE id="2041" /> <NODE id="2042" />services<NODE id="2050" /> and related technology solutions, with specialties in <NODE id="2105" />mobile payments<NODE id="2120" />, <NODE id="2122" />payments security<NODE id="2139" />, <NODE id="2141" />eCommerce<NODE id="2150" /> and <NODE id="2155" />integrated payments<NODE id="2174" />. <NODE id="2176" />Vivere<NODE id="2182" /> is a <NODE id="2188" />leading<NODE id="2195" /> <NODE id="2196" />fertility management<NODE id="2216" /> and <NODE id="2221" />equity<NODE id="2227" /> <NODE id="2228" />partner<NODE id="2235" /> that turns successful practices into thriving businesses. The <NODE id="2298" />company<NODE id="2305" /> has gained a reputation as a business innovator for <NODE id="2358" />its<NODE id="2361" /> holistic examination of a practice _ from business and market forces to operational and administrative opportunities _ that provides the foundation for <NODE id="2514" />Vivere<NODE id="2520" /> successful strategic partnerships. ASIA <NODE id="2561" />Little Freddie<NODE id="2575" />: Using only Europe’s finest organic fruit and veggies in <NODE id="2633" />their<NODE id="2638" /> wide <NODE id="2644" />range<NODE id="2649" /> of <NODE id="2653" />organic<NODE id="2660" /> and <NODE id="2665" />natural baby food<NODE id="2682" /> <NODE id="2683" />products<NODE id="2691" />, <NODE id="2693" />Little Freddie<NODE id="2707" />’s products have no additives, sugar, GMO or BPA packaging and are all 100% EU Certified Organic. <NODE id="2805" />CleanOil<NODE id="2813" />: Established in 2002, <NODE id="2836" />CleanOil<NODE id="2844" /> is a company specialized in the re-refining of used oil. <NODE id="2902" />Their<NODE id="2907" /> aim is to <NODE id="2918" />produce<NODE id="2925" /> high quality performance <NODE id="2951" />lubricant oil<NODE id="2964" /> with minimal impact on the environment. <NODE id="3005" />MACOM<NODE id="3010" />:<NODE id="3011" /> A leading <NODE id="3022" />supplier<NODE id="3030" /> of high-performance <NODE id="3051" />analog RF<NODE id="3060" />, <NODE id="3062" />microwave<NODE id="3071" />, <NODE id="3073" />millimeter wave<NODE id="3088" /> and <NODE id="3093" />photonic semiconductor<NODE id="3115" /> products that enable next-generation internet and modern battlefield applications. <NODE id="3199" />Netatmo<NODE id="3206" />:<NODE id="3207" /> A dynamic and innovative company <NODE id="3241" />developing<NODE id="3251" /> <NODE id="3252" />consumer electronics<NODE id="3272" /> for a better and connect lifestyle, creating elegant and <NODE id="3330" />smart products<NODE id="3344" /> designed to harmoniously blend into your lifestyle. UK <NODE id="3400" />E Ink<NODE id="3405" />: is the world’s <NODE id="3422" />leading<NODE id="3429" /> <NODE id="3430" />innovator<NODE id="3439" /> of <NODE id="3443" />electronic ink<NODE id="3457" /> or <NODE id="3461" />electronic paper display technology<NODE id="3496" />, supplying <NODE id="3508" />its<NODE id="3511" /> leading edge technology to a variety of industries including eReader, retail, digital signage, consumer technology, architecture and design, and healthcare and packaging. <NODE id="3683" />Rambus<NODE id="3689" /> <NODE id="3690" />creates<NODE id="3697" /> cutting-edge <NODE id="3711" />semiconductor<NODE id="3724" /> and <NODE id="3729" />IP products<NODE id="3740" /> across memory, security, <NODE id="3766" />smart sensors<NODE id="3779" /> and lighting. Pin It
</TEXT>
<Meta>
<feature featureName="id" featureValue="vico/d0d7ee73-f7ca-3ac5-9244-46ef13a67930" />
<feature featureName="source" featureValue="sensor_corpus" />
<feature featureName="lang" featureValue="en" />
<feature featureName="pubDate" featureValue="2016-01-27T14:26:07Z" />
<feature featureName="indexDate" featureValue="2016-07-13T11:54:31.334Z" />
<feature featureName="uri" featureValue="https://www.bulldogreporter.com/racepoint-global-ends-2015-with-strong-momentum-several-new-clients/" />
<feature featureName="solrEventType" featureValue="None" /></Meta><Entities>
<Entity id="0" startPos="0" endPos="16" type="organization" surface="Racepoint Global" />
<Entity id="1" startPos="229" endPos="231" type="organization" surface="We" />
<Entity id="2" startPos="290" endPos="306" type="organization" surface="Racepoint Global" />
<Entity id="3" startPos="309" endPos="311" type="organization" surface="We" />
<Entity id="4" startPos="339" endPos="342" type="organization" surface="our" />
<Entity id="5" startPos="394" endPos="397" type="organization" surface="our" />
<Entity id="6" startPos="416" endPos="418" type="organization" surface="We" />
<Entity id="7" startPos="499" endPos="502" type="organization" surface="Our" />
<Entity id="8" startPos="520" endPos="536" type="organization" surface="Racepoint Global" />
<Entity id="9" startPos="568" endPos="570" type="organization" surface="we" />
<Entity id="10" startPos="680" endPos="683" type="organization" surface="our" />
<Entity id="11" startPos="684" endPos="691" type="organization" surface="company" />
<Entity id="12" startPos="742" endPos="768" type="organization" surface="Stratus Video Interpreting" />
<Entity id="13" startPos="778" endPos="781" type="organization" surface="our" />
<Entity id="14" startPos="843" endPos="845" type="organization" surface="we" />
<Entity id="15" startPos="926" endPos="933" type="organization" surface="Stratus" />
<Entity id="16" startPos="980" endPos="988" type="organization" surface="Coalfire" />
<Entity id="17" startPos="1063" endPos="1092" type="organization" surface="Massachusetts Innovation Labs" />
<Entity id="18" startPos="1132" endPos="1135" type="organization" surface="its" />
<Entity id="19" startPos="1228" endPos="1230" type="organization" surface="We" />
<Entity id="20" startPos="1231" endPos="1238" type="trigger" surface="provide" />
<Entity id="21" startPos="1296" endPos="1313" type="product" surface="animal facilities" />
<Entity id="22" startPos="1315" endPos="1326" type="product" surface="on-site CRO" />
<Entity id="23" startPos="1323" endPos="1326" type="product" surface="CRO" />
<Entity id="24" startPos="1336" endPos="1350" type="product" surface="co-located CRO" />
<Entity id="25" startPos="1347" endPos="1350" type="product" surface="CRO" />
<Entity id="26" startPos="1364" endPos="1381" type="product" surface="operational needs" />
<Entity id="27" startPos="1383" endPos="1388" type="organization" surface="SERMO" />
<Entity id="28" startPos="1628" endPos="1654" type="organization" surface="Stratus Video Interpreting" />
<Entity id="29" startPos="1668" endPos="1676" type="trigger" surface="provider" />
<Entity id="30" startPos="1690" endPos="1710" type="product" surface="interpreter services" />
<Entity id="31" startPos="1833" endPos="1840" type="organization" surface="Stratus" />
<Entity id="32" startPos="1840" endPos="1842" type="trigger" surface="’s" />
<Entity id="33" startPos="1843" endPos="1869" type="product" surface="cloud-based video solution" />
<Entity id="34" startPos="1941" endPos="1943" type="product" surface="PC" />
<Entity id="35" startPos="1945" endPos="1948" type="product" surface="Mac" />
<Entity id="36" startPos="1950" endPos="1960" type="product" surface="smartphone" />
<Entity id="37" startPos="1964" endPos="1970" type="product" surface="tablet" />
<Entity id="38" startPos="1972" endPos="1978" type="organization" surface="Vantiv" />
<Entity id="39" startPos="1999" endPos="2007" type="trigger" surface="provider" />
<Entity id="40" startPos="2023" endPos="2041" type="product" surface="payment processing" />
<Entity id="41" startPos="2042" endPos="2050" type="trigger" surface="services" />
<Entity id="42" startPos="2105" endPos="2120" type="product" surface="mobile payments" />
<Entity id="43" startPos="2122" endPos="2139" type="product" surface="payments security" />
<Entity id="44" startPos="2141" endPos="2150" type="product" surface="eCommerce" />
<Entity id="45" startPos="2155" endPos="2174" type="product" surface="integrated payments" />
<Entity id="46" startPos="2176" endPos="2182" type="organization" surface="Vivere" />
<Entity id="47" startPos="2188" endPos="2195" type="trigger" surface="leading" />
<Entity id="48" startPos="2196" endPos="2216" type="product" surface="fertility management" />
<Entity id="49" startPos="2221" endPos="2227" type="product" surface="equity" />
<Entity id="50" startPos="2228" endPos="2235" type="trigger" surface="partner" />
<Entity id="51" startPos="2298" endPos="2305" type="organization" surface="company" />
<Entity id="52" startPos="2358" endPos="2361" type="organization" surface="its" />
<Entity id="53" startPos="2514" endPos="2520" type="organization" surface="Vivere" />
<Entity id="54" startPos="2561" endPos="2575" type="organization" surface="Little Freddie" />
<Entity id="55" startPos="2633" endPos="2638" type="organization" surface="their" />
<Entity id="56" startPos="2644" endPos="2649" type="trigger" surface="range" />
<Entity id="57" startPos="2653" endPos="2660" type="product" surface="organic" />
<Entity id="58" startPos="2665" endPos="2682" type="product" surface="natural baby food" />
<Entity id="59" startPos="2683" endPos="2691" type="trigger" surface="products" />
<Entity id="60" startPos="2693" endPos="2707" type="organization" surface="Little Freddie" />
<Entity id="61" startPos="2805" endPos="2813" type="organization" surface="CleanOil" />
<Entity id="62" startPos="2836" endPos="2844" type="organization" surface="CleanOil" />
<Entity id="63" startPos="2902" endPos="2907" type="organization" surface="Their" />
<Entity id="64" startPos="2918" endPos="2925" type="trigger" surface="produce" />
<Entity id="65" startPos="2951" endPos="2964" type="product" surface="lubricant oil" />
<Entity id="66" startPos="3005" endPos="3010" type="organization" surface="MACOM" />
<Entity id="67" startPos="3010" endPos="3011" type="trigger" surface=":" />
<Entity id="68" startPos="3022" endPos="3030" type="trigger" surface="supplier" />
<Entity id="69" startPos="3051" endPos="3060" type="product" surface="analog RF" />
<Entity id="70" startPos="3062" endPos="3071" type="product" surface="microwave" />
<Entity id="71" startPos="3073" endPos="3088" type="product" surface="millimeter wave" />
<Entity id="72" startPos="3093" endPos="3115" type="product" surface="photonic semiconductor" />
<Entity id="73" startPos="3199" endPos="3206" type="organization" surface="Netatmo" />
<Entity id="74" startPos="3206" endPos="3207" type="trigger" surface=":" />
<Entity id="75" startPos="3241" endPos="3251" type="trigger" surface="developing" />
<Entity id="76" startPos="3252" endPos="3272" type="product" surface="consumer electronics" />
<Entity id="77" startPos="3330" endPos="3344" type="product" surface="smart products" />
<Entity id="78" startPos="3400" endPos="3405" type="organization" surface="E Ink" />
<Entity id="79" startPos="3422" endPos="3429" type="trigger" surface="leading" />
<Entity id="80" startPos="3430" endPos="3439" type="trigger" surface="innovator" />
<Entity id="81" startPos="3443" endPos="3457" type="product" surface="electronic ink" />
<Entity id="82" startPos="3461" endPos="3496" type="product" surface="electronic paper display technology" />
<Entity id="83" startPos="3508" endPos="3511" type="organization" surface="its" />
<Entity id="84" startPos="3683" endPos="3689" type="organization" surface="Rambus" />
<Entity id="85" startPos="3690" endPos="3697" type="trigger" surface="creates" />
<Entity id="86" startPos="3711" endPos="3724" type="product" surface="semiconductor" />
<Entity id="87" startPos="3729" endPos="3740" type="product" surface="IP products" />
<Entity id="88" startPos="3766" endPos="3779" type="product" surface="smart sensors" /></Entities><Relations>
<Relation id="89" NAME="CompanyProvidesProduct">
<Entity id="21" label="product" />
<Entity id="22" label="product" />
<Entity id="24" label="product" />
<Entity id="26" label="product" />
<Entity id="19" label="company" />
<Entity id="20" label="trigger" />
</Relation>
<Relation id="90" NAME="CompanyProvidesProduct">
<Entity id="30" label="product" />
<Entity id="28" label="company" />
<Entity id="29" label="trigger" />
</Relation>
<Relation id="91" NAME="CompanyProvidesProduct">
<Entity id="33" label="product" />
<Entity id="31" label="company" />
<Entity id="32" label="trigger" />
</Relation>
<Relation id="92" NAME="CompanyProvidesProduct">
<Entity id="43" label="product" />
<Entity id="45" label="product" />
<Entity id="42" label="product" />
<Entity id="44" label="product" />
<Entity id="40" label="product" />
<Entity id="38" label="company" />
<Entity id="41" label="trigger" />
<Entity id="39" label="trigger" />
</Relation>
<Relation id="93" NAME="CompanyProvidesProduct">
<Entity id="48" label="product" />
<Entity id="49" label="product" />
<Entity id="46" label="company" />
<Entity id="47" label="trigger" />
<Entity id="50" label="trigger" />
</Relation>
<Relation id="94" NAME="CompanyProvidesProduct">
<Entity id="58" label="product" />
<Entity id="57" label="product" />
<Entity id="60" label="company" />
<Entity id="56" label="trigger" />
<Entity id="59" label="trigger" />
</Relation>
<Relation id="95" NAME="CompanyProvidesProduct">
<Entity id="65" label="product" />
<Entity id="63" label="organization" />
<Entity id="64" label="company" />
</Relation>
<Relation id="96" NAME="CompanyProvidesProduct">
<Entity id="71" label="product" />
<Entity id="69" label="product" />
<Entity id="72" label="product" />
<Entity id="70" label="product" />
<Entity id="66" label="company" />
<Entity id="68" label="trigger" />
<Entity id="67" label="trigger" />
</Relation>
<Relation id="97" NAME="CompanyProvidesProduct">
<Entity id="76" label="product" />
<Entity id="77" label="product" />
<Entity id="73" label="company" />
<Entity id="74" label="trigger" />
<Entity id="75" label="trigger" />
</Relation>
<Relation id="98" NAME="CompanyProvidesProduct">
<Entity id="81" label="product" />
<Entity id="82" label="product" />
<Entity id="78" label="company" />
<Entity id="80" label="trigger" />
<Entity id="79" label="trigger" />
</Relation>
<Relation id="99" NAME="CompanyProvidesProduct">
<Entity id="86" label="product" />
<Entity id="87" label="product" />
<Entity id="84" label="company" />
<Entity id="85" label="trigger" />
</Relation>
<Relation id="100" NAME="identity">
<Entity id="0" label="source" />
<Entity id="3" label="target" />
<Entity id="5" label="target" />
<Entity id="8" label="target" />
<Entity id="1" label="target" />
<Entity id="2" label="target" />
<Entity id="4" label="target" />
<Entity id="6" label="target" />
</Relation>
<Relation id="101" NAME="identity">
<Entity id="12" label="source" />
<Entity id="9" label="target" />
<Entity id="11" label="target" />
<Entity id="7" label="target" />
<Entity id="31" label="target" />
<Entity id="10" label="target" />
<Entity id="13" label="target" />
<Entity id="15" label="target" />
<Entity id="14" label="target" />
<Entity id="28" label="target" />
</Relation>
<Relation id="102" NAME="identity">
<Entity id="17" label="source" />
<Entity id="19" label="target" />
<Entity id="18" label="target" />
</Relation>
<Relation id="103" NAME="identity">
<Entity id="23" label="source" />
<Entity id="25" label="target" />
</Relation>
<Relation id="104" NAME="identity">
<Entity id="46" label="source" />
<Entity id="53" label="target" />
<Entity id="51" label="target" />
<Entity id="52" label="target" />
</Relation>
<Relation id="105" NAME="identity">
<Entity id="54" label="source" />
<Entity id="55" label="target" />
<Entity id="60" label="target" />
</Relation>
<Relation id="106" NAME="identity">
<Entity id="61" label="source" />
<Entity id="63" label="target" />
<Entity id="62" label="target" />
</Relation>
<Relation id="107" NAME="identity">
<Entity id="78" label="source" />
<Entity id="83" label="target" />
</Relation></Relations>
</Document>
