<?xml version="1.0" encoding="UTF-8"?>
<Document>
<TEXT>Classified in: PUNE, India , Feb. 5, 2016 /<NODE id="43" />PRNewswire<NODE id="53" />-iReach<NODE id="60" />/ -- This <NODE id="70" />market research report<NODE id="92" /> includes a detailed segmentation of the global <NODE id="140" />liquid analytical instrument<NODE id="168" /> market by application (pH/ORP, conductivity/resistivity, turbidity, and oxygen analysis/dissolved oxygen analysis), product type (transmitter and sensor) and end-user (water, chemical, oil and gas, power, and pharmaceuticals). It outlines the market shares for key regions such as the Americas, APAC, and EMEA. The key vendors analyzed in this report are <NODE id="524" />ABB<NODE id="527" />, <NODE id="529" />Emerson Electric<NODE id="545" />, <NODE id="547" />Endress+Hauser<NODE id="561" />, and <NODE id="567" />Teledyne<NODE id="575" />. Photo - http://photos.prnewswire.com/prnh/20160204/329794LOGO Market outlook of the global <NODE id="668" />liquid analytical instrument<NODE id="696" /> market The research analyst predicts the global <NODE id="745" />liquid analytical instrument<NODE id="773" /> market to grow steadily at a CAGR of about 6% during the forecast period. There has been a growing need to measure parameters, such as the amount of dissolved oxygen, conductivity and resistivity, turbidity, and pH/ORP of a liquid that is applicable in almost all process industries such as water and wastewater, oil and gas, chemical, power, biotechnology, and pharmaceuticals. This need has created a high demand for these <NODE id="1199" />liquid analytical instruments<NODE id="1228" /> leading to the growth of the market. Complete Report Details at https://www.wiseguyreports.com/reports/global-liquid-analytical-instrument-market-2016-2020 . There is a growing demand for real-time data monitoring in several end-user industries such as the water treatment industry to improve the overall process efficiency. Several oil companies are trying to convert their existing fields into smart fields, which require the use of instruments to analyze the process and monitor the content of substance. The increased conversion of oil and gas fields to the digital form will be a growth driver for various liquid analytical instruments. Application segmentation and analysis of the global <NODE id="1923" />liquid analytical instrument<NODE id="1951" /> market pH/ORP Conductivity/resistivity Turbidity Oxygen analysis/dissolved oxygen The pH/ORP application segment dominated the global <NODE id="2086" />liquid analytical instrument<NODE id="2114" /> market in 2015. This segment is expected to grow at a CAGR of about 7% during the forecast period. The pH/ORP measurement is mainly used in the water and wastewater treatment industry and helps in determining the hardness of water. Product segmentation and analysis of the global <NODE id="2395" />liquid analytical instrument<NODE id="2423" /> market <NODE id="2431" />Transmitter Sensor<NODE id="2449" /> The <NODE id="2454" />transmitter<NODE id="2465" /> product segment dominated the global liquid analytical instrument market during 2015. A <NODE id="2554" />liquid analytical transmitter<NODE id="2583" /> is used to measure the resistivity/conductivity, pH/ORP, and dissolved oxygen in a liquid. It is mainly used in conductivity measurement, which is utilized in a variety of industrial applications. Order a Purchase Copy @ https://www.wiseguyreports.com/checkout?currency=one_user-USD&amp;report_id=334945 . End-user segmentation and analysis of the global <NODE id="2935" />liquid analytical instrument<NODE id="2963" /> market Water Chemical Oil and gas Power Pharmaceuticals The water industry was the most dominant end-user of the global <NODE id="3084" />liquid analytical instrument<NODE id="3112" /> market in 2015. This segment is expected to grow at a CAGR of around 5% during the forecast period. The growth of the global water industry has generated high demand for liquid analytical instruments. Water such as seawater, groundwater, municipal drinking water, and wastewater are treated using water treatment equipment. Analytical instruments are used to measure the pH/ORP, turbidity, oxygen analysis/dissolved oxygen, conductivity/resistivity, chlorine, and total organic carbon in water. Geographical segmentation and analysis of the global liquid analytical instrument market Americas EMEA APAC The Americas accounted for around 39% of the market share during 2015. The presence of many pharmaceutical companies in the region has contributed to the growth of the <NODE id="3884" />liquid analytical instrument<NODE id="3912" /> market. Increased adoption of <NODE id="3943" />liquid analytical instruments<NODE id="3972" /> for water and wastewater treatment applications has also been propelling market growth in the region. Competitive landscape and key vendors Large and international vendors dominate the global <NODE id="4165" />liquid analytical instrument<NODE id="4193" /> market. Regional and local vendors find it difficult to compete with established players as <NODE id="4286" />analytical instruments<NODE id="4308" /> require the incorporation of precise electronics that comes at a high price. Hence, small vendors are discouraged from entering the capital-intensive market. The leading vendors in the market are - <NODE id="4507" />ABB<NODE id="4510" /> <NODE id="4511" />Emerson Electric<NODE id="4527" /> <NODE id="4528" />Endress+Hauser<NODE id="4542" /> <NODE id="4543" />Teledyne<NODE id="4551" /> Other prominent vendors in the market include <NODE id="4598" />AMETEK<NODE id="4604" />, <NODE id="4606" />Analytik Jena<NODE id="4619" />, <NODE id="4621" />Danaher<NODE id="4628" />, <NODE id="4630" />GE<NODE id="4632" />, <NODE id="4634" />Honeywell<NODE id="4643" />, and <NODE id="4649" />Yokogawa Electric<NODE id="4666" />. Inquire For Discount @ https://www.wiseguyreports.com/check_discount/global-liquid-analytical-instrument-market-2016-2020 . Contact for More Information at sales@wiseguyreports.com or +1 (646) 845 9349 (US) and +44 208 133 9349 (UK) About <NODE id="4907" />Us<NODE id="4909" /> <NODE id="4910" />Wise Guy Reports<NODE id="4926" /> is part of the <NODE id="4942" />Wise Guy Consultants Pvt. Ltd.<NODE id="4972" /> and <NODE id="4977" />offers<NODE id="4983" /> premium progressive <NODE id="5004" />statistical surveying<NODE id="5025" />, <NODE id="5027" />market research reports<NODE id="5050" />, <NODE id="5052" />analysis<NODE id="5060" /> &amp; <NODE id="5063" />forecast data<NODE id="5076" /> for industries and governments around the globe. <NODE id="5126" />We<NODE id="5128" /> also <NODE id="5134" />provide<NODE id="5141" /> <NODE id="5142" />COTS (Commercial off the Shelf) business sector reports<NODE id="5197" /> as custom exploration agreeing your particular needs. Media Contact: Norah Trent , <NODE id="5281" />WiseGuy Reports<NODE id="5296" />, +1 646 845 9349, sales@wiseguyreports.com News distributed by <NODE id="5360" />PR Newswire<NODE id="5371" /> iReach<NODE id="5378" />: https://ireach.prnewswire.com SOURCE WiseGuy Reports
</TEXT>
<Meta>
<feature featureName="id" featureValue="vico/51d53be7-7e61-3208-9151-ae9a60c7521d" />
<feature featureName="source" featureValue="sensor_corpus" />
<feature featureName="lang" featureValue="en" />
<feature featureName="pubDate" featureValue="2016-02-06T10:30:07Z" />
<feature featureName="indexDate" featureValue="2016-07-13T11:06:10.535Z" />
<feature featureName="uri" featureValue="http://www.lelezard.com/en/news-9308182.html" />
<feature featureName="solrEventType" featureValue="None" /></Meta><Entities>
<Entity id="0" startPos="43" endPos="53" type="organization" surface="PRNewswire" />
<Entity id="1" startPos="43" endPos="60" type="product" surface="PRNewswire-iReach" />
<Entity id="2" startPos="70" endPos="92" type="product" surface="market research report" />
<Entity id="3" startPos="140" endPos="168" type="product" surface="liquid analytical instrument" />
<Entity id="4" startPos="524" endPos="527" type="organization" surface="ABB" />
<Entity id="5" startPos="529" endPos="545" type="organization" surface="Emerson Electric" />
<Entity id="6" startPos="547" endPos="561" type="organization" surface="Endress+Hauser" />
<Entity id="7" startPos="567" endPos="575" type="organization" surface="Teledyne" />
<Entity id="8" startPos="668" endPos="696" type="product" surface="liquid analytical instrument" />
<Entity id="9" startPos="745" endPos="773" type="product" surface="liquid analytical instrument" />
<Entity id="10" startPos="1199" endPos="1228" type="product" surface="liquid analytical instruments" />
<Entity id="11" startPos="1923" endPos="1951" type="product" surface="liquid analytical instrument" />
<Entity id="12" startPos="2086" endPos="2114" type="product" surface="liquid analytical instrument" />
<Entity id="13" startPos="2395" endPos="2423" type="product" surface="liquid analytical instrument" />
<Entity id="14" startPos="2431" endPos="2449" type="product" surface="Transmitter Sensor" />
<Entity id="15" startPos="2454" endPos="2465" type="product" surface="transmitter" />
<Entity id="16" startPos="2554" endPos="2583" type="product" surface="liquid analytical transmitter" />
<Entity id="17" startPos="2935" endPos="2963" type="product" surface="liquid analytical instrument" />
<Entity id="18" startPos="3084" endPos="3112" type="product" surface="liquid analytical instrument" />
<Entity id="19" startPos="3884" endPos="3912" type="product" surface="liquid analytical instrument" />
<Entity id="20" startPos="3943" endPos="3972" type="product" surface="liquid analytical instruments" />
<Entity id="21" startPos="4165" endPos="4193" type="product" surface="liquid analytical instrument" />
<Entity id="22" startPos="4286" endPos="4308" type="product" surface="analytical instruments" />
<Entity id="23" startPos="4507" endPos="4510" type="organization" surface="ABB" />
<Entity id="24" startPos="4511" endPos="4527" type="organization" surface="Emerson Electric" />
<Entity id="25" startPos="4528" endPos="4542" type="organization" surface="Endress+Hauser" />
<Entity id="26" startPos="4543" endPos="4551" type="organization" surface="Teledyne" />
<Entity id="27" startPos="4598" endPos="4604" type="organization" surface="AMETEK" />
<Entity id="28" startPos="4606" endPos="4619" type="organization" surface="Analytik Jena" />
<Entity id="29" startPos="4621" endPos="4628" type="organization" surface="Danaher" />
<Entity id="30" startPos="4630" endPos="4632" type="organization" surface="GE" />
<Entity id="31" startPos="4634" endPos="4643" type="organization" surface="Honeywell" />
<Entity id="32" startPos="4649" endPos="4666" type="organization" surface="Yokogawa Electric" />
<Entity id="33" startPos="4907" endPos="4909" type="organization" surface="Us" />
<Entity id="34" startPos="4910" endPos="4926" type="organization" surface="Wise Guy Reports" />
<Entity id="35" startPos="4942" endPos="4972" type="organization" surface="Wise Guy Consultants Pvt. Ltd." />
<Entity id="36" startPos="4977" endPos="4983" type="trigger" surface="offers" />
<Entity id="37" startPos="5004" endPos="5025" type="product" surface="statistical surveying" />
<Entity id="38" startPos="5027" endPos="5050" type="product" surface="market research reports" />
<Entity id="39" startPos="5052" endPos="5060" type="product" surface="analysis" />
<Entity id="40" startPos="5063" endPos="5076" type="product" surface="forecast data" />
<Entity id="41" startPos="5126" endPos="5128" type="organization" surface="We" />
<Entity id="42" startPos="5134" endPos="5141" type="trigger" surface="provide" />
<Entity id="43" startPos="5142" endPos="5197" type="product" surface="COTS (Commercial off the Shelf) business sector reports" />
<Entity id="44" startPos="5281" endPos="5296" type="organization" surface="WiseGuy Reports" />
<Entity id="45" startPos="5360" endPos="5371" type="organization" surface="PR Newswire" />
<Entity id="46" startPos="5360" endPos="5378" type="product" surface="PR Newswire iReach" /></Entities><Relations>
<Relation id="47" NAME="CompanyProvidesProduct">
<Entity id="1" label="product" />
<Entity id="0" label="company" />
</Relation>
<Relation id="48" NAME="CompanyProvidesProduct">
<Entity id="40" label="product" />
<Entity id="37" label="product" />
<Entity id="38" label="product" />
<Entity id="39" label="product" />
<Entity id="34" label="company" />
<Entity id="36" label="trigger" />
</Relation>
<Relation id="49" NAME="CompanyProvidesProduct">
<Entity id="43" label="product" />
<Entity id="41" label="company" />
<Entity id="42" label="trigger" />
</Relation>
<Relation id="50" NAME="CompanyProvidesProduct">
<Entity id="46" label="product" />
<Entity id="45" label="company" />
</Relation>
<Relation id="51" NAME="Identity">
<Entity id="4" label="source" />
<Entity id="23" label="target" />
</Relation>
<Relation id="52" NAME="Identity">
<Entity id="5" label="source" />
<Entity id="24" label="target" />
</Relation>
<Relation id="53" NAME="Identity">
<Entity id="6" label="source" />
<Entity id="25" label="target" />
</Relation>
<Relation id="54" NAME="Identity">
<Entity id="7" label="source" />
<Entity id="26" label="target" />
</Relation>
<Relation id="55" NAME="Identity">
<Entity id="34" label="source" />
<Entity id="33" label="target" />
<Entity id="44" label="target" />
<Entity id="41" label="target" />
</Relation>
<Relation id="56" NAME="identity">
<Entity id="1" label="source" />
<Entity id="46" label="target" />
</Relation>
<Relation id="57" NAME="identity">
<Entity id="0" label="source" />
<Entity id="45" label="target" />
</Relation>
<Relation id="58" NAME="identity">
<Entity id="2" label="source" />
<Entity id="38" label="target" />
</Relation>
<Relation id="59" NAME="identity">
<Entity id="3" label="source" />
<Entity id="10" label="target" />
<Entity id="19" label="target" />
<Entity id="12" label="target" />
<Entity id="13" label="target" />
<Entity id="17" label="target" />
<Entity id="20" label="target" />
<Entity id="18" label="target" />
<Entity id="22" label="target" />
<Entity id="8" label="target" />
<Entity id="21" label="target" />
<Entity id="11" label="target" />
<Entity id="9" label="target" />
</Relation></Relations>
</Document>
