<?xml version="1.0" encoding="UTF-8"?>
<Document>
<TEXT>Flood Damage Lakewood CO The Local Restoration Professionals (720) 410-5050 Water damage In the Lakewood CO.. area can be deceitful. Water penetrates right into almost everything including architectural cavities, developing trapped pockets of black mold and mildew growth, terrible smells and deterioration of most all products from clothes and furniture to walls and structural beams.  This damage will continue to grow and multiply until a water damage restoration company is called in. Calling a professional Thornton water damage restoration company is always the best choice for proper water removal, black mold removal or mold remediation. This gives you piece of mind from this never ending problem.  Whether you need water damage restoration service for the water in your basement or perhaps a flooded basement, or anywhere else your also dealing with black mold removal/remediation and you are racing the clock. It’s important to get remediation fast. Water damage is one of the worst things that can happen to a house or building and must be re mediated professionally or it will continue to cause home and health damage for years to come. 90% of the time water damage repair is covered by insurance, and they appreciate when you act quickly to minimize the damages and costs. We will help you with the insurance, but either way you will need a water restoration and mold clean up professional to be certain to stop the progressive damages, and long term headaches of water damages and mold. So please call us and let us help you take care of this fast by calling us . (720) 410-5050 The detection of water and water damage in most locations can only be found with advanced dampness detection sensors that can show us a picture of what is inside the walls. Once they are discovered proper water restoration processes must be applied by restoration companies. Water and flood damage is harmful to both home and health, it is also one of the worst things for organic materials including metal. Water is a very effective way of nature returning things back into the ground, and very few things escape this. It causes the growth of organisms such as black mold, and mildew which eats almost everything from clothes, furniture, drywall and wood or metal in your home. It also wreaks havoc on your immune system as I discovered when I was a healthy 32 year old. So it is very important health wise and home wise to remain dry. The mold spores continue to grow and spread when it is wet or dry. This is why it is a long term health problem, especially for the young, the elderly and when people are sick. It’s definitely not something you want in your home continuously sending itself through the air in your home.  For Thornton area residents undetected moisture under floors, carpets, behind walls or a wet basement will continue to cause harm until it’s remedied. These spores will also float into the air for years causing terrible odors, more mold colonizations and long term health issues. Greater damages will surface with time as products deteriorate, delaminate, shrink, split, etc, and escalating the damagers until very costly repairs are called for. The longer the water remains the more severe and costly the damages. Water restoration companies like ours have the knowledge and industry specific devices to properly provide the water damage restoration service. We inspect, monitor and dry a residence or facility totally back to pre-loss conditions. With timely response, continual monitoring and proper damage remediation, the mold and mildew and other wellness and deterioration issues can be stopped.  All of our employees working in the Lakewood CO.. area are knowledgeable and have the training and experience to identify dampness sources, examine mold and mildew development (visible or invisible), contain damage, remove the harmful contamination properly, and also dry the different products to guarantee that mold is killed and will not return. We are your Restoration Professionals working throughout the Denver and Thornton area for years, and we have the unique area experience you need to keep your home and family safe.  Call us today for fast professional service, so you can be our next happy customer.  (720) 410-5050 Areas served: Arvada CO.Wheat Ridge CO.Denver CO.Westminster CO.Granite CO.Broomfield CO.Golden CO.Eastlake CO.Dupont CO.Commerce City CO.Englewood CO.Louisville CO.Littleton CO.Idledale CO.Morrison CO.Henderson CO.Aurora CO.Eldorado Springs CO.Indian Hills CO.Lafayette CO.Kittredge CO.Boulder CO.Evergreen CO.Erie CO.Brighton CO.Niwot CO.Dacono CO.Black Hawk CO.Conifer CO.Pinecliffe CO.Louviers CO.Frederick CO.Central City CO.Firestone CO.Nederland CO.Idaho Springs CO.Longmont CO.Fort Lupton CO.Parker CO.Jamestown CO.Watkins CO.Rollinsville CO.Pine CO.Dumont CO.Hygiene CO.Ward CO.Bailey CO.Hudson CO.Castle Rock CO.Platteville CO.Allenspark CO.Shawnee CO.Elizabeth CO. Tags: Flood Damage Lakewood CO
</TEXT>
<Meta>
<feature featureName="id" featureValue="vico/c94bbff6-713d-3713-a284-867db2882225" />
<feature featureName="source" featureValue="sensor_corpus" />
<feature featureName="lang" featureValue="en" />
<feature featureName="pubDate" featureValue="2016-01-20T09:02:15Z" />
<feature featureName="indexDate" featureValue="2016-07-13T11:51:39.521Z" />
<feature featureName="uri" featureValue="http://www.youtube.com/watch?v=rA6cFOrF8-s" />
<feature featureName="solrEventType" featureValue="None" /></Meta><Entities /><Relations />
</Document>
