<?xml version="1.0" encoding="UTF-8"?>
<Document>
<TEXT><NODE id="0" />RunKeeper<NODE id="9" /> CEO: Dedicated <NODE id="25" />trackers<NODE id="33" /> are headed the way of the <NODE id="60" />digital camera<NODE id="74" /> By Jonah Comstock March 20, 2014 <NODE id="108" />RunKeeper<NODE id="117" /> CEO Jason Jacobs More and more fitness devices are flooding the market, but Jason Jacobs, CEO of <NODE id="215" />RunKeeper<NODE id="224" />, thinks they are on a road to nowhere. In an onstage interview with <NODE id="293" />Xconomy<NODE id="300" /> editor Curt Woodward at the publication's Mobile Madness 2014 event in Cambridge, Massachusetts yesterday, he talked about how he sees the space changing. <NODE id="456" />We<NODE id="458" /> <NODE id="459" />built<NODE id="464" /> this <NODE id="470" />app<NODE id="473" /> for the <NODE id="482" />phone<NODE id="487" /> and then we saw all these wearables come out in the early days ... then an obscene amount of them starting coming out, he said. And from an end user standpoint, people weren't using them. Even those that bought them, after a few months they were sitting on the bureau or put through the <NODE id="775" />washing machine<NODE id="790" /> and, meanwhile, the <NODE id="811" />phone<NODE id="816" /> we were built on kept getting better and better. It had more <NODE id="878" />sensors<NODE id="885" /> on it, the <NODE id="897" />battery<NODE id="904" /> life was getting longer , it was getting faster, it was getting more durable, the form factor was getting more fitness friendly. Jacobs compared dedicated <NODE id="1060" />fitness trackers<NODE id="1076" /> to <NODE id="1080" />cameras<NODE id="1087" /> and <NODE id="1092" />music players<NODE id="1105" /> -- two devices that seemed like they would have a long life as standalone products, and are now relegated to a niche market in the face of integrated <NODE id="1256" />smartphones<NODE id="1267" />. What <NODE id="1274" />we<NODE id="1276" /> started to notice was this fitness-specific hardware was on a road to nowhere, because over time it's on a path to commoditization and how can they possibly maintain these margins when there's less and less differentiation and more and more players in the market? he said. So from a focus standpoint, <NODE id="1578" />we<NODE id="1580" />'re squarely focused on being the software that powers the fitness component of <NODE id="1660" />phones<NODE id="1666" /> and, in general, wearables. And while <NODE id="1705" />we<NODE id="1707" /> still plan to integrate with the third party inputs, <NODE id="1761" />we<NODE id="1763" /> don't think the standalone devices that are fitness specific are the vehicle that is going to take this stuff to the mass market. We think it's going to be the <NODE id="1924" />phone<NODE id="1929" />.  The Boston-based <NODE id="1949" />fitness app<NODE id="1960" /> <NODE id="1961" />company<NODE id="1968" /> has recently reached 30 million users, according to Jacobs. Responding to a question about <NODE id="2060" />Apple<NODE id="2065" />'s<NODE id="2067" /> rumored <NODE id="2076" />Healthbook<NODE id="2086" /> and <NODE id="2091" />Google<NODE id="2097" />'s<NODE id="2099" /> <NODE id="2100" />Android Wear<NODE id="2112" /> signaling a possible entrance into the space by those companies, Jacobs talked about <NODE id="2198" />RunKeeper<NODE id="2207" />'s history. When <NODE id="2224" />we<NODE id="2226" /> started, people thought <NODE id="2251" />our<NODE id="2254" /> <NODE id="2255" />company<NODE id="2262" /> was a joke, he said. 'Fitness is a niche.' 'You can't build a consumer company in Boston', on and on and on there were all these reasons why <NODE id="2404" />we<NODE id="2406" /> didn't stand any chance of success, and not only did <NODE id="2460" />we<NODE id="2462" /> not stand any probability of success, but the category <NODE id="2518" />we<NODE id="2520" /> were operating in wasn't interesting to anybody. Then it was: 'How are <NODE id="2592" />you<NODE id="2595" /> going to compete with the 50 other people who do run tracking?' Then <NODE id="2665" />Nike<NODE id="2669" /> showed up and it was 'Oh my God, how are <NODE id="2711" />you<NODE id="2714" /> going to compete with <NODE id="2737" />Nike<NODE id="2741" />?' And so now it's <NODE id="2760" />Apple<NODE id="2765" />, <NODE id="2767" />Google<NODE id="2773" />, <NODE id="2775" />Samsung<NODE id="2782" />, everybody's pouring money in, the biggest companies in the world from a technology standpoint are pouring money into this category. As an entrepreneur, while that may be scary, that is immensely validating. If <NODE id="2994" />we<NODE id="2996" /> got scooped every time a big company entered our category over the last 6 years, <NODE id="3078" />we<NODE id="3080" />'d be dead 52 times by now, and nobody's killed <NODE id="3128" />us<NODE id="3130" /> yet. Jacobs attributes that resilience partly to <NODE id="3180" />RunKeeper<NODE id="3189" />'s strategy of being a motivational tool that sits on top of data collection and feedback tools, rather than hanging <NODE id="3306" />its<NODE id="3309" /> hat on data collection and feedback itself. He also acknowledged that the <NODE id="3384" />company<NODE id="3391" /> has a strong brand, which helps keep the <NODE id="3433" />company<NODE id="3440" /> relevant. <NODE id="3451" />We<NODE id="3453" /> have people who have gone three or four months without using the product, but if you ask them about <NODE id="3554" />RunKeeper<NODE id="3563" />, they're fierce brand loyalists, he said. So it's kind of a unique category in that way. You stop using <NODE id="3668" />Facebook<NODE id="3676" /> for six months, you're probably sick of <NODE id="3717" />Facebook<NODE id="3725" />. But 60 percent of people that turn away from <NODE id="3772" />RunKeeper<NODE id="3781" /> are turning away from working out. And as soon as they get back into working out, they run right back to <NODE id="3887" />RunKeeper<NODE id="3896" />. Finally, Jacobs talked about some of <NODE id="3935" />RunKeeper<NODE id="3944" />'s future plans, which include using more data to keep users motivated. He said the <NODE id="4028" />app<NODE id="4031" /> will eventually combine data about users, aggregate data about similar users, and data about the environment to generate highly personalized, specific action plans. If <NODE id="4200" />we<NODE id="4202" /> know that you're supposed to run 10 miles tomorrow or today and <NODE id="4267" />we<NODE id="4269" /> know your schedule and <NODE id="4293" />we<NODE id="4295" /> know that it's raining outside, <NODE id="4328" />we<NODE id="4330" /> also know when it stops raining, he said. Or <NODE id="4376" />we<NODE id="4378" /> don't today, but <NODE id="4396" />we<NODE id="4398" /> sure could, the technology's there. Right? So what if <NODE id="4453" />we<NODE id="4455" /> pinged you and said 'Hey it stopped raining, might be a good time to get in that 10 miles,' since <NODE id="4554" />we<NODE id="4556" /> know you have 2 hours free in your schedule? It's scary, but it's incredibly powerful if harnessed for good.
</TEXT>
<Meta>
<feature featureName="id" featureValue="vico/a0989f92-153b-32e0-b030-40bb3a52428c" />
<feature featureName="source" featureValue="sensor_corpus" />
<feature featureName="lang" featureValue="en" />
<feature featureName="pubDate" featureValue="2016-01-30T14:17:32Z" />
<feature featureName="indexDate" featureValue="2016-07-13T11:36:04.087Z" />
<feature featureName="uri" featureValue="http://mobihealthnews.com/31227/runkeeper-ceo-dedicated-trackers-are-headed-the-way-of-the-digital-camera" />
<feature featureName="solrEventType" featureValue="None" /></Meta><Entities>
<Entity id="0" startPos="0" endPos="9" type="organization" surface="RunKeeper" />
<Entity id="1" startPos="25" endPos="33" type="product" surface="trackers" />
<Entity id="2" startPos="60" endPos="74" type="product" surface="digital camera" />
<Entity id="3" startPos="108" endPos="117" type="organization" surface="RunKeeper" />
<Entity id="4" startPos="215" endPos="224" type="organization" surface="RunKeeper" />
<Entity id="5" startPos="293" endPos="300" type="organization" surface="Xconomy" />
<Entity id="6" startPos="456" endPos="458" type="organization" surface="We" />
<Entity id="7" startPos="459" endPos="464" type="trigger" surface="built" />
<Entity id="8" startPos="470" endPos="473" type="product" surface="app" />
<Entity id="9" startPos="482" endPos="487" type="product" surface="phone" />
<Entity id="10" startPos="775" endPos="790" type="product" surface="washing machine" />
<Entity id="11" startPos="811" endPos="816" type="product" surface="phone" />
<Entity id="12" startPos="878" endPos="885" type="product" surface="sensors" />
<Entity id="13" startPos="897" endPos="904" type="product" surface="battery" />
<Entity id="14" startPos="1060" endPos="1076" type="product" surface="fitness trackers" />
<Entity id="15" startPos="1080" endPos="1087" type="product" surface="cameras" />
<Entity id="16" startPos="1092" endPos="1105" type="product" surface="music players" />
<Entity id="17" startPos="1256" endPos="1267" type="product" surface="smartphones" />
<Entity id="18" startPos="1274" endPos="1276" type="organization" surface="we" />
<Entity id="19" startPos="1578" endPos="1580" type="organization" surface="we" />
<Entity id="20" startPos="1660" endPos="1666" type="product" surface="phones" />
<Entity id="21" startPos="1705" endPos="1707" type="organization" surface="we" />
<Entity id="22" startPos="1761" endPos="1763" type="organization" surface="we" />
<Entity id="23" startPos="1924" endPos="1929" type="product" surface="phone" />
<Entity id="24" startPos="1949" endPos="1960" type="product" surface="fitness app" />
<Entity id="25" startPos="1961" endPos="1968" type="organization" surface="company" />
<Entity id="26" startPos="2060" endPos="2065" type="organization" surface="Apple" />
<Entity id="27" startPos="2065" endPos="2067" type="trigger" surface="'s" />
<Entity id="28" startPos="2076" endPos="2086" type="product" surface="Healthbook" />
<Entity id="29" startPos="2091" endPos="2097" type="organization" surface="Google" />
<Entity id="30" startPos="2097" endPos="2099" type="trigger" surface="'s" />
<Entity id="31" startPos="2100" endPos="2112" type="product" surface="Android Wear" />
<Entity id="32" startPos="2198" endPos="2207" type="organization" surface="RunKeeper" />
<Entity id="33" startPos="2224" endPos="2226" type="organization" surface="we" />
<Entity id="34" startPos="2251" endPos="2254" type="organization" surface="our" />
<Entity id="35" startPos="2255" endPos="2262" type="organization" surface="company" />
<Entity id="36" startPos="2404" endPos="2406" type="organization" surface="we" />
<Entity id="37" startPos="2460" endPos="2462" type="organization" surface="we" />
<Entity id="38" startPos="2518" endPos="2520" type="organization" surface="we" />
<Entity id="39" startPos="2592" endPos="2595" type="organization" surface="you" />
<Entity id="40" startPos="2665" endPos="2669" type="organization" surface="Nike" />
<Entity id="41" startPos="2711" endPos="2714" type="organization" surface="you" />
<Entity id="42" startPos="2737" endPos="2741" type="organization" surface="Nike" />
<Entity id="43" startPos="2760" endPos="2765" type="organization" surface="Apple" />
<Entity id="44" startPos="2767" endPos="2773" type="organization" surface="Google" />
<Entity id="45" startPos="2775" endPos="2782" type="organization" surface="Samsung" />
<Entity id="46" startPos="2994" endPos="2996" type="organization" surface="we" />
<Entity id="47" startPos="3078" endPos="3080" type="organization" surface="we" />
<Entity id="48" startPos="3128" endPos="3130" type="organization" surface="us" />
<Entity id="49" startPos="3180" endPos="3189" type="organization" surface="RunKeeper" />
<Entity id="50" startPos="3306" endPos="3309" type="organization" surface="its" />
<Entity id="51" startPos="3384" endPos="3391" type="organization" surface="company" />
<Entity id="52" startPos="3433" endPos="3440" type="organization" surface="company" />
<Entity id="53" startPos="3451" endPos="3453" type="organization" surface="We" />
<Entity id="54" startPos="3554" endPos="3563" type="organization" surface="RunKeeper" />
<Entity id="55" startPos="3668" endPos="3676" type="organization" surface="Facebook" />
<Entity id="56" startPos="3717" endPos="3725" type="organization" surface="Facebook" />
<Entity id="57" startPos="3772" endPos="3781" type="organization" surface="RunKeeper" />
<Entity id="58" startPos="3887" endPos="3896" type="organization" surface="RunKeeper" />
<Entity id="59" startPos="3935" endPos="3944" type="organization" surface="RunKeeper" />
<Entity id="60" startPos="4028" endPos="4031" type="product" surface="app" />
<Entity id="61" startPos="4200" endPos="4202" type="organization" surface="we" />
<Entity id="62" startPos="4267" endPos="4269" type="organization" surface="we" />
<Entity id="63" startPos="4293" endPos="4295" type="organization" surface="we" />
<Entity id="64" startPos="4328" endPos="4330" type="organization" surface="we" />
<Entity id="65" startPos="4376" endPos="4378" type="organization" surface="we" />
<Entity id="66" startPos="4396" endPos="4398" type="organization" surface="we" />
<Entity id="67" startPos="4453" endPos="4455" type="organization" surface="we" />
<Entity id="68" startPos="4554" endPos="4556" type="organization" surface="we" /></Entities><Relations>
<Relation id="69" NAME="CompanyProvidesProduct">
<Entity id="8" label="product" />
<Entity id="6" label="company" />
<Entity id="7" label="trigger" />
</Relation>
<Relation id="70" NAME="CompanyProvidesProduct">
<Entity id="28" label="product" />
<Entity id="26" label="company" />
<Entity id="27" label="trigger" />
</Relation>
<Relation id="71" NAME="CompanyProvidesProduct">
<Entity id="31" label="product" />
<Entity id="29" label="company" />
<Entity id="30" label="trigger" />
</Relation>
<Relation id="72" NAME="identity">
<Entity id="0" label="source" />
<Entity id="34" label="target" />
<Entity id="61" label="target" />
<Entity id="35" label="target" />
<Entity id="21" label="target" />
<Entity id="48" label="target" />
<Entity id="49" label="target" />
<Entity id="67" label="target" />
<Entity id="65" label="target" />
<Entity id="53" label="target" />
<Entity id="66" label="target" />
<Entity id="46" label="target" />
<Entity id="18" label="target" />
<Entity id="54" label="target" />
<Entity id="58" label="target" />
<Entity id="50" label="target" />
<Entity id="62" label="target" />
<Entity id="22" label="target" />
<Entity id="63" label="target" />
<Entity id="38" label="target" />
<Entity id="36" label="target" />
<Entity id="3" label="target" />
<Entity id="33" label="target" />
<Entity id="52" label="target" />
<Entity id="25" label="target" />
<Entity id="32" label="target" />
<Entity id="47" label="target" />
<Entity id="4" label="target" />
<Entity id="68" label="target" />
<Entity id="19" label="target" />
<Entity id="41" label="target" />
<Entity id="64" label="target" />
<Entity id="39" label="target" />
<Entity id="6" label="target" />
<Entity id="59" label="target" />
<Entity id="51" label="target" />
<Entity id="37" label="target" />
</Relation>
<Relation id="73" NAME="identity">
<Entity id="1" label="source" />
<Entity id="14" label="target" />
</Relation>
<Relation id="74" NAME="identity">
<Entity id="2" label="source" />
<Entity id="15" label="target" />
</Relation>
<Relation id="75" NAME="identity">
<Entity id="8" label="source" />
<Entity id="60" label="target" />
<Entity id="24" label="target" />
</Relation>
<Relation id="76" NAME="identity">
<Entity id="9" label="source" />
<Entity id="11" label="target" />
<Entity id="17" label="target" />
<Entity id="20" label="target" />
<Entity id="23" label="target" />
</Relation>
<Relation id="77" NAME="identity">
<Entity id="26" label="source" />
<Entity id="43" label="target" />
</Relation>
<Relation id="78" NAME="identity">
<Entity id="29" label="source" />
<Entity id="44" label="target" />
</Relation>
<Relation id="79" NAME="identity">
<Entity id="40" label="source" />
<Entity id="42" label="target" />
</Relation>
<Relation id="80" NAME="identity">
<Entity id="55" label="source" />
<Entity id="56" label="target" />
</Relation></Relations>
</Document>
