<?xml version="1.0" encoding="UTF-8"?>
<Document>
<TEXT>Archives Industry News Login | Don't have an account? Register now » January 27, 2016 <NODE id="86" />TE Connectivity<NODE id="101" />’s<NODE id="103" /> <NODE id="104" />Micro-MaTch cable assemblies<NODE id="132" /> now <NODE id="137" />available<NODE id="146" /> <NODE id="147" />from<NODE id="151" /> Newark <NODE id="159" />element14<NODE id="168" /> Prevents fretting corrosion while offering a variety of wire-to-board and board-to-board interconnections for industrial applications CHICAGO – Jan. 27, 2016 –– Newark <NODE id="337" />element14<NODE id="346" /> expanded their <NODE id="362" />inventory<NODE id="371" /> with <NODE id="377" />Micro-MaTch cable assemblies<NODE id="405" /> <NODE id="406" />from<NODE id="410" /> <NODE id="411" />TE Connectivity<NODE id="426" /> (<NODE id="428" />TE<NODE id="430" />), a world <NODE id="441" />leader<NODE id="447" /> in <NODE id="451" />connectivity<NODE id="463" />. These <NODE id="471" />cable assemblies<NODE id="487" /> are the newest edition to <NODE id="514" />TE<NODE id="516" />'s<NODE id="518" /> <NODE id="519" />Micro-MaTch connector series<NODE id="547" />' <NODE id="549" />product<NODE id="556" /> <NODE id="557" />portfolio<NODE id="566" />. The <NODE id="572" />Micro-MaTch contact spring system<NODE id="605" /> provides a fretting corrosion resistant solution, designed to limit movement between mating parts and establish gas tight connections, unlike tin-plated designs which wear more easily and quickly. The <NODE id="807" />connector<NODE id="816" /> utilizes an additional positioning spring in the female part that absorbs movements caused by vibrations and thermal expansion. This stops movement on the contact spot and allows a secure connection to form. The system reduces free motion by equalizing tight, positional tolerances. This also applies the high contact force necessary for tin-plated systems and offers robust housings with and without latches. These <NODE id="1233" />cable assemblies<NODE id="1249" /> can be used for a variety of applications across a wide range of industries. Uses for the automotive market, for example, include <NODE id="1380" />motors<NODE id="1386" />, <NODE id="1388" />radios<NODE id="1394" />, GPS, climate controls, <NODE id="1419" />navigation systems<NODE id="1437" /> and <NODE id="1442" />airbag units<NODE id="1454" />. Other applications include production and material handling equipment, alarm equipment, building surface control, AV equipment, <NODE id="1584" />set top boxes<NODE id="1597" /> and more. This sturdy and multi-functional product gives engineers the flexibility to build out the projects they imagined. <NODE id="1722" />TE<NODE id="1724" /> Micro-MaTch cable assemblies<NODE id="1753" /> are <NODE id="1758" />available<NODE id="1767" /> <NODE id="1768" />from<NODE id="1772" /> Newark <NODE id="1780" />element14<NODE id="1789" /> in North America, Farnell <NODE id="1816" />element14<NODE id="1825" /> in Europe and <NODE id="1840" />element14<NODE id="1849" /> in Asia in a variety of position plugs and sizes. For more information about <NODE id="1927" />TE<NODE id="1929" />'s<NODE id="1931" /> <NODE id="1932" />Micro-MaTch cable assemblies<NODE id="1960" />, visit www.<NODE id="1972" />newark<NODE id="1978" />.com/te-connectivity-amp. About the <NODE id="2014" />Premier Farnell Group<NODE id="2035" /> <NODE id="2036" />Premier Farnell plc<NODE id="2055" /> (<NODE id="2057" />LSE<NODE id="2060" />:<NODE id="2061" />pfl<NODE id="2064" />) is a global leader in high service <NODE id="2101" />distribution<NODE id="2113" /> of <NODE id="2117" />technology products<NODE id="2136" /> and solutions for <NODE id="2155" />electronic system<NODE id="2172" /> <NODE id="2173" />design<NODE id="2179" />, <NODE id="2181" />production<NODE id="2191" />, <NODE id="2193" />maintenance<NODE id="2204" /> and <NODE id="2209" />repair<NODE id="2215" />. Trading as Farnell <NODE id="2236" />element14<NODE id="2245" /> in Europe, Newark <NODE id="2264" />element14<NODE id="2273" /> in North America and <NODE id="2295" />element14<NODE id="2304" /> across Asia Pacific, it had sales last year of £960m, the Group is supported by a global supply chain of more than 3,000 suppliers and an inventory profile developed to anticipate and meet its customers' needs. <NODE id="2516" />Premier Farnell<NODE id="2531" /> works to <NODE id="2541" />bring to market<NODE id="2556" /> <NODE id="2557" />development kits<NODE id="2573" /> in a variety of applications, enabling it to support the customer from design concept through to production. The latest products, software, services and solutions from trusted supplier partners are all available through 43 local language transactional websites. The <NODE id="2840" />element14<NODE id="2849" /> Community allows buyers and engineers to access a wide range of independent technical information, tools and the latest resources and the Design Center enables design engineers to compare kits from the world's greatest range of development tools. About <NODE id="3103" />TE Connectivity<NODE id="3118" /> <NODE id="3119" />TE Connectivity<NODE id="3134" /> (<NODE id="3136" />NYSE<NODE id="3140" />: <NODE id="3142" />TEL<NODE id="3145" />) is a $12 billion global technology leader. <NODE id="3190" />Our<NODE id="3193" /> <NODE id="3194" />connectivity<NODE id="3206" /> and <NODE id="3211" />sensor<NODE id="3217" /> <NODE id="3218" />solutions<NODE id="3227" /> are essential in today's increasingly connected world. <NODE id="3283" />We<NODE id="3285" /> collaborate with engineers to transform their concepts into creations – redefining what's possible using intelligent, efficient and high-performing <NODE id="3434" />TE<NODE id="3436" /> products and solutions proven in harsh environments. Our 72,000 people, including over 7,000 engineers, partner with customers in close to 150 countries across a wide range of industries. <NODE id="3625" />We<NODE id="3627" /> believe EVERY CONNECTION COUNTS – www.<NODE id="3666" />TE<NODE id="3668" />.com. Channels
</TEXT>
<Meta>
<feature featureName="id" featureValue="vico/acc7a333-06d1-35f5-ac5a-8c788639ff28" />
<feature featureName="source" featureValue="sensor_corpus" />
<feature featureName="lang" featureValue="en" />
<feature featureName="pubDate" featureValue="2016-01-28T18:22:21Z" />
<feature featureName="indexDate" featureValue="2016-07-13T11:40:41.271Z" />
<feature featureName="uri" featureValue="http://eejournal.com/archives/news/20160127-10/" />
<feature featureName="solrEventType" featureValue="None" /></Meta><Entities>
<Entity id="0" startPos="86" endPos="101" type="organization" surface="TE Connectivity" />
<Entity id="1" startPos="101" endPos="103" type="trigger" surface="’s" />
<Entity id="2" startPos="104" endPos="132" type="product" surface="Micro-MaTch cable assemblies" />
<Entity id="3" startPos="137" endPos="146" type="trigger" surface="available" />
<Entity id="4" startPos="147" endPos="151" type="trigger" surface="from" />
<Entity id="5" startPos="159" endPos="168" type="organization" surface="element14" />
<Entity id="6" startPos="337" endPos="346" type="organization" surface="element14" />
<Entity id="7" startPos="362" endPos="371" type="trigger" surface="inventory" />
<Entity id="8" startPos="377" endPos="405" type="product" surface="Micro-MaTch cable assemblies" />
<Entity id="9" startPos="406" endPos="410" type="trigger" surface="from" />
<Entity id="10" startPos="411" endPos="426" type="organization" surface="TE Connectivity" />
<Entity id="11" startPos="428" endPos="430" type="organization" surface="TE" />
<Entity id="12" startPos="441" endPos="447" type="trigger" surface="leader" />
<Entity id="13" startPos="451" endPos="463" type="product" surface="connectivity" />
<Entity id="14" startPos="471" endPos="487" type="product" surface="cable assemblies" />
<Entity id="15" startPos="514" endPos="516" type="organization" surface="TE" />
<Entity id="16" startPos="516" endPos="518" type="trigger" surface="'s" />
<Entity id="17" startPos="519" endPos="547" type="product" surface="Micro-MaTch connector series" />
<Entity id="18" startPos="549" endPos="556" type="trigger" surface="product" />
<Entity id="19" startPos="557" endPos="566" type="trigger" surface="portfolio" />
<Entity id="20" startPos="572" endPos="605" type="product" surface="Micro-MaTch contact spring system" />
<Entity id="21" startPos="807" endPos="816" type="product" surface="connector" />
<Entity id="22" startPos="1233" endPos="1249" type="product" surface="cable assemblies" />
<Entity id="23" startPos="1380" endPos="1386" type="product" surface="motors" />
<Entity id="24" startPos="1388" endPos="1394" type="product" surface="radios" />
<Entity id="25" startPos="1419" endPos="1437" type="product" surface="navigation systems" />
<Entity id="26" startPos="1442" endPos="1454" type="product" surface="airbag units" />
<Entity id="27" startPos="1584" endPos="1597" type="product" surface="set top boxes" />
<Entity id="28" startPos="1722" endPos="1724" type="organization" surface="TE" />
<Entity id="29" startPos="1722" endPos="1753" type="product" surface="TE Micro-MaTch cable assemblies" />
<Entity id="30" startPos="1758" endPos="1767" type="trigger" surface="available" />
<Entity id="31" startPos="1768" endPos="1772" type="trigger" surface="from" />
<Entity id="32" startPos="1780" endPos="1789" type="organization" surface="element14" />
<Entity id="33" startPos="1816" endPos="1825" type="organization" surface="element14" />
<Entity id="34" startPos="1840" endPos="1849" type="organization" surface="element14" />
<Entity id="35" startPos="1927" endPos="1929" type="organization" surface="TE" />
<Entity id="36" startPos="1929" endPos="1931" type="trigger" surface="'s" />
<Entity id="37" startPos="1932" endPos="1960" type="product" surface="Micro-MaTch cable assemblies" />
<Entity id="38" startPos="1972" endPos="1978" type="organization" surface="newark" />
<Entity id="39" startPos="2014" endPos="2035" type="organization" surface="Premier Farnell Group" />
<Entity id="40" startPos="2036" endPos="2055" type="organization" surface="Premier Farnell plc" />
<Entity id="41" startPos="2057" endPos="2060" type="organization" surface="LSE" />
<Entity id="42" startPos="2061" endPos="2064" type="organization" surface="pfl" />
<Entity id="43" startPos="2101" endPos="2113" type="trigger" surface="distribution" />
<Entity id="44" startPos="2117" endPos="2136" type="product" surface="technology products" />
<Entity id="45" startPos="2155" endPos="2172" type="product" surface="electronic system" />
<Entity id="46" startPos="2173" endPos="2179" type="trigger" surface="design" />
<Entity id="47" startPos="2181" endPos="2191" type="trigger" surface="production" />
<Entity id="48" startPos="2193" endPos="2204" type="trigger" surface="maintenance" />
<Entity id="49" startPos="2209" endPos="2215" type="trigger" surface="repair" />
<Entity id="50" startPos="2236" endPos="2245" type="organization" surface="element14" />
<Entity id="51" startPos="2264" endPos="2273" type="organization" surface="element14" />
<Entity id="52" startPos="2295" endPos="2304" type="organization" surface="element14" />
<Entity id="53" startPos="2516" endPos="2531" type="organization" surface="Premier Farnell" />
<Entity id="54" startPos="2541" endPos="2556" type="trigger" surface="bring to market" />
<Entity id="55" startPos="2557" endPos="2573" type="product" surface="development kits" />
<Entity id="56" startPos="2840" endPos="2849" type="organization" surface="element14" />
<Entity id="57" startPos="3103" endPos="3118" type="organization" surface="TE Connectivity" />
<Entity id="58" startPos="3119" endPos="3134" type="organization" surface="TE Connectivity" />
<Entity id="59" startPos="3136" endPos="3140" type="organization" surface="NYSE" />
<Entity id="60" startPos="3142" endPos="3145" type="organization" surface="TEL" />
<Entity id="61" startPos="3190" endPos="3193" type="organization" surface="Our" />
<Entity id="62" startPos="3194" endPos="3206" type="product" surface="connectivity" />
<Entity id="63" startPos="3211" endPos="3217" type="product" surface="sensor" />
<Entity id="64" startPos="3218" endPos="3227" type="trigger" surface="solutions" />
<Entity id="65" startPos="3283" endPos="3285" type="organization" surface="We" />
<Entity id="66" startPos="3434" endPos="3436" type="organization" surface="TE" />
<Entity id="67" startPos="3625" endPos="3627" type="organization" surface="We" />
<Entity id="68" startPos="3666" endPos="3668" type="organization" surface="TE" /></Entities><Relations>
<Relation id="69" NAME="CompanyProvidesProduct">
<Entity id="2" label="product" />
<Entity id="0" label="company" />
<Entity id="1" label="trigger" />
</Relation>
<Relation id="70" NAME="CompanyProvidesProduct">
<Entity id="2" label="product" />
<Entity id="5" label="company" />
<Entity id="4" label="trigger" />
<Entity id="3" label="trigger" />
</Relation>
<Relation id="71" NAME="CompanyProvidesProduct">
<Entity id="8" label="product" />
<Entity id="6" label="company" />
<Entity id="7" label="trigger" />
</Relation>
<Relation id="72" NAME="CompanyProvidesProduct">
<Entity id="8" label="product" />
<Entity id="10" label="company" />
<Entity id="9" label="trigger" />
</Relation>
<Relation id="73" NAME="CompanyProvidesProduct">
<Entity id="13" label="product" />
<Entity id="10" label="company" />
<Entity id="12" label="trigger" />
</Relation>
<Relation id="74" NAME="CompanyProvidesProduct">
<Entity id="17" label="product" />
<Entity id="15" label="company" />
<Entity id="16" label="trigger" />
<Entity id="19" label="trigger" />
<Entity id="18" label="trigger" />
</Relation>
<Relation id="75" NAME="CompanyProvidesProduct">
<Entity id="29" label="product" />
<Entity id="32" label="company" />
<Entity id="31" label="trigger" />
<Entity id="30" label="trigger" />
</Relation>
<Relation id="76" NAME="CompanyProvidesProduct">
<Entity id="29" label="product" />
<Entity id="28" label="company" />
</Relation>
<Relation id="77" NAME="CompanyProvidesProduct">
<Entity id="37" label="product" />
<Entity id="35" label="company" />
<Entity id="36" label="trigger" />
</Relation>
<Relation id="78" NAME="CompanyProvidesProduct">
<Entity id="45" label="product" />
<Entity id="40" label="company" />
<Entity id="47" label="trigger" />
<Entity id="46" label="trigger" />
<Entity id="49" label="trigger" />
<Entity id="48" label="trigger" />
</Relation>
<Relation id="79" NAME="CompanyProvidesProduct">
<Entity id="44" label="product" />
<Entity id="40" label="company" />
<Entity id="43" label="trigger" />
</Relation>
<Relation id="80" NAME="CompanyProvidesProduct">
<Entity id="55" label="product" />
<Entity id="53" label="company" />
<Entity id="54" label="trigger" />
</Relation>
<Relation id="81" NAME="CompanyProvidesProduct">
<Entity id="62" label="product" />
<Entity id="63" label="product" />
<Entity id="61" label="company" />
<Entity id="64" label="trigger" />
</Relation>
<Relation id="82" NAME="identity">
<Entity id="0" label="source" />
<Entity id="15" label="target" />
<Entity id="61" label="target" />
<Entity id="11" label="target" />
<Entity id="35" label="target" />
<Entity id="10" label="target" />
<Entity id="58" label="target" />
<Entity id="65" label="target" />
<Entity id="68" label="target" />
<Entity id="28" label="target" />
<Entity id="57" label="target" />
<Entity id="66" label="target" />
<Entity id="67" label="target" />
<Entity id="60" label="target" />
</Relation>
<Relation id="83" NAME="identity">
<Entity id="2" label="source" />
<Entity id="14" label="target" />
<Entity id="22" label="target" />
<Entity id="8" label="target" />
<Entity id="37" label="target" />
<Entity id="29" label="target" />
</Relation>
<Relation id="84" NAME="identity">
<Entity id="5" label="source" />
<Entity id="34" label="target" />
<Entity id="52" label="target" />
<Entity id="51" label="target" />
<Entity id="32" label="target" />
<Entity id="50" label="target" />
<Entity id="56" label="target" />
<Entity id="6" label="target" />
<Entity id="33" label="target" />
</Relation>
<Relation id="85" NAME="identity">
<Entity id="13" label="source" />
<Entity id="62" label="target" />
</Relation>
<Relation id="86" NAME="identity">
<Entity id="17" label="source" />
<Entity id="20" label="target" />
</Relation>
<Relation id="87" NAME="identity">
<Entity id="39" label="source" />
<Entity id="42" label="target" />
<Entity id="40" label="target" />
<Entity id="53" label="target" />
</Relation></Relations>
</Document>
