<?xml version="1.0" encoding="UTF-8"?>
<Document>
<TEXT>Cloud technology is a platform that unites new technologies and helps the concept of IIoT come to life: Vikas Chadha, <NODE id="118" />Honeywell Process Solutions<NODE id="145" /> <NODE id="146" />Dataquest<NODE id="155" /> interacted with Vikas Chadha, Managing Director – <NODE id="206" />HAIL<NODE id="210" /> and India Leader – <NODE id="230" />HPS<NODE id="233" />, and got insights on the kind of opportunities <NODE id="281" />Honeywell<NODE id="290" /> sees in the Industrial IoT space in India and industries that can be transformed using industrial IoT solutions in India. Excerpts How do you see the potential for Industrial IoT solutions in India? The IIoT could be the most influential and disruptive force to conventional automation systems since the advent of the DCS in the 1970’s. It is expected to be the biggest driver of productivity and growth in the coming years. Many concepts of the IIoT though already exist in current technologies that are commonly used today, such as smart instrumentation, data historians, <NODE id="865" />mobile devices<NODE id="879" /> and wireless networks. Early architectural styles are emerging for IIoT that suggest ubiquitous sensing is coupled to cloud-based data analytics and storage systems, providing the structure for a seamless flow of information that will manage plant operations as efficiently as possible. Industrial companies will be able to run more reliable operations and continually improve performance by installing smarter field devices, increasing connectivity, and collecting and analyzing data more efficiently. With connectivity the need to gather and analyze the huge amount of data generated every second from the plants becomes even more critical. For example, <NODE id="1536" />Intuition Executive<NODE id="1555" /> <NODE id="1556" />by<NODE id="1558" /> <NODE id="1559" />Honeywell<NODE id="1568" /> collects and analyzes large amounts of data, detecting variations, and translating that data into actionable information. Another example is the <NODE id="1714" />Experion Orion Console<NODE id="1736" /> that brings DCS graphics and other applications together in a seamless visual environment that makes it easier for operators to relate information from different sources. The IIoT concept will enable transformation of nearly all industries. A connected enterprise significantly enhances decision making, increases security and productivity as well as improves overall collaboration across the enterprise by providing the right information at the right time, to help optimize operations. Cloud technology is a platform that unites new technologies and helps the concept of IIoT come to life. In the near future, mobility, cloud computing, data analytics and smart operations will establish development milestones of the automation world. What kind of opportunities does <NODE id="2506" />Honeywell<NODE id="2515" /> see in the Industrial IoT space in India? As devices in the plant become more intelligent and autonomous, and the cloud capabilities continue to advance, the DCS may be seen as less pertinent to the overall plant design and function. This new architecture will balance the computational and life-cycle benefits of cloud computing with the requisite on-site, appliance-hosted capabilities necessary to provide safe, secure and long-lasting automation for complex manufacturing systems and processes. While some may envision the future model to consist of only <NODE id="3075" />wireless sensors<NODE id="3091" /> and cloud computing, <NODE id="3113" />Honeywell<NODE id="3122" /> maintains that smart devices in the plant will also play an important role as intelligence moves down to these devices and functionality moves up into the cloud. Local control in the plant via robust smart devices will be essential, while the cloud will enable enterprise optimization of data access and analytics. This will eliminate the time and costs associated with server implementation and maintenance, while maintaining localized control of the plant. Operators will become less task-oriented and take on a role of higher-level decision-making, assisted by the IIoT, which will provide guidance on abnormalities and display the right information to the operator at the right time in an intuitive format. Can you give us some examples of industries that can be transformed using industrial IoT solutions in India? Manufacturers are increasingly adding software, <NODE id="3991" />sensors<NODE id="3998" />, and wireless connectivity to their products, providing a foundation for the Internet of Things (IoT), which <NODE id="4108" />IDC<NODE id="4111" /> defines as a network of uniquely identifiable endpoints (or things) that communicate without human interaction using IP connectivity. IIoT is at the heart of transforming some of the major industrial sector in India. The Industrial Internet of Things has been heralded primarily as a way to improve operational efficiency. But in today’s environment, industries especially like oil and gas, manufacturing, power generation, mining, aviation, transportation, healthcare can also benefit greatly by seeing it as a tool for finding growth in unexpected opportunities. Some of the advantages that various sectors would benefit using the IIoT are: Improved productivity; quick response to fluctuations in demand; maximized operational efficiency, safety and reliability, using <NODE id="4884" />smart sensors<NODE id="4897" /> and digital control systems; reduced operating costs and fuel consumption; enhanced agility and flexibility, reduced energy consumption and carbon footprint; improved asset utilization; efficient processes. Which sectors in your view hold the biggest potential and why? .Industrial IoT can help organizations utilize their business infrastructure and assets in innovative ways to offer new services and deliver additional revenue. Moreover, deriving meaningful information from the huge volumes of data that IoT produces can improve decision–making and enable proactive, predictive insights. While the scope and potential of IoT is vast, a few industries are best poised to reap the benefits. They are:Manufacturing, Oil and Gas, Aviation, Power, Healthcare. IIoT introduces innumerable opportunities for innovative services that can be offered using smart devices, machines and products. Organizations can benefit from new revenue streams generated by new business models and services, as well as reduced time to market and increased returns from their R&amp;D investments. Can you give us some examples of your existing clients in India, who are using your IoT solutions, and the benefits they have obtained due to deployment of such solutions? <NODE id="6141" />Honeywell Process Solutions<NODE id="6168" /> has a large base of customers from the oil and gas sector and some of the common challenges that our customers come with are: 1) Increasing technical and business complexity 2) Aging workforce 3) 'Firefighting' instead of proactive optimization services 4) Need for more integrated &amp; remote operations etc. Some of the benefits that our customers have received from using the Industrial Internet of Things by <NODE id="6578" />Honeywell<NODE id="6587" /> include: 1) Real-time analytics software detects &amp; prioritizes abnormal events and maps workflow to convert alarms and alerts into fast action 2) Defined equipment/process alerts service linked to standard operation procedures to easily scale up surveillance across multiple assets 3) Managed surveillance via centralized, remote operation center that links key alerts/analytics to team of experts required to analyse them and take immediate action 4)Solution pulls real time data from <NODE id="7074" />sensors<NODE id="7081" /> across multiple sites and assets, and from various equipment types and OEMs Hence in many ways <NODE id="7177" />Honeywell’s<NODE id="7188" /> IIoT solutions provide a new form of automation system architecture that balance the appliance-hosted capabilities necessary to provide safe, secure and long-lasting automation for complex manufacturing systems and processes. Leave a Reply Cancel reply Data Center
</TEXT>
<Meta>
<feature featureName="id" featureValue="vico/7b4a7a69-231f-35fe-b73d-4d125788d45e" />
<feature featureName="source" featureValue="sensor_corpus" />
<feature featureName="lang" featureValue="en" />
<feature featureName="pubDate" featureValue="2016-02-05T12:22:11Z" />
<feature featureName="indexDate" featureValue="2016-07-13T11:21:50.031Z" />
<feature featureName="uri" featureValue="http://www.dqindia.com/cloud-technology-is-a-platform-that-unites-new-technologies-and-helps-the-concept-of-iiot-come-to-life-vikas-chadha-managing-director-hail-and-india-leader-hps/" />
<feature featureName="solrEventType" featureValue="None" /></Meta><Entities>
<Entity id="0" startPos="118" endPos="145" type="organization" surface="Honeywell Process Solutions" />
<Entity id="1" startPos="146" endPos="155" type="organization" surface="Dataquest" />
<Entity id="2" startPos="206" endPos="210" type="organization" surface="HAIL" />
<Entity id="3" startPos="230" endPos="233" type="organization" surface="HPS" />
<Entity id="4" startPos="281" endPos="290" type="organization" surface="Honeywell" />
<Entity id="5" startPos="865" endPos="879" type="product" surface="mobile devices" />
<Entity id="6" startPos="1536" endPos="1555" type="product" surface="Intuition Executive" />
<Entity id="7" startPos="1556" endPos="1558" type="trigger" surface="by" />
<Entity id="8" startPos="1559" endPos="1568" type="organization" surface="Honeywell" />
<Entity id="9" startPos="1714" endPos="1736" type="product" surface="Experion Orion Console" />
<Entity id="10" startPos="2506" endPos="2515" type="organization" surface="Honeywell" />
<Entity id="11" startPos="3075" endPos="3091" type="product" surface="wireless sensors" />
<Entity id="12" startPos="3113" endPos="3122" type="organization" surface="Honeywell" />
<Entity id="13" startPos="3991" endPos="3998" type="product" surface="sensors" />
<Entity id="14" startPos="4108" endPos="4111" type="organization" surface="IDC" />
<Entity id="15" startPos="4884" endPos="4897" type="product" surface="smart sensors" />
<Entity id="16" startPos="6141" endPos="6168" type="organization" surface="Honeywell Process Solutions" />
<Entity id="17" startPos="6578" endPos="6587" type="organization" surface="Honeywell" />
<Entity id="18" startPos="7074" endPos="7081" type="product" surface="sensors" />
<Entity id="19" startPos="7177" endPos="7188" type="organization" surface="Honeywell’s" /></Entities><Relations>
<Relation id="20" NAME="CompanyProvidesProduct">
<Entity id="6" label="product" />
<Entity id="8" label="company" />
<Entity id="7" label="trigger" />
</Relation>
<Relation id="21" NAME="Identity">
<Entity id="0" label="source" />
<Entity id="3" label="target" />
<Entity id="16" label="target" />
<Entity id="4" label="target" />
<Entity id="17" label="target" />
<Entity id="12" label="target" />
<Entity id="19" label="target" />
<Entity id="10" label="target" />
<Entity id="8" label="target" />
</Relation>
<Relation id="22" NAME="identity">
<Entity id="11" label="source" />
<Entity id="18" label="target" />
<Entity id="13" label="target" />
<Entity id="15" label="target" />
</Relation></Relations>
</Document>
