<?xml version="1.0" encoding="UTF-8"?>
<Document>
<TEXT>About Cookies We want you to enjoy your visit to our website. That's why we use cookies to enhance your experience. By staying on our website you agree to our use of cookies. More info about cookies. National News <NODE id="214" />Door sensors<NODE id="226" /> and <NODE id="231" />speakers<NODE id="239" /> 'emit high frequency sounds linked to illness' Sources of ultrasound in public places include <NODE id="334" />loudspeakers<NODE id="346" /> and <NODE id="351" />public address systems<NODE id="373" /> <NODE id="374" />Press Association<NODE id="391" /> 2014 / / National News High frequency sounds generated by <NODE id="450" />door sensors<NODE id="462" />, <NODE id="464" />public address systems<NODE id="486" /> and machinery could be making people feel ill, research suggests. Despite being beyond the range of human hearing, ultrasound in the air may be responsible for numerous complaints of sickness, dizziness, migraines, fatigue and tinnitus, it is claimed. It has been known for a number of years that workers exposed to occupational ultrasound from cleaning or drilling equipment suffer similar effects. Typical sources of ultrasound in public places include <NODE id="942" />loudspeakers<NODE id="954" />, <NODE id="956" />door sensors<NODE id="968" /> and <NODE id="973" />public address systems<NODE id="995" />. Study author Professor Tim Leighton is calling for new research-based guidelines to protect members of the public from the hidden noise hazard. He said: Existing guidelines are insufficient for such large public exposures as the vast majority refer to occupational exposure, where workers are aware of the exposure, can be monitored and can wear protection. Furthermore, the guidelines are based on the average response of small group, often of adult males. The guidelines are also based on an insufficient evidence base, most of which was collected over 40 years ago by researchers who considered it insufficient to finalise guidelines, but which produced preliminary guidelines. This warning of inadequacy was lost as regulatory bodies and organisations issued 'new' guidelines based on these early guidelines, and through such repetition generated a false impression of consensus. Prof Leighton, from the University of Southampton's Institute of Sound and Vibration Research, took readings of very high frequency ultrasonic fields (VHF/US) in a number of locations including a large library, a railway station, a school, a sports stadium, and the toilet block at a public swimming pool. Promoted stories Analysis of the recordings showed members of the public were regularly exposed to ultrasound frequencies higher than 20,000 cycles per second (20kHz), the threshold for current occupational guidelines. A frequency of 20kHz is at the highest end of a young person's hearing range. Generally people hear sounds within a range of about 15-18kHz. Individuals who are unlikely to be aware of such exposures are complaining, for themselves and their children, of a number of negative conditions, said Prof Leighton, whose findings are reported in the journal Proceedings of the Royal Society A. Recent data suggests that one in 20 people aged 40-49 years have hearing thresholds that are at least 20 decibels (dB) more sensitive at 20kHZ than that of the average 30-39 year old. Moreover, 5% of the five to 19 year age group is reported to have a 20kHz threshold that is 60 dB more sensitive than the median (middle of the range) for the 30-39 year age group. The lack of research means that it is not possible to prove or disprove the public health risk or discomfort. However, it is important that sufferers are able to identify the true cause of their symptoms, whether they result from VHF/US exposure or not. He recommended that the old occupational guidelines should not apply to public or residential exposure to ultrasound. Promoted Stories <NODE id="3547" />Door sensors<NODE id="3559" /> and <NODE id="3564" />speakers<NODE id="3572" /> 'emit high frequency sounds linked to illness' Sorry, an error occurred. Sign in or Register to leave a comment and/or receive comment alerts.
</TEXT>
<Meta>
<feature featureName="id" featureValue="vico/675ff78f-a8a1-3bf8-8447-b2d666dc7cf6" />
<feature featureName="source" featureValue="sensor_corpus" />
<feature featureName="lang" featureValue="en" />
<feature featureName="pubDate" featureValue="2016-01-20T06:24:38Z" />
<feature featureName="indexDate" featureValue="2016-07-13T11:14:17.983Z" />
<feature featureName="uri" featureValue="http://www.knutsfordguardian.co.uk/news/national/14215739.Door_sensors_and_speakers__emit_high_frequency_sounds_linked_to_illness_/" />
<feature featureName="solrEventType" featureValue="None" /></Meta><Entities>
<Entity id="0" startPos="214" endPos="226" type="product" surface="Door sensors" />
<Entity id="1" startPos="231" endPos="239" type="product" surface="speakers" />
<Entity id="2" startPos="334" endPos="346" type="product" surface="loudspeakers" />
<Entity id="3" startPos="351" endPos="373" type="product" surface="public address systems" />
<Entity id="4" startPos="374" endPos="391" type="organization" surface="Press Association" />
<Entity id="5" startPos="450" endPos="462" type="product" surface="door sensors" />
<Entity id="6" startPos="464" endPos="486" type="product" surface="public address systems" />
<Entity id="7" startPos="942" endPos="954" type="product" surface="loudspeakers" />
<Entity id="8" startPos="956" endPos="968" type="product" surface="door sensors" />
<Entity id="9" startPos="973" endPos="995" type="product" surface="public address systems" />
<Entity id="10" startPos="3547" endPos="3559" type="product" surface="Door sensors" />
<Entity id="11" startPos="3564" endPos="3572" type="product" surface="speakers" /></Entities><Relations>
<Relation id="12" NAME="identity">
<Entity id="0" label="source" />
<Entity id="8" label="target" />
<Entity id="5" label="target" />
<Entity id="10" label="target" />
</Relation>
<Relation id="13" NAME="identity">
<Entity id="1" label="source" />
<Entity id="11" label="target" />
<Entity id="7" label="target" />
<Entity id="2" label="target" />
</Relation>
<Relation id="14" NAME="identity">
<Entity id="3" label="source" />
<Entity id="6" label="target" />
<Entity id="9" label="target" />
</Relation></Relations>
</Document>
