<?xml version="1.0" encoding="UTF-8"?>
<Document>
<TEXT><NODE id="0" />Grand View Research, Inc.<NODE id="25" /> – <NODE id="28" />Market Research<NODE id="43" /> And <NODE id="48" />Consulting<NODE id="58" />. <NODE id="60" />GrandViewResearch.com<NODE id="81" /> has announced the addition of '<NODE id="113" />Global <NODE id="120" />Energy Management Systems<NODE id="145" /> (<NODE id="147" />EMS<NODE id="150" />) Market Analysis And Segment Forecasts To 2022<NODE id="197" />″ <NODE id="199" />Market Research<NODE id="214" /> <NODE id="215" />report<NODE id="221" /> to their Database The <NODE id="244" />energy<NODE id="250" /> management systems<NODE id="269" /> (<NODE id="271" />EMS<NODE id="274" />) market is poised for around USD 58.6 billion by 2022. It had a turnaround of USD 20.5 million in 2014. The need for efficient &amp; reliable Information Technology (IT) platforms for monitoring &amp; controlling available energy sources will drive market demand. Innovative products combined with technological advancements should invite investments in the market. <NODE id="633" />EMS<NODE id="636" /> is an IT tool across various platforms for energy efficiency through process optimization. Energy efficiency can lead several industries to adopt this tool in the years ahead. <NODE id="813" />Energy management systems<NODE id="838" /> would also gain prominence across the <NODE id="877" />manufacturing<NODE id="890" /> and <NODE id="895" />power &amp; energy<NODE id="909" /> industries for energy assessment and real-time monitoring. Full <NODE id="974" />research report<NODE id="989" /> on <NODE id="993" />energy management systems<NODE id="1018" /> (<NODE id="1020" />EMS<NODE id="1023" />) market  analysis: http://www.grandviewresearch.com/industry-analysis/energy-management-systems-market Environmental concerns and attempts to reduce carbon emissions have expanded the <NODE id="1208" />energy management systems<NODE id="1233" /> (<NODE id="1235" />EMS<NODE id="1238" />) market in the last ten years. Rising energy costs force corporations to adopt <NODE id="1318" />EMS<NODE id="1321" /> &amp; SCADA (supervisory control and data acquisition) systems to boost their profit margins. High investment costs with minimal returns are a hurdle for the market. But research &amp; developments for the commercialization of products are expected to open new market avenues. <NODE id="1591" />Industrial <NODE id="1602" />Energy Management Systems<NODE id="1627" /> (<NODE id="1629" />IEMS<NODE id="1633" />), <NODE id="1636" />Building <NODE id="1645" />Energy Management Systems<NODE id="1670" /> (<NODE id="1672" />BEMS<NODE id="1676" />), and <NODE id="1683" />Home <NODE id="1688" />Energy Management Systems<NODE id="1713" /> (<NODE id="1715" />HEMS<NODE id="1719" />) are products constituting the market. <NODE id="1759" />IEMS<NODE id="1763" /> was the largest product, earning 60% of the total revenues in 2014. <NODE id="1832" />HEMS<NODE id="1836" /> could experience the highest growth in the future. This will be attributed to multiple smart home &amp; green building projects in Germany, and the U.S. &amp; U.K. Request for sample of this <NODE id="2020" />research report<NODE id="2035" />: http://www.grandviewresearch.com/industry-analysis/energy-management-systems-market/request <NODE id="2129" />Sensors<NODE id="2136" />, controllers, and software are components in the <NODE id="2186" />energy management systems<NODE id="2211" /> (<NODE id="2213" />EMS<NODE id="2216" />) market. Software should be the fastest growing component, at about 16.3% CAGR during 2015 to 2022 (forecast period). <NODE id="2335" />Power &amp; energy<NODE id="2349" />, telecom &amp; IT, <NODE id="2365" />manufacturing<NODE id="2378" />, healthcare, and retail &amp; offices are the applications. <NODE id="2435" />Power &amp; energy<NODE id="2449" /> was the major revenue generator, at around USD 22.6 million in 2014. Geographically, North America dominated the market, capturing 40% of the overall shares in 2014. ‘Energy Star’ &amp; other governmental initiatives allow business companies to optimize their energy performance by implementing <NODE id="2741" />EMS<NODE id="2744" />. Asia Pacific is projected to experience the highest growth in the seven years ahead. This region may exceed USD 13 billion by 2022. The same can be credited to improving energy infrastructure and rapid industrialization in India, Indonesia, and China. Reputed participants in the worldwide <NODE id="3036" />energy management systems<NODE id="3061" /> (<NODE id="3063" />EMS<NODE id="3066" />) market comprise <NODE id="3084" />Honeywell<NODE id="3093" />, <NODE id="3095" />C3 Energy<NODE id="3104" />, <NODE id="3106" />Siemens Energy<NODE id="3120" />, <NODE id="3122" />Elster Group GmbH<NODE id="3139" />, and <NODE id="3145" />Schneider Electric<NODE id="3163" />. View more <NODE id="3175" />reports<NODE id="3182" /> of this category by <NODE id="3203" />Grand View Research<NODE id="3222" /> at: http://www.grandviewresearch.com/industry/emerging-and-next-generation-technologies About <NODE id="3317" />Grand View Research<NODE id="3336" /> <NODE id="3337" />Grand View Research, Inc.<NODE id="3362" /> is a U.S. based <NODE id="3379" />market research<NODE id="3394" /> and <NODE id="3399" />consulting<NODE id="3409" /> <NODE id="3410" />company<NODE id="3417" />, registered in the State of California and headquartered in San Francisco. The <NODE id="3497" />company<NODE id="3504" /> <NODE id="3505" />provides<NODE id="3513" /> <NODE id="3514" />syndicated research reports<NODE id="3541" />, <NODE id="3543" />customized research reports<NODE id="3570" />, and <NODE id="3576" />consulting services<NODE id="3595" />. To help clients make informed business decisions, <NODE id="3647" />we<NODE id="3649" /> <NODE id="3650" />offer<NODE id="3655" /> <NODE id="3656" />market intelligence studies<NODE id="3683" /> ensuring relevant and fact-based research across a range of industries, from technology to chemicals, materials and healthcare. Web: www.grandviewresearch.com Media Contact Company Name: <NODE id="3871" />Grand View Research, Inc.<NODE id="3896" /> Contact Person: Sherry James, Corporate Sales Specialist – U.S.A. Email: Send Email Phone: 1-415-349-0058, Toll Free: 1-888-202-9519 Address: 28 2nd Street, Suite 3036 City: San Francisco State: California Country: United States Website: http://www.grandviewresearch.com/industry-analysis/energy-management-systems-market
</TEXT>
<Meta>
<feature featureName="id" featureValue="vico/fc1f9648-2d21-390b-96a0-0e7fe5751638" />
<feature featureName="source" featureValue="sensor_corpus" />
<feature featureName="lang" featureValue="en" />
<feature featureName="pubDate" featureValue="2016-02-02T03:08:20Z" />
<feature featureName="indexDate" featureValue="2016-07-13T12:10:59.889Z" />
<feature featureName="uri" featureValue="http://www.texasnewsheadlines.com/story/73447/energy-management-systems-ems-market-is-expected-to-grow-rapidly-owing-to-huge-demand-in-manufacturing-and-power-energy-industries-till-2022-grand-view-research-inc.html" />
<feature featureName="solrEventType" featureValue="None" /></Meta><Entities>
<Entity id="0" startPos="0" endPos="25" type="organization" surface="Grand View Research, Inc." />
<Entity id="1" startPos="28" endPos="43" type="product" surface="Market Research" />
<Entity id="2" startPos="48" endPos="58" type="product" surface="Consulting" />
<Entity id="3" startPos="60" endPos="81" type="organization" surface="GrandViewResearch.com" />
<Entity id="4" startPos="113" endPos="197" type="product" surface="Global Energy Management Systems (EMS) Market Analysis And Segment Forecasts To 2022" />
<Entity id="5" startPos="120" endPos="145" type="product" surface="Energy Management Systems" />
<Entity id="6" startPos="147" endPos="150" type="product" surface="EMS" />
<Entity id="7" startPos="199" endPos="214" type="product" surface="Market Research" />
<Entity id="8" startPos="215" endPos="221" type="trigger" surface="report" />
<Entity id="9" startPos="244" endPos="250" type="product" surface="energy" />
<Entity id="10" startPos="244" endPos="269" type="product" surface="energy management systems" />
<Entity id="11" startPos="271" endPos="274" type="product" surface="EMS" />
<Entity id="12" startPos="633" endPos="636" type="product" surface="EMS" />
<Entity id="13" startPos="813" endPos="838" type="product" surface="Energy management systems" />
<Entity id="14" startPos="877" endPos="890" type="product" surface="manufacturing" />
<Entity id="15" startPos="895" endPos="909" type="product" surface="power &amp; energy" />
<Entity id="16" startPos="974" endPos="989" type="product" surface="research report" />
<Entity id="17" startPos="993" endPos="1018" type="product" surface="energy management systems" />
<Entity id="18" startPos="1020" endPos="1023" type="product" surface="EMS" />
<Entity id="19" startPos="1208" endPos="1233" type="product" surface="energy management systems" />
<Entity id="20" startPos="1235" endPos="1238" type="product" surface="EMS" />
<Entity id="21" startPos="1318" endPos="1321" type="product" surface="EMS" />
<Entity id="22" startPos="1591" endPos="1627" type="product" surface="Industrial Energy Management Systems" />
<Entity id="23" startPos="1602" endPos="1627" type="product" surface="Energy Management Systems" />
<Entity id="24" startPos="1629" endPos="1633" type="product" surface="IEMS" />
<Entity id="25" startPos="1636" endPos="1670" type="product" surface="Building Energy Management Systems" />
<Entity id="26" startPos="1645" endPos="1670" type="product" surface="Energy Management Systems" />
<Entity id="27" startPos="1672" endPos="1676" type="product" surface="BEMS" />
<Entity id="28" startPos="1683" endPos="1713" type="product" surface="Home Energy Management Systems" />
<Entity id="29" startPos="1688" endPos="1713" type="product" surface="Energy Management Systems" />
<Entity id="30" startPos="1715" endPos="1719" type="product" surface="HEMS" />
<Entity id="31" startPos="1759" endPos="1763" type="product" surface="IEMS" />
<Entity id="32" startPos="1832" endPos="1836" type="product" surface="HEMS" />
<Entity id="33" startPos="2020" endPos="2035" type="product" surface="research report" />
<Entity id="34" startPos="2129" endPos="2136" type="product" surface="Sensors" />
<Entity id="35" startPos="2186" endPos="2211" type="product" surface="energy management systems" />
<Entity id="36" startPos="2213" endPos="2216" type="product" surface="EMS" />
<Entity id="37" startPos="2335" endPos="2349" type="product" surface="Power &amp; energy" />
<Entity id="38" startPos="2365" endPos="2378" type="product" surface="manufacturing" />
<Entity id="39" startPos="2435" endPos="2449" type="product" surface="Power &amp; energy" />
<Entity id="40" startPos="2741" endPos="2744" type="product" surface="EMS" />
<Entity id="41" startPos="3036" endPos="3061" type="product" surface="energy management systems" />
<Entity id="42" startPos="3063" endPos="3066" type="product" surface="EMS" />
<Entity id="43" startPos="3084" endPos="3093" type="organization" surface="Honeywell" />
<Entity id="44" startPos="3095" endPos="3104" type="organization" surface="C3 Energy" />
<Entity id="45" startPos="3106" endPos="3120" type="organization" surface="Siemens Energy" />
<Entity id="46" startPos="3122" endPos="3139" type="organization" surface="Elster Group GmbH" />
<Entity id="47" startPos="3145" endPos="3163" type="organization" surface="Schneider Electric" />
<Entity id="48" startPos="3175" endPos="3182" type="product" surface="reports" />
<Entity id="49" startPos="3203" endPos="3222" type="organization" surface="Grand View Research" />
<Entity id="50" startPos="3317" endPos="3336" type="organization" surface="Grand View Research" />
<Entity id="51" startPos="3337" endPos="3362" type="organization" surface="Grand View Research, Inc." />
<Entity id="52" startPos="3379" endPos="3394" type="product" surface="market research" />
<Entity id="53" startPos="3399" endPos="3409" type="product" surface="consulting" />
<Entity id="54" startPos="3410" endPos="3417" type="trigger" surface="company" />
<Entity id="55" startPos="3497" endPos="3504" type="organization" surface="company" />
<Entity id="56" startPos="3505" endPos="3513" type="trigger" surface="provides" />
<Entity id="57" startPos="3514" endPos="3541" type="product" surface="syndicated research reports" />
<Entity id="58" startPos="3543" endPos="3570" type="product" surface="customized research reports" />
<Entity id="59" startPos="3576" endPos="3595" type="product" surface="consulting services" />
<Entity id="60" startPos="3647" endPos="3649" type="organization" surface="we" />
<Entity id="61" startPos="3650" endPos="3655" type="trigger" surface="offer" />
<Entity id="62" startPos="3656" endPos="3683" type="product" surface="market intelligence studies" />
<Entity id="63" startPos="3871" endPos="3896" type="organization" surface="Grand View Research, Inc." /></Entities><Relations>
<Relation id="64" NAME="CompanyProvidesProduct">
<Entity id="4" label="product" />
<Entity id="3" label="company" />
<Entity id="8" label="trigger" />
</Relation>
<Relation id="65" NAME="CompanyProvidesProduct">
<Entity id="53" label="product" />
<Entity id="52" label="product" />
<Entity id="51" label="company" />
<Entity id="54" label="trigger" />
</Relation>
<Relation id="66" NAME="CompanyProvidesProduct">
<Entity id="59" label="product" />
<Entity id="57" label="product" />
<Entity id="58" label="product" />
<Entity id="55" label="company" />
<Entity id="56" label="trigger" />
</Relation>
<Relation id="67" NAME="CompanyProvidesProduct">
<Entity id="62" label="product" />
<Entity id="60" label="company" />
<Entity id="61" label="trigger" />
</Relation>
<Relation id="68" NAME="Identity">
<Entity id="4" label="source" />
<Entity id="33" label="target" />
<Entity id="16" label="target" />
</Relation>
<Relation id="69" NAME="identity">
<Entity id="0" label="source" />
<Entity id="51" label="target" />
<Entity id="60" label="target" />
<Entity id="55" label="target" />
<Entity id="50" label="target" />
<Entity id="63" label="target" />
</Relation>
<Relation id="70" NAME="identity">
<Entity id="1" label="source" />
<Entity id="7" label="target" />
<Entity id="52" label="target" />
<Entity id="48" label="target" />
<Entity id="57" label="target" />
<Entity id="58" label="target" />
<Entity id="62" label="target" />
</Relation>
<Relation id="71" NAME="identity">
<Entity id="2" label="source" />
<Entity id="53" label="target" />
<Entity id="59" label="target" />
</Relation>
<Relation id="72" NAME="identity">
<Entity id="5" label="source" />
<Entity id="42" label="target" />
<Entity id="36" label="target" />
<Entity id="13" label="target" />
<Entity id="21" label="target" />
<Entity id="40" label="target" />
<Entity id="11" label="target" />
<Entity id="19" label="target" />
<Entity id="17" label="target" />
<Entity id="12" label="target" />
<Entity id="18" label="target" />
<Entity id="29" label="target" />
<Entity id="23" label="target" />
<Entity id="26" label="target" />
<Entity id="10" label="target" />
<Entity id="41" label="target" />
<Entity id="35" label="target" />
<Entity id="20" label="target" />
<Entity id="6" label="target" />
</Relation>
<Relation id="73" NAME="identity">
<Entity id="14" label="source" />
<Entity id="38" label="target" />
</Relation>
<Relation id="74" NAME="identity">
<Entity id="15" label="source" />
<Entity id="37" label="target" />
<Entity id="39" label="target" />
</Relation>
<Relation id="75" NAME="identity">
<Entity id="23" label="source" />
<Entity id="24" label="target" />
</Relation>
<Relation id="76" NAME="identity">
<Entity id="26" label="source" />
<Entity id="27" label="target" />
</Relation>
<Relation id="77" NAME="identity">
<Entity id="28" label="source" />
<Entity id="30" label="target" />
</Relation></Relations>
</Document>
