<?xml version="1.0" encoding="UTF-8"?>
<Document>
<TEXT>TV | By Joan E. Solsman on January 7, 2016 @ 8:24 pm Follow @joan_e Joan E. Solsman Related Chief business officer for online video site tells <NODE id="143" />TheWrap<NODE id="150" /> his dire prediction of TV's demise doesn't extend to networks like <NODE id="218" />ABC<NODE id="221" /> and <NODE id="226" />NBC Digital<NODE id="237" /> video is going to displace TV, but that could be a boon for TV networks, top <NODE id="315" />YouTube<NODE id="322" /> chief business officer Robert Kyncl said in an interview Thursday with <NODE id="394" />TheWrap<NODE id="401" />. At a keynote presentation at the Consumer Electronics Show in Las Vegas Thursday, Kyncl listed reasons that digital video would displace TV, predicting it would become the single largest way people spend their free time by the end of this decade. But in an exclusive interview with <NODE id="685" />TheWrap<NODE id="692" /> following his speech, Kyncl said his prediction of TV's demise is less focused on who makes the content but how it's delivered. Also Read: <NODE id="832" />NBCUniversal<NODE id="844" />'s Steve Burke on What Gives Him More Headaches Than <NODE id="897" />Netflix<NODE id="904" /> When I say that 75 percent of all video will be transmitted through the Internet, that doesn't necessarily mean it's video made for the Internet, he said. It will also be content from <NODE id="1089" />ABC<NODE id="1092" />, <NODE id="1094" />NBC<NODE id="1097" /> - people who have honed their craft. I don't think they should feel threatened - this is positive for the content industry, he said. Digital video, however, is a key factor in a pronounced slide in television ratings in the last year, particularly at cable networks. For traditional TV companies that rely on ratings to determine how much money they make from advertising, online video options like <NODE id="1497" />Netflix<NODE id="1504" /> and <NODE id="1509" />YouTube<NODE id="1516" /> are siphoning away the fuel of their core businesses. Also Read: <NODE id="1582" />Netflix<NODE id="1589" /> Expands to 130 Countries, Viewership Hit 12 Billion Hours in 4th Quarter <NODE id="1663" />YouTube<NODE id="1670" /> is the biggest video website in the world, with more than 1 billion people visiting it monthly - one out of every seven people on the planet. The <NODE id="1817" />site<NODE id="1821" />'s origin in user-generated content secured <NODE id="1865" />its<NODE id="1868" /> reputation for prank clips and cat videos, but as <NODE id="1919" />its<NODE id="1922" /> reach has grown, the content on the <NODE id="1959" />site<NODE id="1963" /> has diversified to include more sophisticated material. <NODE id="2020" />YouTube<NODE id="2027" />'s immense audience has lured traditional entertainment companies to distribute content on the platform, to acquire digital upstarts, and to seek out next-generation talent who rose to prominence on the <NODE id="2230" />site<NODE id="2234" />. During his keynote, Kyncl said <NODE id="2267" />YouTube<NODE id="2274" /> and <NODE id="2279" />Nielsen<NODE id="2286" /> found that 18- to 34-year-olds spent 9 percent less time watching TV last year, while the same audience spent 48 percent more time on <NODE id="2421" />YouTube<NODE id="2428" />, with mobile viewing the largest source of growth. The average time people spend watching video on their mobile device is 40 minutes, an increase of 50 percent from a year earlier. Email 13 Gadgets and People to Get Excited About at 2016 CES (Updating Photos) 2016 International Consumer Electronics Show CES K-1 Assistive Devices are 3D-printable, functional, prosthetic hands that are donated to people in need. 3D Systems The <NODE id="2858" />Ōura<NODE id="2862" /> smart ring<NODE id="2873" /> is a wellness computer paired with an app designed to help track your sleep and adjust your daily activities to optimize them. Ouraring Secretive California automaker <NODE id="3041" />Faraday Future<NODE id="3055" /> unveiled <NODE id="3065" />its<NODE id="3068" /> 1,000-horsepower <NODE id="3086" />electric concept car<NODE id="3106" /> Monday night. Integrating a partnership with Chinese media firm <NODE id="3171" />LeTV<NODE id="3175" />, <NODE id="3177" />it<NODE id="3179" /> provides a peek at the <NODE id="3203" />company<NODE id="3210" />'s<NODE id="3212" /> first production <NODE id="3230" />vehicle<NODE id="3237" />, set to go on sale in two years.  <NODE id="3272" />Faraday Future<NODE id="3286" /> <NODE id="3287" />Cerevo<NODE id="3293" />'s<NODE id="3295" /> <NODE id="3296" />Tipron<NODE id="3302" /> is a cute scooting <NODE id="3322" />robot<NODE id="3327" /> <NODE id="3328" />that<NODE id="3332" /> transforms into an <NODE id="3352" />Internet-connected projector<NODE id="3380" />. <NODE id="3382" />Its<NODE id="3385" /> articulated head and neck allow <NODE id="3418" />it<NODE id="3420" /> to project an 80-inch screen at different heights and angles, and <NODE id="3487" />it<NODE id="3489" /> folds <NODE id="3496" />itself<NODE id="3502" /> to a compact size when your movie is finished. <NODE id="3550" />Cerevo<NODE id="3556" /> Prizm<NODE id="3562" /> is a twist on the <NODE id="3581" />music player<NODE id="3593" />. A tool you plug into any speaker, <NODE id="3629" />it<NODE id="3631" /> identifies who is in the room, what their music preferences are and the current mood -- and decides what's best to play. <NODE id="3753" />Prizm<NODE id="3758" /> <NODE id="3759" />Sphero<NODE id="3765" />'s<NODE id="3767" /> <NODE id="3768" />BB-8<NODE id="3772" /> is a Stars Wars-inspired <NODE id="3798" />wearable wristband<NODE id="3816" /> <NODE id="3817" />that<NODE id="3821" /> will let you use gestures to control and puppeteer the Force Awakens droid. <NODE id="3898" />Getty Images<NODE id="3910" /> Shaken or stirred? <NODE id="3930" />Somabar<NODE id="3937" /> is a Wi-Fi connected robotic bartender that can make more than 300 different cocktails. <NODE id="4026" />Somabar<NODE id="4033" /> <NODE id="4034" />Seaboard Rise<NODE id="4047" />'s <NODE id="4050" />keyboard<NODE id="4058" /> remodels the <NODE id="4072" />portable piano<NODE id="4086" /> with a soft, sensor-embedded surface that responds to even light touches, and a thin lightweight form that makes <NODE id="4200" />it<NODE id="4202" /> easy to take on the go. <NODE id="4227" />Roli<NODE id="4231" /> Sick of hunting for a <NODE id="4254" />AAA battery<NODE id="4265" /> when your remote goes dead? The <NODE id="4298" />Pilot<NODE id="4303" /> ECO USBCell<NODE id="4315" /> is a <NODE id="4321" />USB plug-in battery<NODE id="4340" /> <NODE id="4341" />that<NODE id="4345" /> fits the standard AA or AAA size. The first battery of <NODE id="4401" />its<NODE id="4404" /> kind on the market, <NODE id="4425" />it<NODE id="4427" /> can plug into virtually any USB port to recharge. <NODE id="4478" />Pilot<NODE id="4483" /> <NODE id="4484" />Sengled<NODE id="4491" /> <NODE id="4492" />Voice<NODE id="4497" /> integrates a <NODE id="4511" />microphone<NODE id="4521" />, <NODE id="4523" />speaker<NODE id="4530" /> and <NODE id="4535" />LED bulb<NODE id="4543" />. Owners can control devices via voice commands, and <NODE id="4596" />it<NODE id="4598" /> can enhance home security and safety by detecting the sound of glass breaking or a baby crying. <NODE id="4695" />Sengled<NODE id="4702" /> The <NODE id="4707" />Alcatel<NODE id="4714" /> CareTime kid's smartwatch<NODE id="4740" /> is equipped with <NODE id="4758" />its<NODE id="4761" /> own <NODE id="4766" />SIM card<NODE id="4774" /> for children to call for help with the five pre-set numbers their parents approve and a <NODE id="4863" />GPS tracker<NODE id="4874" /> that allows parents to set safety boundary on <NODE id="4921" />Google Map<NODE id="4931" /> and get alert if their kids exit that area. <NODE id="4976" />Getty Images<NODE id="4988" /> Entourage star Adrian Grenier greeted the audience at the Dell Consumer Press Dinner on Jan. 7 <NODE id="5084" />Getty Images<NODE id="5096" /> <NODE id="5097" />Sony<NODE id="5101" /> President and CEO Kazuo Hirai spoke to members of the media during a press event for CES 2016 at the Mandalay Bay Convention Center in Las Vegas on Jan. 5, 2016 <NODE id="5263" />Getty Images<NODE id="5275" /> President and COO of <NODE id="5297" />Samsung Electronics America<NODE id="5324" /> Tim Baxter spoke to members of the media during a press event for CES 2016 at the Mandalay Bay Convention Center on Jan. 5, 2016 in Las Vegas, Nevada.  <NODE id="5477" />Getty Images<NODE id="5489" /> <NODE id="5490" />Sony Electronics<NODE id="5506" /> President and COO Mike Fasulo spoke to members of the media during a press event for CES 2016 at the Mandalay Bay Convention Center on January 5, 2016 in Las Vegas, Nevada. <NODE id="5680" />Getty Images<NODE id="5692" /> Funimation<NODE id="5703" /> Founder and CEO Gen Fukunaga and COO Mike DuBoise pose with characters as they arrive at the FunimationNow 2016 CES launch party on Jan. 7 <NODE id="5843" />Getty Images<NODE id="5855" /> Nick Cannon (far right) was joined by Alex Hissom, Andrea Wynn, Wynn Resorts Chairman and CEO Steve Wynn for the Encore Player's Club grand opening celebration at <NODE id="6019" />Wynn Las Vegas<NODE id="6033" /> on Jan. 6 during CES. <NODE id="6056" />Getty Images<NODE id="6068" /> Bob Marley's son, Rohan arrives at the House of Marley booth during CES 2016. <NODE id="6147" />Getty Images<NODE id="6159" /> http://twitter.com/share?text=YouTube's Robert Kyncl: TV Is Dying, But Not TV Networks&amp;via=TheWrap&amp;url=https%3A%2F%2Fwww.thewrap.com%2Fyoutubes-robert-kyncl-tv-is-dying-but-not-tv-networks%2F&amp;t=YouTube's Robert Kyncl: TV Is Dying, But Not TV Networks http://www.facebook.com/sharer.php?u=https%3A%2F%2Fwww.thewrap.com%2Fyoutubes-robert-kyncl-tv-is-dying-but-not-tv-networks%2F&amp;t=YouTube's Robert Kyncl: TV Is Dying, But Not TV Networks
</TEXT>
<Meta>
<feature featureName="id" featureValue="vico/f4442346-0f52-3f9d-9a72-7f5a8329d073" />
<feature featureName="source" featureValue="sensor_corpus" />
<feature featureName="lang" featureValue="en" />
<feature featureName="pubDate" featureValue="2016-01-24T16:52:30Z" />
<feature featureName="indexDate" featureValue="2016-07-13T12:08:01.252Z" />
<feature featureName="uri" featureValue="https://www.thewrap.com/youtubes-robert-kyncl-tv-is-dying-but-not-tv-networks/" />
<feature featureName="solrEventType" featureValue="None" /></Meta><Entities>
<Entity id="0" startPos="143" endPos="150" type="organization" surface="TheWrap" />
<Entity id="1" startPos="218" endPos="221" type="organization" surface="ABC" />
<Entity id="2" startPos="226" endPos="237" type="organization" surface="NBC Digital" />
<Entity id="3" startPos="315" endPos="322" type="organization" surface="YouTube" />
<Entity id="4" startPos="394" endPos="401" type="organization" surface="TheWrap" />
<Entity id="5" startPos="685" endPos="692" type="organization" surface="TheWrap" />
<Entity id="6" startPos="832" endPos="844" type="organization" surface="NBCUniversal" />
<Entity id="7" startPos="897" endPos="904" type="organization" surface="Netflix" />
<Entity id="8" startPos="1089" endPos="1092" type="organization" surface="ABC" />
<Entity id="9" startPos="1094" endPos="1097" type="organization" surface="NBC" />
<Entity id="10" startPos="1497" endPos="1504" type="organization" surface="Netflix" />
<Entity id="11" startPos="1509" endPos="1516" type="organization" surface="YouTube" />
<Entity id="12" startPos="1582" endPos="1589" type="organization" surface="Netflix" />
<Entity id="13" startPos="1663" endPos="1670" type="organization" surface="YouTube" />
<Entity id="14" startPos="1817" endPos="1821" type="organization" surface="site" />
<Entity id="15" startPos="1865" endPos="1868" type="organization" surface="its" />
<Entity id="16" startPos="1919" endPos="1922" type="organization" surface="its" />
<Entity id="17" startPos="1959" endPos="1963" type="organization" surface="site" />
<Entity id="18" startPos="2020" endPos="2027" type="organization" surface="YouTube" />
<Entity id="19" startPos="2230" endPos="2234" type="organization" surface="site" />
<Entity id="20" startPos="2267" endPos="2274" type="organization" surface="YouTube" />
<Entity id="21" startPos="2279" endPos="2286" type="organization" surface="Nielsen" />
<Entity id="22" startPos="2421" endPos="2428" type="organization" surface="YouTube" />
<Entity id="23" startPos="2858" endPos="2862" type="organization" surface="Ōura" />
<Entity id="24" startPos="2858" endPos="2873" type="product" surface="Ōura smart ring" />
<Entity id="25" startPos="3041" endPos="3055" type="organization" surface="Faraday Future" />
<Entity id="26" startPos="3065" endPos="3068" type="organization" surface="its" />
<Entity id="27" startPos="3065" endPos="3068" type="trigger" surface="its" />
<Entity id="28" startPos="3086" endPos="3106" type="product" surface="electric concept car" />
<Entity id="29" startPos="3171" endPos="3175" type="organization" surface="LeTV" />
<Entity id="30" startPos="3177" endPos="3179" type="organization" surface="it" />
<Entity id="31" startPos="3203" endPos="3210" type="organization" surface="company" />
<Entity id="32" startPos="3210" endPos="3212" type="trigger" surface="'s" />
<Entity id="33" startPos="3230" endPos="3237" type="product" surface="vehicle" />
<Entity id="34" startPos="3272" endPos="3286" type="organization" surface="Faraday Future" />
<Entity id="35" startPos="3287" endPos="3293" type="organization" surface="Cerevo" />
<Entity id="36" startPos="3293" endPos="3295" type="trigger" surface="'s" />
<Entity id="37" startPos="3296" endPos="3302" type="product" surface="Tipron" />
<Entity id="38" startPos="3322" endPos="3327" type="product" surface="robot" />
<Entity id="39" startPos="3328" endPos="3332" type="product" surface="that" />
<Entity id="40" startPos="3352" endPos="3380" type="product" surface="Internet-connected projector" />
<Entity id="41" startPos="3382" endPos="3385" type="product" surface="Its" />
<Entity id="42" startPos="3418" endPos="3420" type="product" surface="it" />
<Entity id="43" startPos="3487" endPos="3489" type="product" surface="it" />
<Entity id="44" startPos="3496" endPos="3502" type="product" surface="itself" />
<Entity id="45" startPos="3550" endPos="3556" type="organization" surface="Cerevo" />
<Entity id="46" startPos="3550" endPos="3562" type="product" surface="Cerevo Prizm" />
<Entity id="47" startPos="3581" endPos="3593" type="product" surface="music player" />
<Entity id="48" startPos="3629" endPos="3631" type="product" surface="it" />
<Entity id="49" startPos="3753" endPos="3758" type="product" surface="Prizm" />
<Entity id="50" startPos="3759" endPos="3765" type="organization" surface="Sphero" />
<Entity id="51" startPos="3765" endPos="3767" type="trigger" surface="'s" />
<Entity id="52" startPos="3768" endPos="3772" type="product" surface="BB-8" />
<Entity id="53" startPos="3798" endPos="3816" type="product" surface="wearable wristband" />
<Entity id="54" startPos="3817" endPos="3821" type="product" surface="that" />
<Entity id="55" startPos="3898" endPos="3910" type="organization" surface="Getty Images" />
<Entity id="56" startPos="3930" endPos="3937" type="product" surface="Somabar" />
<Entity id="57" startPos="4026" endPos="4033" type="product" surface="Somabar" />
<Entity id="58" startPos="4034" endPos="4047" type="product" surface="Seaboard Rise" />
<Entity id="59" startPos="4050" endPos="4058" type="product" surface="keyboard" />
<Entity id="60" startPos="4072" endPos="4086" type="product" surface="portable piano" />
<Entity id="61" startPos="4200" endPos="4202" type="product" surface="it" />
<Entity id="62" startPos="4227" endPos="4231" type="organization" surface="Roli" />
<Entity id="63" startPos="4254" endPos="4265" type="product" surface="AAA battery" />
<Entity id="64" startPos="4298" endPos="4303" type="organization" surface="Pilot" />
<Entity id="65" startPos="4298" endPos="4315" type="product" surface="Pilot ECO USBCell" />
<Entity id="66" startPos="4321" endPos="4340" type="product" surface="USB plug-in battery" />
<Entity id="67" startPos="4341" endPos="4345" type="product" surface="that" />
<Entity id="68" startPos="4401" endPos="4404" type="product" surface="its" />
<Entity id="69" startPos="4425" endPos="4427" type="product" surface="it" />
<Entity id="70" startPos="4478" endPos="4483" type="organization" surface="Pilot" />
<Entity id="71" startPos="4484" endPos="4491" type="organization" surface="Sengled" />
<Entity id="72" startPos="4492" endPos="4497" type="product" surface="Voice" />
<Entity id="73" startPos="4511" endPos="4521" type="product" surface="microphone" />
<Entity id="74" startPos="4523" endPos="4530" type="product" surface="speaker" />
<Entity id="75" startPos="4535" endPos="4543" type="product" surface="LED bulb" />
<Entity id="76" startPos="4596" endPos="4598" type="product" surface="it" />
<Entity id="77" startPos="4695" endPos="4702" type="organization" surface="Sengled" />
<Entity id="78" startPos="4707" endPos="4714" type="organization" surface="Alcatel" />
<Entity id="79" startPos="4707" endPos="4740" type="product" surface="Alcatel CareTime kid's smartwatch" />
<Entity id="80" startPos="4758" endPos="4761" type="product" surface="its" />
<Entity id="81" startPos="4766" endPos="4774" type="product" surface="SIM card" />
<Entity id="82" startPos="4863" endPos="4874" type="product" surface="GPS tracker" />
<Entity id="83" startPos="4921" endPos="4931" type="product" surface="Google Map" />
<Entity id="84" startPos="4976" endPos="4988" type="organization" surface="Getty Images" />
<Entity id="85" startPos="5084" endPos="5096" type="organization" surface="Getty Images" />
<Entity id="86" startPos="5097" endPos="5101" type="organization" surface="Sony" />
<Entity id="87" startPos="5263" endPos="5275" type="organization" surface="Getty Images" />
<Entity id="88" startPos="5297" endPos="5324" type="organization" surface="Samsung Electronics America" />
<Entity id="89" startPos="5477" endPos="5489" type="organization" surface="Getty Images" />
<Entity id="90" startPos="5490" endPos="5506" type="organization" surface="Sony Electronics" />
<Entity id="91" startPos="5680" endPos="5692" type="organization" surface="Getty Images" />
<Entity id="92" startPos="5680" endPos="5703" type="organization" surface="Getty Images Funimation" />
<Entity id="93" startPos="5843" endPos="5855" type="organization" surface="Getty Images" />
<Entity id="94" startPos="6019" endPos="6033" type="organization" surface="Wynn Las Vegas" />
<Entity id="95" startPos="6056" endPos="6068" type="organization" surface="Getty Images" />
<Entity id="96" startPos="6147" endPos="6159" type="organization" surface="Getty Images" /></Entities><Relations>
<Relation id="97" NAME="CompanyProvidesProduct">
<Entity id="24" label="product" />
<Entity id="23" label="company" />
</Relation>
<Relation id="98" NAME="CompanyProvidesProduct">
<Entity id="28" label="product" />
<Entity id="25" label="company" />
<Entity id="27" label="trigger" />
</Relation>
<Relation id="99" NAME="CompanyProvidesProduct">
<Entity id="33" label="product" />
<Entity id="31" label="company" />
<Entity id="32" label="trigger" />
</Relation>
<Relation id="100" NAME="CompanyProvidesProduct">
<Entity id="37" label="product" />
<Entity id="35" label="company" />
<Entity id="36" label="trigger" />
</Relation>
<Relation id="101" NAME="CompanyProvidesProduct">
<Entity id="46" label="product" />
<Entity id="45" label="company" />
</Relation>
<Relation id="102" NAME="CompanyProvidesProduct">
<Entity id="52" label="product" />
<Entity id="50" label="company" />
<Entity id="51" label="trigger" />
</Relation>
<Relation id="103" NAME="CompanyProvidesProduct">
<Entity id="65" label="product" />
<Entity id="64" label="company" />
</Relation>
<Relation id="104" NAME="CompanyProvidesProduct">
<Entity id="72" label="product" />
<Entity id="71" label="company" />
</Relation>
<Relation id="105" NAME="CompanyProvidesProduct">
<Entity id="79" label="product" />
<Entity id="78" label="company" />
</Relation>
<Relation id="106" NAME="Identity">
<Entity id="0" label="source" />
<Entity id="4" label="target" />
<Entity id="5" label="target" />
</Relation>
<Relation id="107" NAME="Identity">
<Entity id="3" label="source" />
<Entity id="15" label="target" />
<Entity id="11" label="target" />
<Entity id="20" label="target" />
<Entity id="18" label="target" />
<Entity id="13" label="target" />
<Entity id="17" label="target" />
<Entity id="16" label="target" />
<Entity id="19" label="target" />
<Entity id="22" label="target" />
<Entity id="14" label="target" />
</Relation>
<Relation id="108" NAME="Identity">
<Entity id="7" label="source" />
<Entity id="12" label="target" />
<Entity id="10" label="target" />
</Relation>
<Relation id="109" NAME="Identity">
<Entity id="25" label="source" />
<Entity id="26" label="target" />
<Entity id="34" label="target" />
<Entity id="31" label="target" />
<Entity id="30" label="target" />
</Relation>
<Relation id="110" NAME="Identity">
<Entity id="35" label="source" />
<Entity id="45" label="target" />
</Relation>
<Relation id="111" NAME="Identity">
<Entity id="37" label="source" />
<Entity id="44" label="target" />
<Entity id="41" label="target" />
<Entity id="38" label="target" />
<Entity id="40" label="target" />
<Entity id="39" label="target" />
<Entity id="42" label="target" />
<Entity id="43" label="target" />
</Relation>
<Relation id="112" NAME="Identity">
<Entity id="46" label="source" />
<Entity id="48" label="target" />
<Entity id="49" label="target" />
</Relation>
<Relation id="113" NAME="Identity">
<Entity id="55" label="source" />
<Entity id="87" label="target" />
<Entity id="85" label="target" />
<Entity id="93" label="target" />
<Entity id="89" label="target" />
<Entity id="96" label="target" />
<Entity id="84" label="target" />
<Entity id="95" label="target" />
<Entity id="91" label="target" />
</Relation>
<Relation id="114" NAME="identity">
<Entity id="1" label="source" />
<Entity id="8" label="target" />
</Relation>
<Relation id="115" NAME="identity">
<Entity id="28" label="source" />
<Entity id="33" label="target" />
</Relation>
<Relation id="116" NAME="identity">
<Entity id="52" label="source" />
<Entity id="53" label="target" />
<Entity id="54" label="target" />
</Relation>
<Relation id="117" NAME="identity">
<Entity id="56" label="source" />
<Entity id="57" label="target" />
</Relation>
<Relation id="118" NAME="identity">
<Entity id="58" label="source" />
<Entity id="61" label="target" />
<Entity id="59" label="target" />
</Relation>
<Relation id="119" NAME="identity">
<Entity id="64" label="source" />
<Entity id="70" label="target" />
</Relation>
<Relation id="120" NAME="identity">
<Entity id="65" label="source" />
<Entity id="68" label="target" />
<Entity id="66" label="target" />
<Entity id="67" label="target" />
<Entity id="69" label="target" />
</Relation>
<Relation id="121" NAME="identity">
<Entity id="71" label="source" />
<Entity id="77" label="target" />
</Relation>
<Relation id="122" NAME="identity">
<Entity id="72" label="source" />
<Entity id="76" label="target" />
</Relation>
<Relation id="123" NAME="identity">
<Entity id="79" label="source" />
<Entity id="80" label="target" />
</Relation></Relations>
</Document>
