<?xml version="1.0" encoding="UTF-8"?>
<Document>
<TEXT>Computers &amp; Internet: Newly released market study: Global <NODE id="58" />MEMs Microphone<NODE id="73" /> Market 2016-2020 Newly released <NODE id="106" />market study<NODE id="118" />: <NODE id="120" />Global <NODE id="127" />MEMs Microphone<NODE id="142" /> Market 2016-2020<NODE id="159" /> <NODE id="160" />Fast Market Research<NODE id="180" /> recommends <NODE id="192" />Global <NODE id="199" />MEMs Microphone<NODE id="214" /> Market 2016-2020<NODE id="231" /> <NODE id="232" />from<NODE id="236" /> <NODE id="237" />TechNavio<NODE id="246" />, now available [<NODE id="263" />ClickPress<NODE id="273" />, Thu Feb 04 2016] A <NODE id="294" />MEMS microphone<NODE id="309" /> comprises of a pressure-sensitive diaphragm, which is fixed into a <NODE id="377" />silicon IC<NODE id="387" /> and is accompanied by an integrated preamplifier. These devices are integrated with modern digital products, and are widely used in high-quality audio output devices. Smartphones and tablets use <NODE id="583" />MEMS microphones<NODE id="599" /> for high-quality voice output. Optimization in technology has resulted in the development of <NODE id="693" />miniaturized MEMS microphones<NODE id="722" /> that can be easily integrated into compact electronic products. These devices are also being used in <NODE id="824" />hearing aids<NODE id="836" /> due to their noise-suppressing characteristic. Full <NODE id="889" />Report<NODE id="895" /> Details at - http://www.fastmr.com/prod/1117702_global_mems_microphone.aspx?afid=301 <NODE id="981" />Technavio<NODE id="990" />'s analysts forecast the global <NODE id="1022" />MEMS microphone<NODE id="1037" /> market to grow at a CAGR of 12.06% during the period 2016-2020. Covered in this <NODE id="1118" />report<NODE id="1124" /> The <NODE id="1129" />report<NODE id="1135" /> covers the present scenario and the growth prospects of the global <NODE id="1203" />MEMS microphone<NODE id="1218" /> market during 2016-2020. To calculate the market size, the report considers revenue generated through the global sales of <NODE id="1341" />MEMS microphone<NODE id="1356" /> for <NODE id="1361" />mobile phones<NODE id="1374" />, <NODE id="1376" />consumer electronic devices<NODE id="1403" />, and <NODE id="1409" />hearing aids<NODE id="1421" />. The market is divided into the following segments based on geography: * Americas * APAC * EMEA <NODE id="1518" />Technavio<NODE id="1527" />'s<NODE id="1529" /> <NODE id="1530" />report<NODE id="1536" />, <NODE id="1538" />Global <NODE id="1545" />MEMS Microphone<NODE id="1560" /> Market 2016-2020<NODE id="1577" />, has been prepared based on an in-depth market analysis with inputs from industry experts. The <NODE id="1673" />report<NODE id="1679" /> covers the market landscape and its growth prospects over the coming years. The <NODE id="1760" />report<NODE id="1766" /> also includes a discussion of the key <NODE id="1805" />vendors<NODE id="1812" /> operating in this market. Key <NODE id="1843" />vendors<NODE id="1850" /> * <NODE id="1853" />AAC Technologies<NODE id="1869" /> * <NODE id="1872" />BSE<NODE id="1875" /> * <NODE id="1878" />GoerTek<NODE id="1885" /> * <NODE id="1888" />InvenSense<NODE id="1898" /> * <NODE id="1901" />Knowles<NODE id="1908" /> * <NODE id="1911" />STMicroelectronics<NODE id="1929" /> Other prominent vendors * <NODE id="1956" />Bosch Sensortec<NODE id="1971" /> * <NODE id="1974" />Cirrus Logic<NODE id="1986" /> * <NODE id="1989" />Haiden<NODE id="1995" /> * <NODE id="1998" />Infineon<NODE id="2006" /> * <NODE id="2009" />MEMSensing<NODE id="2019" /> * <NODE id="2022" />NeoMEMS Technologies<NODE id="2042" /> * <NODE id="2045" />New Japan Radio<NODE id="2060" /> * <NODE id="2063" />Omron Market driver<NODE id="2082" /> * Improvement in sound quality for mobile phones * For a full, detailed list, view our <NODE id="2170" />report<NODE id="2176" /> Market challenge * Declining average selling price * For a full, detailed list, view our report Market trend * Miniaturization * For a full, detailed list, view our <NODE id="2342" />report<NODE id="2348" /> Key questions answered in this <NODE id="2380" />report<NODE id="2386" /> * What will the market size be in 2020 and what will the growth rate be? * What are the key market trends? * What is driving this market? * What are the challenges to market growth? * Who are the key <NODE id="2587" />vendors<NODE id="2594" /> in this market space? * What are the market opportunities and threats faced by the key <NODE id="2682" />vendors<NODE id="2689" />? * What are the strengths and weaknesses of the key vendors? You can request one free hour of our analyst's time when you purchase this <NODE id="2826" />market report<NODE id="2839" />. Details are provided within the <NODE id="2873" />report<NODE id="2879" />. Companies Mentioned in this <NODE id="2909" />Report<NODE id="2915" />: <NODE id="2917" />AAC Technologies<NODE id="2933" />, <NODE id="2935" />BSE<NODE id="2938" />, <NODE id="2940" />GoerTek<NODE id="2947" />, <NODE id="2949" />InvenSense<NODE id="2959" />, <NODE id="2961" />Knowles<NODE id="2968" />, <NODE id="2970" />STMicroelectronics<NODE id="2988" />, <NODE id="2990" />Bosch Sensortec<NODE id="3005" />, <NODE id="3007" />Cirrus Logic<NODE id="3019" />, <NODE id="3021" />Hosiden<NODE id="3028" />, <NODE id="3030" />Infineon<NODE id="3038" />, <NODE id="3040" />MEMSensing<NODE id="3050" />, <NODE id="3052" />NeoMEMS Technologies<NODE id="3072" />, <NODE id="3074" />New Japan Radio<NODE id="3089" />, <NODE id="3091" />Omron<NODE id="3096" /> About <NODE id="3103" />Fast Market Research<NODE id="3123" /> <NODE id="3124" />Fast Market Research<NODE id="3144" /> is a leading <NODE id="3158" />distributor<NODE id="3169" /> of <NODE id="3173" />market research<NODE id="3188" /> and <NODE id="3193" />business information<NODE id="3213" />. Representing the world's top research publishers and analysts, we provide quick and easy access to the best competitive intelligence available. Our unbiased, expert staff is always available to help you find the right research to fit your requirements and your budget. For more information about these or related <NODE id="3528" />research reports<NODE id="3544" />, please visit our website at http://www.fastmr.com or call us at 1.800.844.8156 (1.413.485.7001 Int'l) You may also be interested in these related <NODE id="3692" />reports<NODE id="3699" />: - <NODE id="3703" />Microphone<NODE id="3713" /> Market - Analysis &amp; Forecast to 2014 - 2020 - <NODE id="3760" />Automotive MEMS Sensor<NODE id="3782" /> Market - Analysis &amp; Forecast (2014 - 2020) - Global <NODE id="3835" />MEMS<NODE id="3839" /> Inertial Sensor<NODE id="3855" /> Market 2015-2019 - Global <NODE id="3882" />Microelectromechanical Systems<NODE id="3912" /> (<NODE id="3914" />MEMS<NODE id="3918" />) Microdisplay Market 2015-2019 - Global <NODE id="3959" />MEMS<NODE id="3963" /> Market for <NODE id="3975" />Consumer Electronics<NODE id="3995" /> 2015-2019 Company: <NODE id="4015" />Fast Market Research, Inc.<NODE id="4041" /> Contact Name: Bill Thompson Contact Email: press@fastmr.com Contact Phone: 1-413-485-7001 Related website [+] <NODE id="4152" />Global news distribution<NODE id="4176" /> <NODE id="4177" />by<NODE id="4179" /> <NODE id="4180" />ClickPress<NODE id="4190" /> . To manage your News Alerts Subscription, click here . To reach News Alerts subscribers via an Enhanced Distribution, click here .
</TEXT>
<Meta>
<feature featureName="id" featureValue="vico/8a93d4ea-9f65-3cf4-bc5e-d1d9b1ddec17" />
<feature featureName="source" featureValue="sensor_corpus" />
<feature featureName="lang" featureValue="en" />
<feature featureName="pubDate" featureValue="2016-02-05T21:26:39Z" />
<feature featureName="indexDate" featureValue="2016-07-13T11:27:42.255Z" />
<feature featureName="uri" featureValue="http://www.clickpress.com/releases/Detailed/737781005cp.shtml" />
<feature featureName="solrEventType" featureValue="None" /></Meta><Entities>
<Entity id="0" startPos="58" endPos="73" type="product" surface="MEMs Microphone" />
<Entity id="1" startPos="106" endPos="118" type="product" surface="market study" />
<Entity id="2" startPos="120" endPos="159" type="product" surface="Global MEMs Microphone Market 2016-2020" />
<Entity id="3" startPos="127" endPos="142" type="product" surface="MEMs Microphone" />
<Entity id="4" startPos="160" endPos="180" type="organization" surface="Fast Market Research" />
<Entity id="5" startPos="192" endPos="231" type="product" surface="Global MEMs Microphone Market 2016-2020" />
<Entity id="6" startPos="199" endPos="214" type="product" surface="MEMs Microphone" />
<Entity id="7" startPos="232" endPos="236" type="trigger" surface="from" />
<Entity id="8" startPos="237" endPos="246" type="organization" surface="TechNavio" />
<Entity id="9" startPos="263" endPos="273" type="organization" surface="ClickPress" />
<Entity id="10" startPos="294" endPos="309" type="product" surface="MEMS microphone" />
<Entity id="11" startPos="377" endPos="387" type="product" surface="silicon IC" />
<Entity id="12" startPos="583" endPos="599" type="product" surface="MEMS microphones" />
<Entity id="13" startPos="693" endPos="722" type="product" surface="miniaturized MEMS microphones" />
<Entity id="14" startPos="824" endPos="836" type="product" surface="hearing aids" />
<Entity id="15" startPos="889" endPos="895" type="product" surface="Report" />
<Entity id="16" startPos="981" endPos="990" type="organization" surface="Technavio" />
<Entity id="17" startPos="1022" endPos="1037" type="product" surface="MEMS microphone" />
<Entity id="18" startPos="1118" endPos="1124" type="product" surface="report" />
<Entity id="19" startPos="1129" endPos="1135" type="product" surface="report" />
<Entity id="20" startPos="1203" endPos="1218" type="product" surface="MEMS microphone" />
<Entity id="21" startPos="1341" endPos="1356" type="product" surface="MEMS microphone" />
<Entity id="22" startPos="1361" endPos="1374" type="product" surface="mobile phones" />
<Entity id="23" startPos="1376" endPos="1403" type="product" surface="consumer electronic devices" />
<Entity id="24" startPos="1409" endPos="1421" type="product" surface="hearing aids" />
<Entity id="25" startPos="1518" endPos="1527" type="organization" surface="Technavio" />
<Entity id="26" startPos="1527" endPos="1529" type="trigger" surface="'s" />
<Entity id="27" startPos="1530" endPos="1536" type="product" surface="report" />
<Entity id="28" startPos="1538" endPos="1577" type="product" surface="Global MEMS Microphone Market 2016-2020" />
<Entity id="29" startPos="1545" endPos="1560" type="product" surface="MEMS Microphone" />
<Entity id="30" startPos="1673" endPos="1679" type="product" surface="report" />
<Entity id="31" startPos="1760" endPos="1766" type="product" surface="report" />
<Entity id="32" startPos="1805" endPos="1812" type="organization" surface="vendors" />
<Entity id="33" startPos="1843" endPos="1850" type="organization" surface="vendors" />
<Entity id="34" startPos="1853" endPos="1869" type="organization" surface="AAC Technologies" />
<Entity id="35" startPos="1872" endPos="1875" type="organization" surface="BSE" />
<Entity id="36" startPos="1878" endPos="1885" type="organization" surface="GoerTek" />
<Entity id="37" startPos="1888" endPos="1898" type="organization" surface="InvenSense" />
<Entity id="38" startPos="1901" endPos="1908" type="organization" surface="Knowles" />
<Entity id="39" startPos="1911" endPos="1929" type="organization" surface="STMicroelectronics" />
<Entity id="40" startPos="1956" endPos="1971" type="organization" surface="Bosch Sensortec" />
<Entity id="41" startPos="1974" endPos="1986" type="organization" surface="Cirrus Logic" />
<Entity id="42" startPos="1989" endPos="1995" type="organization" surface="Haiden" />
<Entity id="43" startPos="1998" endPos="2006" type="organization" surface="Infineon" />
<Entity id="44" startPos="2009" endPos="2019" type="organization" surface="MEMSensing" />
<Entity id="45" startPos="2022" endPos="2042" type="organization" surface="NeoMEMS Technologies" />
<Entity id="46" startPos="2045" endPos="2060" type="organization" surface="New Japan Radio" />
<Entity id="47" startPos="2063" endPos="2082" type="organization" surface="Omron Market driver" />
<Entity id="48" startPos="2170" endPos="2176" type="product" surface="report" />
<Entity id="49" startPos="2342" endPos="2348" type="product" surface="report" />
<Entity id="50" startPos="2380" endPos="2386" type="product" surface="report" />
<Entity id="51" startPos="2587" endPos="2594" type="organization" surface="vendors" />
<Entity id="52" startPos="2682" endPos="2689" type="organization" surface="vendors" />
<Entity id="53" startPos="2826" endPos="2839" type="product" surface="market report" />
<Entity id="54" startPos="2873" endPos="2879" type="product" surface="report" />
<Entity id="55" startPos="2909" endPos="2915" type="product" surface="Report" />
<Entity id="56" startPos="2917" endPos="2933" type="organization" surface="AAC Technologies" />
<Entity id="57" startPos="2935" endPos="2938" type="organization" surface="BSE" />
<Entity id="58" startPos="2940" endPos="2947" type="organization" surface="GoerTek" />
<Entity id="59" startPos="2949" endPos="2959" type="organization" surface="InvenSense" />
<Entity id="60" startPos="2961" endPos="2968" type="organization" surface="Knowles" />
<Entity id="61" startPos="2970" endPos="2988" type="organization" surface="STMicroelectronics" />
<Entity id="62" startPos="2990" endPos="3005" type="organization" surface="Bosch Sensortec" />
<Entity id="63" startPos="3007" endPos="3019" type="organization" surface="Cirrus Logic" />
<Entity id="64" startPos="3021" endPos="3028" type="organization" surface="Hosiden" />
<Entity id="65" startPos="3030" endPos="3038" type="organization" surface="Infineon" />
<Entity id="66" startPos="3040" endPos="3050" type="organization" surface="MEMSensing" />
<Entity id="67" startPos="3052" endPos="3072" type="organization" surface="NeoMEMS Technologies" />
<Entity id="68" startPos="3074" endPos="3089" type="organization" surface="New Japan Radio" />
<Entity id="69" startPos="3091" endPos="3096" type="organization" surface="Omron" />
<Entity id="70" startPos="3103" endPos="3123" type="organization" surface="Fast Market Research" />
<Entity id="71" startPos="3124" endPos="3144" type="organization" surface="Fast Market Research" />
<Entity id="72" startPos="3158" endPos="3169" type="trigger" surface="distributor" />
<Entity id="73" startPos="3173" endPos="3188" type="product" surface="market research" />
<Entity id="74" startPos="3193" endPos="3213" type="product" surface="business information" />
<Entity id="75" startPos="3528" endPos="3544" type="product" surface="research reports" />
<Entity id="76" startPos="3692" endPos="3699" type="product" surface="reports" />
<Entity id="77" startPos="3703" endPos="3713" type="product" surface="Microphone" />
<Entity id="78" startPos="3760" endPos="3782" type="product" surface="Automotive MEMS Sensor" />
<Entity id="79" startPos="3835" endPos="3839" type="product" surface="MEMS" />
<Entity id="80" startPos="3835" endPos="3855" type="product" surface="MEMS Inertial Sensor" />
<Entity id="81" startPos="3882" endPos="3912" type="product" surface="Microelectromechanical Systems" />
<Entity id="82" startPos="3914" endPos="3918" type="product" surface="MEMS" />
<Entity id="83" startPos="3959" endPos="3963" type="product" surface="MEMS" />
<Entity id="84" startPos="3975" endPos="3995" type="product" surface="Consumer Electronics" />
<Entity id="85" startPos="4015" endPos="4041" type="organization" surface="Fast Market Research, Inc." />
<Entity id="86" startPos="4152" endPos="4176" type="product" surface="Global news distribution" />
<Entity id="87" startPos="4177" endPos="4179" type="trigger" surface="by" />
<Entity id="88" startPos="4180" endPos="4190" type="organization" surface="ClickPress" /></Entities><Relations>
<Relation id="89" NAME="company_provides_product">
<Entity id="5" label="product" />
<Entity id="8" label="company" />
<Entity id="7" label="trigger" />
</Relation>
<Relation id="90" NAME="company_provides_product">
<Entity id="27" label="product" />
<Entity id="25" label="company" />
<Entity id="26" label="trigger" />
</Relation>
<Relation id="91" NAME="company_provides_product">
<Entity id="86" label="product" />
<Entity id="88" label="company" />
<Entity id="87" label="trigger" />
</Relation>
<Relation id="92" NAME="identity">
<Entity id="0" label="source" />
<Entity id="12" label="target" />
<Entity id="6" label="target" />
<Entity id="3" label="target" />
<Entity id="81" label="target" />
<Entity id="17" label="target" />
<Entity id="77" label="target" />
<Entity id="79" label="target" />
<Entity id="21" label="target" />
<Entity id="78" label="target" />
<Entity id="82" label="target" />
<Entity id="83" label="target" />
<Entity id="10" label="target" />
<Entity id="29" label="target" />
<Entity id="20" label="target" />
<Entity id="13" label="target" />
</Relation>
<Relation id="93" NAME="identity">
<Entity id="48" label="target" />
<Entity id="75" label="target" />
<Entity id="74" label="target" />
<Entity id="50" label="target" />
<Entity id="76" label="target" />
<Entity id="27" label="target" />
<Entity id="55" label="target" />
<Entity id="54" label="target" />
<Entity id="53" label="target" />
<Entity id="1" label="target" />
<Entity id="31" label="target" />
<Entity id="73" label="target" />
<Entity id="30" label="target" />
<Entity id="15" label="target" />
<Entity id="49" label="target" />
<Entity id="2" label="target" />
<Entity id="28" label="target" />
<Entity id="5" label="target" />
</Relation>
<Relation id="94" NAME="identity">
<Entity id="4" label="source" />
<Entity id="85" label="target" />
</Relation>
<Relation id="95" NAME="identity">
<Entity id="8" label="source" />
<Entity id="16" label="target" />
<Entity id="25" label="target" />
</Relation>
<Relation id="96" NAME="identity">
<Entity id="22" label="target" />
<Entity id="24" label="target" />
<Entity id="14" label="target" />
<Entity id="23" label="target" />
</Relation>
<Relation id="97" NAME="identity">
<Entity id="32" label="source" />
<Entity id="45" label="target" />
<Entity id="52" label="target" />
<Entity id="34" label="target" />
<Entity id="64" label="target" />
<Entity id="42" label="target" />
<Entity id="67" label="target" />
<Entity id="51" label="target" />
<Entity id="69" label="target" />
<Entity id="41" label="target" />
<Entity id="63" label="target" />
<Entity id="39" label="target" />
<Entity id="68" label="target" />
<Entity id="43" label="target" />
<Entity id="35" label="target" />
<Entity id="38" label="target" />
<Entity id="36" label="target" />
<Entity id="40" label="target" />
<Entity id="37" label="target" />
<Entity id="62" label="target" />
<Entity id="47" label="target" />
<Entity id="33" label="target" />
<Entity id="46" label="target" />
<Entity id="59" label="target" />
<Entity id="60" label="target" />
<Entity id="61" label="target" />
</Relation></Relations>
</Document>
