<?xml version="1.0" encoding="UTF-8"?>
<Document>
<TEXT>IoT <NODE id="4" />Chip<NODE id="8" /> Market Worth 10.78 Billion USD by 2022 February 09, 2016 -- PUNE, India , February 9, 2016 /<NODE id="101" />PRNewswire<NODE id="111" />/ -- The report IoT <NODE id="131" />Chip<NODE id="135" /> Market by Application Vertical (Wearable Device, Healthcare, Consumer Electronics, Building Automation, Industrial, Automotive &amp; Transportation) &amp; Geography ( North America , Europe , APAC, Row) - Global Forecast to 2022, published by <NODE id="371" />MarketsandMarkets<NODE id="388" />, the market is expected to grow from USD 4.58 Billion in 2015 to USD 10.78 Billion by 2022, at a CAGR of 11.5% between 2016 and 2022. Browse 41 market data Tables and 64 Figures spread through 175 Pages and in-depth TOC on IoT <NODE id="616" />Chip<NODE id="620" /> Market. http://www.marketsandmarkets.com/Market-Reports/iot-chip-market-236473142.html Early buyers will receive 10% customization on this report. With the rapid technological advancements and the increasing dependence on technology in day-to-day lives, the Internet of Things concept has a promising future. Given the rate of proliferation of the network of wireless <NODE id="989" />sensors<NODE id="996" />, the increasing adoption of emerging technologies, and the mainstreaming of many smart consumer applications, Internet of Things has gained popularity across domains. The growing IoT market is the major driver for IoT chip manufacturers. The integration of connectivity capabilities in an increasing number of devices and applications acts as a major driver for the market Within the embedded device space, functions related to connectivity and network processing are increasingly being combined with embedded processors in applications beyond <NODE id="1541" />cell phones<NODE id="1552" />. For example, <NODE id="1567" />Qualcomm<NODE id="1575" />'s<NODE id="1577" /> <NODE id="1578" />Snapdragon 602A<NODE id="1593" /> combines an application processor, GPU, DSP, GPS, 4G LTE, Wi-Fi, and Bluetooth, and is targeted for the automotive infotainment segment. Furthermore, Combo <NODE id="1750" />wireless connectivity chipsets<NODE id="1780" /> with integrated NFC, Wi-Fi, and Bluetooth are expected to be used in <NODE id="1850" />smartphones<NODE id="1861" /> and consumer electronic devices that would support multiple communication standards and protocols. Wearable device application to play a key role in the IoT <NODE id="2019" />chip<NODE id="2023" /> market The wearable device application is expected to hold the largest market share and dominate the IoT <NODE id="2129" />chip<NODE id="2133" /> market between 2016 and 2022 owing to the increasing adoption of wearable devices across the globe. The growing popularity of Internet of Things and the increasing adoption of <NODE id="2310" />smart watches<NODE id="2323" /> and <NODE id="2328" />activity trackers<NODE id="2345" /> in the consumer markets present huge opportunities for the IoT <NODE id="2409" />chip<NODE id="2413" /> manufacturers. The demand for Connectivity ICs and MCUs is expected to gain momentum owing to the growing wearable device market. Automotive &amp; Transportation held the largest market share in 2015 Internet of Things (IoT) has given rise to new segments in the automotive and transportation sector such as <NODE id="2718" />connected cars<NODE id="2732" /> and intelligent transportation systems (ITS). <NODE id="2779" />Connected cars<NODE id="2793" />, along with the implementations of ITS, are expected to boost the <NODE id="2860" />semiconductor<NODE id="2873" /> industry's total addressable market with the growth in <NODE id="2929" />sensor<NODE id="2935" /> content and integration of MEMS, connectivity devices, and MCUs. North America expected to hold the largest market share; APAC to grow at the highest rate North America is expected to hold the largest market share and dominate the IoT <NODE id="3171" />chip<NODE id="3175" /> market between 2016 and 2022. The increasing R&amp;D at both academic and industry levels is broadening the application areas of Internet of Things in different industries such as consumer products, energy &amp; power, retail, automotive &amp; transportation, and healthcare, especially in North America . This is the main factor driving the growth of the IoT <NODE id="3524" />chip<NODE id="3528" /> market in the region. In the APAC region, countries such as China , India , and Japan are aggressively taking initiatives such as heavy investments in R&amp;D to encourage the adoption of Internet of Things in the region, which is expected to boost the demand for IoT <NODE id="3793" />chip<NODE id="3797" /> in the near future. Inquiry before Buying @ http://www.marketsandmarkets.com/Enquiry_Before_Buying.asp?id=236473142 The major players in the IoT <NODE id="3943" />chip<NODE id="3947" /> market include <NODE id="3963" />Intel Corporation<NODE id="3980" /> (U.S.), <NODE id="3989" />Qualcomm Inc.<NODE id="4002" /> (U.S.), <NODE id="4011" />Freescale <NODE id="4021" />Semiconductor<NODE id="4034" /> (U.S.), <NODE id="4043" />NXP <NODE id="4047" />Semiconductors<NODE id="4061" /> (U.S.), <NODE id="4070" />ARM Holding PLC<NODE id="4085" /> (U.K.), <NODE id="4094" />Atmel Corporation<NODE id="4111" /> (U.S.), <NODE id="4120" />Texas Instruments Incorporated<NODE id="4150" /> (U.S.), and others. The scope of the report covers detailed information regarding the major factors influencing the growth of the IoT <NODE id="4285" />chip<NODE id="4289" /> market such as drivers, restraints, challenges, and opportunities. A detailed analysis of the key industry players has been done to provide insights into their business overview, products and services, key strategies, new product launches, mergers &amp; acquisitions, partnerships, agreements, collaborations, and recent developments associated with the IoT <NODE id="4644" />chip<NODE id="4648" /> market. Browse Related Reports Industrial IoT Market by Industry Vertical (Manufacturing, Energy &amp; Power, Oil &amp; Gas, Metals &amp; Mining, Healthcare, &amp; Agriculture), Technology (Sensors, Networking Technology, DCS, &amp; Others), Software, &amp; Geography - Global Forecast to 2020 http://www.marketsandmarkets.com/Market-Reports/industrial-internet-of-things-market-129733727.html About <NODE id="5025" />MarketsandMarkets<NODE id="5042" /> <NODE id="5043" />MarketsandMarkets<NODE id="5060" /> is world's No. 2 <NODE id="5078" />firm<NODE id="5082" /> in terms of annually published premium <NODE id="5122" />market research reports<NODE id="5145" />. Serving 1700 global fortune enterprises with more than 1200 premium studies in a year, <NODE id="5234" />M&amp;M<NODE id="5237" /> is catering to multitude of clients across 8 different industrial verticals. <NODE id="5315" />We<NODE id="5317" /> <NODE id="5318" />specialize<NODE id="5328" /> in <NODE id="5332" />consulting<NODE id="5342" /> assignments and <NODE id="5359" />business research<NODE id="5376" /> across high growth markets, cutting edge technologies and newer applications. <NODE id="5455" />Our<NODE id="5458" /> 850 fulltime analyst and SMEs at <NODE id="5492" />MarketsandMarkets<NODE id="5509" /> are tracking global high growth markets following the Growth Engagement Model - GEM. The GEM aims at proactive collaboration with the clients to identify new opportunities, identify most important customers, write Attack, avoid and defend strategies, identify sources of incremental revenues for both the company and its competitors. <NODE id="5844" />M&amp;M<NODE id="5847" />'s<NODE id="5849" /> flagship competitive <NODE id="5871" />intelligence<NODE id="5883" /> and <NODE id="5888" />market research<NODE id="5903" /> <NODE id="5904" />platform<NODE id="5912" />, <NODE id="5914" />RT<NODE id="5916" /> connects over 200,000 markets and entire value chains for deeper understanding of the unmet insights along with market sizing and forecasts of niche markets. The new included chapters on Methodology and Benchmarking presented with high quality analytical info graphics in our reports gives complete visibility of how the numbers have been arrived and defend the accuracy of the numbers. <NODE id="6304" />We<NODE id="6306" /> at <NODE id="6310" />MarketsandMarkets<NODE id="6327" /> are inspired to help <NODE id="6349" />our<NODE id="6352" /> clients grow by providing apt business insight with <NODE id="6405" />our<NODE id="6408" /> huge <NODE id="6414" />market intelligence<NODE id="6433" /> <NODE id="6434" />repository<NODE id="6444" />. Contact: Mr. Rohan <NODE id="6465" />Markets and Markets<NODE id="6484" /> UNIT no 802, Tower no. 7, SEZ Magarpatta city, Hadapsar Pune , Maharashtra 411013, India Tel: +1-888-600-6441 Email: sales@marketsandmarkets.com Visit <NODE id="6636" />MarketsandMarkets<NODE id="6653" /> Blog @ http://www.marketsandmarketsblog.com/market-reports/electronics-and-semiconductors Connect with us on LinkedIn @ http://www.linkedin.com/company/marketsandmarkets SOURCE <NODE id="6831" />MarketsandMarkets<NODE id="6848" />
</TEXT>
<Meta>
<feature featureName="id" featureValue="vico/dc33536a-f9c4-3647-8129-edc95af5d201" />
<feature featureName="source" featureValue="sensor_corpus" />
<feature featureName="lang" featureValue="en" />
<feature featureName="pubDate" featureValue="2016-02-10T07:55:14Z" />
<feature featureName="indexDate" featureValue="2016-07-13T11:58:51.454Z" />
<feature featureName="uri" featureValue="http://www.consumerelectronicsnet.com/article/IoT-Chip-Market-Worth-1078-Billion-USD-by-2022-4283747" />
<feature featureName="solrEventType" featureValue="None" /></Meta><Entities>
<Entity id="0" startPos="4" endPos="8" type="product" surface="Chip" />
<Entity id="1" startPos="101" endPos="111" type="organization" surface="PRNewswire" />
<Entity id="2" startPos="131" endPos="135" type="product" surface="Chip" />
<Entity id="3" startPos="371" endPos="388" type="organization" surface="MarketsandMarkets" />
<Entity id="4" startPos="616" endPos="620" type="product" surface="Chip" />
<Entity id="5" startPos="989" endPos="996" type="product" surface="sensors" />
<Entity id="6" startPos="1541" endPos="1552" type="product" surface="cell phones" />
<Entity id="7" startPos="1567" endPos="1575" type="organization" surface="Qualcomm" />
<Entity id="8" startPos="1575" endPos="1577" type="trigger" surface="'s" />
<Entity id="9" startPos="1578" endPos="1593" type="product" surface="Snapdragon 602A" />
<Entity id="10" startPos="1750" endPos="1780" type="product" surface="wireless connectivity chipsets" />
<Entity id="11" startPos="1850" endPos="1861" type="product" surface="smartphones" />
<Entity id="12" startPos="2019" endPos="2023" type="product" surface="chip" />
<Entity id="13" startPos="2129" endPos="2133" type="product" surface="chip" />
<Entity id="14" startPos="2310" endPos="2323" type="product" surface="smart watches" />
<Entity id="15" startPos="2328" endPos="2345" type="product" surface="activity trackers" />
<Entity id="16" startPos="2409" endPos="2413" type="product" surface="chip" />
<Entity id="17" startPos="2718" endPos="2732" type="product" surface="connected cars" />
<Entity id="18" startPos="2779" endPos="2793" type="product" surface="Connected cars" />
<Entity id="19" startPos="2860" endPos="2873" type="product" surface="semiconductor" />
<Entity id="20" startPos="2929" endPos="2935" type="product" surface="sensor" />
<Entity id="21" startPos="3171" endPos="3175" type="product" surface="chip" />
<Entity id="22" startPos="3524" endPos="3528" type="product" surface="chip" />
<Entity id="23" startPos="3793" endPos="3797" type="product" surface="chip" />
<Entity id="24" startPos="3943" endPos="3947" type="product" surface="chip" />
<Entity id="25" startPos="3963" endPos="3980" type="organization" surface="Intel Corporation" />
<Entity id="26" startPos="3989" endPos="4002" type="organization" surface="Qualcomm Inc." />
<Entity id="27" startPos="4011" endPos="4034" type="organization" surface="Freescale Semiconductor" />
<Entity id="28" startPos="4021" endPos="4034" type="product" surface="Semiconductor" />
<Entity id="29" startPos="4043" endPos="4061" type="organization" surface="NXP Semiconductors" />
<Entity id="30" startPos="4047" endPos="4061" type="product" surface="Semiconductors" />
<Entity id="31" startPos="4070" endPos="4085" type="organization" surface="ARM Holding PLC" />
<Entity id="32" startPos="4094" endPos="4111" type="organization" surface="Atmel Corporation" />
<Entity id="33" startPos="4120" endPos="4150" type="organization" surface="Texas Instruments Incorporated" />
<Entity id="34" startPos="4285" endPos="4289" type="product" surface="chip" />
<Entity id="35" startPos="4644" endPos="4648" type="product" surface="chip" />
<Entity id="36" startPos="5025" endPos="5042" type="organization" surface="MarketsandMarkets" />
<Entity id="37" startPos="5043" endPos="5060" type="organization" surface="MarketsandMarkets" />
<Entity id="38" startPos="5078" endPos="5082" type="trigger" surface="firm" />
<Entity id="39" startPos="5122" endPos="5145" type="product" surface="market research reports" />
<Entity id="40" startPos="5234" endPos="5237" type="organization" surface="M&amp;M" />
<Entity id="41" startPos="5315" endPos="5317" type="organization" surface="We" />
<Entity id="42" startPos="5318" endPos="5328" type="trigger" surface="specialize" />
<Entity id="43" startPos="5332" endPos="5342" type="product" surface="consulting" />
<Entity id="44" startPos="5359" endPos="5376" type="product" surface="business research" />
<Entity id="45" startPos="5455" endPos="5458" type="organization" surface="Our" />
<Entity id="46" startPos="5492" endPos="5509" type="organization" surface="MarketsandMarkets" />
<Entity id="47" startPos="5844" endPos="5847" type="organization" surface="M&amp;M" />
<Entity id="48" startPos="5847" endPos="5849" type="trigger" surface="'s" />
<Entity id="49" startPos="5871" endPos="5883" type="product" surface="intelligence" />
<Entity id="50" startPos="5888" endPos="5903" type="product" surface="market research" />
<Entity id="51" startPos="5904" endPos="5912" type="trigger" surface="platform" />
<Entity id="52" startPos="5914" endPos="5916" type="product" surface="RT" />
<Entity id="53" startPos="6304" endPos="6306" type="organization" surface="We" />
<Entity id="54" startPos="6310" endPos="6327" type="organization" surface="MarketsandMarkets" />
<Entity id="55" startPos="6349" endPos="6352" type="organization" surface="our" />
<Entity id="56" startPos="6405" endPos="6408" type="organization" surface="our" />
<Entity id="57" startPos="6414" endPos="6433" type="product" surface="market intelligence" />
<Entity id="58" startPos="6434" endPos="6444" type="trigger" surface="repository" />
<Entity id="59" startPos="6465" endPos="6484" type="organization" surface="Markets and Markets" />
<Entity id="60" startPos="6636" endPos="6653" type="organization" surface="MarketsandMarkets" />
<Entity id="61" startPos="6831" endPos="6848" type="organization" surface="MarketsandMarkets" /></Entities><Relations>
<Relation id="62" NAME="CompanyProvidesProduct">
<Entity id="9" label="product" />
<Entity id="7" label="company" />
<Entity id="8" label="trigger" />
</Relation>
<Relation id="63" NAME="CompanyProvidesProduct">
<Entity id="39" label="product" />
<Entity id="37" label="company" />
<Entity id="38" label="trigger" />
</Relation>
<Relation id="64" NAME="CompanyProvidesProduct">
<Entity id="43" label="product" />
<Entity id="44" label="product" />
<Entity id="41" label="company" />
<Entity id="42" label="trigger" />
</Relation>
<Relation id="65" NAME="CompanyProvidesProduct">
<Entity id="52" label="product" />
<Entity id="47" label="company" />
<Entity id="48" label="trigger" />
</Relation>
<Relation id="66" NAME="CompanyProvidesProduct">
<Entity id="50" label="product" />
<Entity id="49" label="product" />
<Entity id="47" label="company" />
<Entity id="48" label="trigger" />
<Entity id="51" label="trigger" />
</Relation>
<Relation id="67" NAME="CompanyProvidesProduct">
<Entity id="57" label="product" />
<Entity id="56" label="company" />
<Entity id="58" label="trigger" />
</Relation>
<Relation id="68" NAME="Identity">
<Entity id="3" label="source" />
<Entity id="47" label="target" />
<Entity id="59" label="target" />
<Entity id="41" label="target" />
<Entity id="55" label="target" />
<Entity id="56" label="target" />
<Entity id="60" label="target" />
<Entity id="53" label="target" />
<Entity id="61" label="target" />
<Entity id="36" label="target" />
<Entity id="54" label="target" />
<Entity id="40" label="target" />
<Entity id="46" label="target" />
<Entity id="45" label="target" />
<Entity id="37" label="target" />
</Relation>
<Relation id="69" NAME="Identity">
<Entity id="7" label="source" />
<Entity id="26" label="target" />
</Relation>
<Relation id="70" NAME="identity">
<Entity id="0" label="source" />
<Entity id="35" label="target" />
<Entity id="4" label="target" />
<Entity id="24" label="target" />
<Entity id="16" label="target" />
<Entity id="22" label="target" />
<Entity id="13" label="target" />
<Entity id="21" label="target" />
<Entity id="12" label="target" />
<Entity id="23" label="target" />
<Entity id="2" label="target" />
<Entity id="34" label="target" />
</Relation>
<Relation id="71" NAME="identity">
<Entity id="5" label="source" />
<Entity id="20" label="target" />
</Relation>
<Relation id="72" NAME="identity">
<Entity id="6" label="source" />
<Entity id="11" label="target" />
</Relation>
<Relation id="73" NAME="identity">
<Entity id="18" label="source" />
<Entity id="17" label="target" />
</Relation>
<Relation id="74" NAME="identity">
<Entity id="19" label="source" />
<Entity id="30" label="target" />
<Entity id="28" label="target" />
</Relation>
<Relation id="75" NAME="identity">
<Entity id="39" label="source" />
<Entity id="50" label="target" />
<Entity id="44" label="target" />
</Relation>
<Relation id="76" NAME="identity">
<Entity id="49" label="source" />
<Entity id="57" label="target" />
</Relation></Relations>
</Document>
