<?xml version="1.0" encoding="UTF-8"?>
<Document>
<TEXT><NODE id="0" />Aflac<NODE id="5" /> Recognized for Technology Excellence and Leadership <NODE id="58" />Company<NODE id="65" /> Receives Two Top Honors from <NODE id="95" />IDG<NODE id="98" /> Enterprise<NODE id="109" />/<NODE id="110" />Computerworld<NODE id="123" /> (January 25, 2016) COLUMBUS, Ga. , Jan. 25, 2016 /<NODE id="174" />PRNewswire<NODE id="184" />/ -- <NODE id="189" />Aflac<NODE id="194" />, the leading <NODE id="208" />provider<NODE id="216" /> of <NODE id="220" />voluntary insurance<NODE id="239" /> at the work site in the United States , announced today that the <NODE id="305" />company<NODE id="312" /> has received <NODE id="326" />IDG<NODE id="329" /> Enterprise<NODE id="340" />'s 2016 <NODE id="348" />Digital Edge<NODE id="360" /> 25 Award for <NODE id="374" />its<NODE id="377" /> innovative <NODE id="389" />One Day Pay S M<NODE id="404" /> <NODE id="405" />initiative<NODE id="415" />. With <NODE id="422" />One Day Pay S M<NODE id="437" /> , when an eligible claim is submitted via <NODE id="480" />SmartClaim<NODE id="490" /> by 3 p.m. ET , Monday-Friday, with all supporting documentation, <NODE id="556" />Aflac<NODE id="561" /> processes, approves and disburses payment for the claim within one business day. This marks the second consecutive year <NODE id="682" />Aflac<NODE id="687" /> has received the <NODE id="705" />Digital Edge<NODE id="717" /> 25 Award. In addition, <NODE id="741" />IDG<NODE id="744" /> Enterprise<NODE id="755" /> has awarded Julia Davis , <NODE id="782" />Aflac<NODE id="787" /> senior vice president and chief information officer, with the 2016 <NODE id="855" />Computerworld<NODE id="868" /> Premier 100 Technology Leaders Award. She was recognized for her exceptional technology leadership and innovative approach in helping lead to the success of <NODE id="1026" />Aflac<NODE id="1031" />'s<NODE id="1033" /> groundbreaking <NODE id="1049" />One Day PaySM<NODE id="1062" /> <NODE id="1063" />initiative<NODE id="1073" />, fostering collaboration between several key departments and ensuring <NODE id="1144" />Aflac<NODE id="1149" />'s position as the leading <NODE id="1176" />provider<NODE id="1184" /> of <NODE id="1188" />voluntary insurance<NODE id="1207" /> at the work site in the United States . <NODE id="1248" />We<NODE id="1250" /> are extremely pleased that <NODE id="1278" />IDG<NODE id="1281" /> Enterprise<NODE id="1292" /> has honored <NODE id="1305" />Aflac<NODE id="1310" />, and <NODE id="1316" />we<NODE id="1318" /> are so proud of Julia for her diligence and leadership, <NODE id="1375" />Aflac<NODE id="1380" /> U.S. President Teresa White said. The strides <NODE id="1427" />we<NODE id="1429" /> achieved through <NODE id="1447" />our<NODE id="1450" /> <NODE id="1451" />One Day Pay<NODE id="1462" /> <NODE id="1463" />initiative<NODE id="1473" /> have helped <NODE id="1486" />us<NODE id="1488" /> make our already fast claims payment process even faster so <NODE id="1549" />our<NODE id="1552" /> policyholders can focus on recovery, not their bills. The 2016 <NODE id="1616" />Digital Edge<NODE id="1628" /> 25 Award recognizes 25 organizations for their advances toward digital transformation initiatives, and the 2016 <NODE id="1741" />Computerworld<NODE id="1754" /> Premier 100 Technology Leaders Award honors personal leadership excellence among senior IT executives. The <NODE id="1862" />Digital Edge<NODE id="1874" /> awards were extremely competitive this year given the volume of innovative entries with measurable business impact, said Anne McCrory , vice president of Marketing and Content Strategy for the <NODE id="2068" />IDG<NODE id="2071" /> Enterprise<NODE id="2082" /> events team. In both the B2B and B2C space, organizations are doing incredible things with data, mobile, cloud and <NODE id="2198" />sensors<NODE id="2205" /> and showing great progress in scaling their digital efforts. About <NODE id="2273" />IDG<NODE id="2276" /> Enterprise<NODE id="2287" /> <NODE id="2288" />IDG<NODE id="2291" /> Enterprise<NODE id="2302" />, an <NODE id="2307" />International Data Group<NODE id="2331" /> (<NODE id="2333" />IDG<NODE id="2336" />) company, brings together the leading editorial brands (<NODE id="2393" />CIO<NODE id="2396" />, <NODE id="2398" />Computerworld<NODE id="2411" />, <NODE id="2413" />CSO<NODE id="2416" />, <NODE id="2418" />InfoWorld<NODE id="2427" />, <NODE id="2429" />ITworld<NODE id="2436" /> and <NODE id="2441" />Network World<NODE id="2454" />) to serve the information needs of <NODE id="2490" />its<NODE id="2493" /> technology and security-focused audiences. As the premier hi-tech B2B media <NODE id="2570" />company<NODE id="2577" />, <NODE id="2579" />they<NODE id="2583" /> leverage the strengths of their premium owned and operated brands, while simultaneously harnessing <NODE id="2683" />their<NODE id="2688" /> collective reach and audience affinity. The <NODE id="2733" />company<NODE id="2740" /> <NODE id="2741" />provides<NODE id="2749" /> <NODE id="2750" />market leadership<NODE id="2767" /> and <NODE id="2772" />converged marketing solutions<NODE id="2801" /> for their customers to engage IT and security decision-makers across <NODE id="2871" />their<NODE id="2876" /> portfolio of award-winning websites, events, magazines, products and services. For more information, visit <NODE id="2984" />www.idgenterprise.com<NODE id="3005" /> . About <NODE id="3014" />Aflac<NODE id="3019" /> When a policyholder gets sick or hurt, <NODE id="3059" />Aflac<NODE id="3064" /> pays cash benefits fast. For nearly six decades, <NODE id="3114" />Aflac<NODE id="3119" /> insurance policies<NODE id="3138" /> have given policyholders the opportunity to focus on recovery, not financial stress. In the United States , <NODE id="3247" />Aflac<NODE id="3252" /> is the leading <NODE id="3268" />provider<NODE id="3276" /> of <NODE id="3280" />voluntary insurance<NODE id="3299" /> at the work site. Through <NODE id="3326" />its<NODE id="3329" /> trailblazing <NODE id="3343" />One Day PaySM<NODE id="3356" /> <NODE id="3357" />initiative<NODE id="3367" />, <NODE id="3369" />Aflac U.S.<NODE id="3379" /> can receive, process, approve and disburse payment for eligible claims in one business day. In Japan , <NODE id="3483" />Aflac<NODE id="3488" /> is a leading <NODE id="3502" />provider<NODE id="3510" /> of <NODE id="3514" />medical<NODE id="3521" /> and <NODE id="3526" />cancer insurance<NODE id="3542" /> and insures 1 in 4 households. <NODE id="3574" />Aflac<NODE id="3579" /> <NODE id="3580" />individual<NODE id="3590" /> and <NODE id="3595" />group insurance<NODE id="3610" /> <NODE id="3611" />products<NODE id="3619" /> help provide protection to more than 50 million people worldwide. For nine consecutive years, <NODE id="3714" />Aflac<NODE id="3719" /> has been recognized by <NODE id="3743" />Ethisphere<NODE id="3753" /> magazine as one of the World's Most Ethical Companies. In 2015, <NODE id="3818" />Fortune<NODE id="3825" /> magazine recognized <NODE id="3846" />Aflac<NODE id="3851" /> as one of the 100 Best Companies to Work For in America for the 17th consecutive year. Also, in 2015, <NODE id="3954" />Fortune<NODE id="3961" /> magazine included <NODE id="3980" />Aflac<NODE id="3985" /> on <NODE id="3989" />its<NODE id="3992" /> list of Most Admired Companies for the 14th time, ranking the company No. 1 in innovation for the insurance, life and health category. Aflac Incorporated is a <NODE id="4152" />Fortune<NODE id="4159" /> 500 company listed on the <NODE id="4186" />New York Stock Exchange<NODE id="4209" /> under the symbol <NODE id="4227" />AFL<NODE id="4230" />. To find out more about <NODE id="4255" />Aflac<NODE id="4260" /> and <NODE id="4265" />One Day PaySM<NODE id="4278" />, visit <NODE id="4286" />aflac.com<NODE id="4295" /> or espanol.aflac.com. <NODE id="4318" />Aflac<NODE id="4323" /> herein means <NODE id="4337" />American Family Life Assurance Company of Columbus<NODE id="4387" /> and <NODE id="4392" />American Family Life Assurance Company of New York<NODE id="4442" /> . Media contacts Jon Sullivan , 706.763.4813 or jsullivan@aflac.com Analyst and investor contact Robin Y. Wilkey , 706.596.3264 or 800.235.2667, FAX: 706.324.6330, or rwilkey@aflac.com . Logo - http://photos.prnewswire.com/prnh/20100423/CL92305LOGO To view the original version on <NODE id="4724" />PR Newswire<NODE id="4735" />, visit: http://www.prnewswire.com/news-releases/aflac-recognized-for-technology-excellence-and-leadership-300208765.html SOURCE Aflac Copyright 2014 <NODE id="4885" />PR Newswire<NODE id="4896" />. All Rights Reserved
</TEXT>
<Meta>
<feature featureName="id" featureValue="vico/8699fe58-2512-3e26-9909-230645df1c8b" />
<feature featureName="source" featureValue="sensor_corpus" />
<feature featureName="lang" featureValue="en" />
<feature featureName="pubDate" featureValue="2016-01-26T03:00:32Z" />
<feature featureName="indexDate" featureValue="2016-07-13T11:26:07.838Z" />
<feature featureName="uri" featureValue="http://videoediting.digitalmedianet.com/article/Aflac-Recognized-for-Technology-Excellence-and-Leadership-4260177" />
<feature featureName="solrEventType" featureValue="None" /></Meta><Entities>
<Entity id="0" startPos="0" endPos="5" type="organization" surface="Aflac" />
<Entity id="1" startPos="58" endPos="65" type="organization" surface="Company" />
<Entity id="2" startPos="95" endPos="98" type="organization" surface="IDG" />
<Entity id="3" startPos="95" endPos="109" type="organization" surface="IDG Enterprise" />
<Entity id="4" startPos="110" endPos="123" type="organization" surface="Computerworld" />
<Entity id="5" startPos="174" endPos="184" type="organization" surface="PRNewswire" />
<Entity id="6" startPos="189" endPos="194" type="organization" surface="Aflac" />
<Entity id="7" startPos="208" endPos="216" type="trigger" surface="provider" />
<Entity id="8" startPos="220" endPos="239" type="product" surface="voluntary insurance" />
<Entity id="9" startPos="305" endPos="312" type="organization" surface="company" />
<Entity id="10" startPos="326" endPos="329" type="organization" surface="IDG" />
<Entity id="11" startPos="326" endPos="340" type="organization" surface="IDG Enterprise" />
<Entity id="12" startPos="348" endPos="360" type="organization" surface="Digital Edge" />
<Entity id="13" startPos="374" endPos="377" type="organization" surface="its" />
<Entity id="14" startPos="389" endPos="404" type="product" surface="One Day Pay S M" />
<Entity id="15" startPos="405" endPos="415" type="trigger" surface="initiative" />
<Entity id="16" startPos="422" endPos="437" type="product" surface="One Day Pay S M" />
<Entity id="17" startPos="480" endPos="490" type="product" surface="SmartClaim" />
<Entity id="18" startPos="556" endPos="561" type="organization" surface="Aflac" />
<Entity id="19" startPos="682" endPos="687" type="organization" surface="Aflac" />
<Entity id="20" startPos="705" endPos="717" type="organization" surface="Digital Edge" />
<Entity id="21" startPos="741" endPos="744" type="organization" surface="IDG" />
<Entity id="22" startPos="741" endPos="755" type="organization" surface="IDG Enterprise" />
<Entity id="23" startPos="782" endPos="787" type="organization" surface="Aflac" />
<Entity id="24" startPos="855" endPos="868" type="organization" surface="Computerworld" />
<Entity id="25" startPos="1026" endPos="1031" type="organization" surface="Aflac" />
<Entity id="26" startPos="1031" endPos="1033" type="trigger" surface="'s" />
<Entity id="27" startPos="1049" endPos="1062" type="product" surface="One Day PaySM" />
<Entity id="28" startPos="1063" endPos="1073" type="trigger" surface="initiative" />
<Entity id="29" startPos="1144" endPos="1149" type="organization" surface="Aflac" />
<Entity id="30" startPos="1176" endPos="1184" type="trigger" surface="provider" />
<Entity id="31" startPos="1188" endPos="1207" type="product" surface="voluntary insurance" />
<Entity id="32" startPos="1248" endPos="1250" type="organization" surface="We" />
<Entity id="33" startPos="1278" endPos="1281" type="organization" surface="IDG" />
<Entity id="34" startPos="1278" endPos="1292" type="organization" surface="IDG Enterprise" />
<Entity id="35" startPos="1305" endPos="1310" type="organization" surface="Aflac" />
<Entity id="36" startPos="1316" endPos="1318" type="organization" surface="we" />
<Entity id="37" startPos="1375" endPos="1380" type="organization" surface="Aflac" />
<Entity id="38" startPos="1427" endPos="1429" type="organization" surface="we" />
<Entity id="39" startPos="1447" endPos="1450" type="organization" surface="our" />
<Entity id="40" startPos="1451" endPos="1462" type="product" surface="One Day Pay" />
<Entity id="41" startPos="1463" endPos="1473" type="trigger" surface="initiative" />
<Entity id="42" startPos="1486" endPos="1488" type="organization" surface="us" />
<Entity id="43" startPos="1549" endPos="1552" type="organization" surface="our" />
<Entity id="44" startPos="1616" endPos="1628" type="organization" surface="Digital Edge" />
<Entity id="45" startPos="1741" endPos="1754" type="organization" surface="Computerworld" />
<Entity id="46" startPos="1862" endPos="1874" type="organization" surface="Digital Edge" />
<Entity id="47" startPos="2068" endPos="2071" type="organization" surface="IDG" />
<Entity id="48" startPos="2068" endPos="2082" type="organization" surface="IDG Enterprise" />
<Entity id="49" startPos="2198" endPos="2205" type="product" surface="sensors" />
<Entity id="50" startPos="2273" endPos="2276" type="organization" surface="IDG" />
<Entity id="51" startPos="2273" endPos="2287" type="organization" surface="IDG Enterprise" />
<Entity id="52" startPos="2288" endPos="2291" type="organization" surface="IDG" />
<Entity id="53" startPos="2288" endPos="2302" type="organization" surface="IDG Enterprise" />
<Entity id="54" startPos="2307" endPos="2331" type="organization" surface="International Data Group" />
<Entity id="55" startPos="2333" endPos="2336" type="organization" surface="IDG" />
<Entity id="56" startPos="2393" endPos="2396" type="organization" surface="CIO" />
<Entity id="57" startPos="2398" endPos="2411" type="organization" surface="Computerworld" />
<Entity id="58" startPos="2413" endPos="2416" type="organization" surface="CSO" />
<Entity id="59" startPos="2418" endPos="2427" type="organization" surface="InfoWorld" />
<Entity id="60" startPos="2429" endPos="2436" type="organization" surface="ITworld" />
<Entity id="61" startPos="2441" endPos="2454" type="organization" surface="Network World" />
<Entity id="62" startPos="2490" endPos="2493" type="organization" surface="its" />
<Entity id="63" startPos="2570" endPos="2577" type="organization" surface="company" />
<Entity id="64" startPos="2579" endPos="2583" type="organization" surface="they" />
<Entity id="65" startPos="2683" endPos="2688" type="organization" surface="their" />
<Entity id="66" startPos="2733" endPos="2740" type="organization" surface="company" />
<Entity id="67" startPos="2741" endPos="2749" type="trigger" surface="provides" />
<Entity id="68" startPos="2750" endPos="2767" type="product" surface="market leadership" />
<Entity id="69" startPos="2772" endPos="2801" type="product" surface="converged marketing solutions" />
<Entity id="70" startPos="2871" endPos="2876" type="organization" surface="their" />
<Entity id="71" startPos="2984" endPos="3005" type="organization" surface="www.idgenterprise.com" />
<Entity id="72" startPos="3014" endPos="3019" type="organization" surface="Aflac" />
<Entity id="73" startPos="3059" endPos="3064" type="organization" surface="Aflac" />
<Entity id="74" startPos="3114" endPos="3119" type="organization" surface="Aflac" />
<Entity id="75" startPos="3114" endPos="3138" type="product" surface="Aflac insurance policies" />
<Entity id="76" startPos="3247" endPos="3252" type="organization" surface="Aflac" />
<Entity id="77" startPos="3268" endPos="3276" type="trigger" surface="provider" />
<Entity id="78" startPos="3280" endPos="3299" type="product" surface="voluntary insurance" />
<Entity id="79" startPos="3326" endPos="3329" type="organization" surface="its" />
<Entity id="80" startPos="3343" endPos="3356" type="product" surface="One Day PaySM" />
<Entity id="81" startPos="3357" endPos="3367" type="trigger" surface="initiative" />
<Entity id="82" startPos="3369" endPos="3379" type="organization" surface="Aflac U.S." />
<Entity id="83" startPos="3483" endPos="3488" type="organization" surface="Aflac" />
<Entity id="84" startPos="3502" endPos="3510" type="trigger" surface="provider" />
<Entity id="85" startPos="3514" endPos="3521" type="product" surface="medical" />
<Entity id="86" startPos="3526" endPos="3542" type="product" surface="cancer insurance" />
<Entity id="87" startPos="3574" endPos="3579" type="organization" surface="Aflac" />
<Entity id="88" startPos="3580" endPos="3590" type="product" surface="individual" />
<Entity id="89" startPos="3595" endPos="3610" type="product" surface="group insurance" />
<Entity id="90" startPos="3611" endPos="3619" type="trigger" surface="products" />
<Entity id="91" startPos="3714" endPos="3719" type="organization" surface="Aflac" />
<Entity id="92" startPos="3743" endPos="3753" type="organization" surface="Ethisphere" />
<Entity id="93" startPos="3818" endPos="3825" type="organization" surface="Fortune" />
<Entity id="94" startPos="3846" endPos="3851" type="organization" surface="Aflac" />
<Entity id="95" startPos="3954" endPos="3961" type="organization" surface="Fortune" />
<Entity id="96" startPos="3980" endPos="3985" type="organization" surface="Aflac" />
<Entity id="97" startPos="3989" endPos="3992" type="organization" surface="its" />
<Entity id="98" startPos="4152" endPos="4159" type="organization" surface="Fortune" />
<Entity id="99" startPos="4186" endPos="4209" type="organization" surface="New York Stock Exchange" />
<Entity id="100" startPos="4227" endPos="4230" type="organization" surface="AFL" />
<Entity id="101" startPos="4255" endPos="4260" type="organization" surface="Aflac" />
<Entity id="102" startPos="4265" endPos="4278" type="product" surface="One Day PaySM" />
<Entity id="103" startPos="4286" endPos="4295" type="organization" surface="aflac.com" />
<Entity id="104" startPos="4318" endPos="4323" type="organization" surface="Aflac" />
<Entity id="105" startPos="4337" endPos="4387" type="organization" surface="American Family Life Assurance Company of Columbus" />
<Entity id="106" startPos="4392" endPos="4442" type="organization" surface="American Family Life Assurance Company of New York" />
<Entity id="107" startPos="4724" endPos="4735" type="organization" surface="PR Newswire" />
<Entity id="108" startPos="4885" endPos="4896" type="organization" surface="PR Newswire" /></Entities><Relations>
<Relation id="109" NAME="CompanyProvidesProduct">
<Entity id="8" label="product" />
<Entity id="6" label="company" />
<Entity id="7" label="trigger" />
</Relation>
<Relation id="110" NAME="CompanyProvidesProduct">
<Entity id="14" label="product" />
<Entity id="13" label="company" />
<Entity id="15" label="trigger" />
</Relation>
<Relation id="111" NAME="CompanyProvidesProduct">
<Entity id="27" label="product" />
<Entity id="25" label="company" />
<Entity id="28" label="trigger" />
<Entity id="26" label="trigger" />
</Relation>
<Relation id="112" NAME="CompanyProvidesProduct">
<Entity id="31" label="product" />
<Entity id="29" label="company" />
<Entity id="30" label="trigger" />
</Relation>
<Relation id="113" NAME="CompanyProvidesProduct">
<Entity id="69" label="product" />
<Entity id="68" label="product" />
<Entity id="66" label="company" />
<Entity id="67" label="trigger" />
</Relation>
<Relation id="114" NAME="CompanyProvidesProduct">
<Entity id="75" label="product" />
<Entity id="74" label="company" />
</Relation>
<Relation id="115" NAME="CompanyProvidesProduct">
<Entity id="78" label="product" />
<Entity id="76" label="company" />
<Entity id="77" label="trigger" />
</Relation>
<Relation id="116" NAME="CompanyProvidesProduct">
<Entity id="80" label="product" />
<Entity id="81" label="trigger" />
<Entity id="79" label="trigger" />
</Relation>
<Relation id="117" NAME="CompanyProvidesProduct">
<Entity id="85" label="product" />
<Entity id="86" label="product" />
<Entity id="83" label="company" />
<Entity id="84" label="trigger" />
</Relation>
<Relation id="118" NAME="CompanyProvidesProduct">
<Entity id="89" label="product" />
<Entity id="88" label="product" />
<Entity id="87" label="company" />
<Entity id="90" label="trigger" />
</Relation>
<Relation id="119" NAME="identity">
<Entity id="0" label="source" />
<Entity id="39" label="target" />
<Entity id="6" label="target" />
<Entity id="104" label="target" />
<Entity id="82" label="target" />
<Entity id="29" label="target" />
<Entity id="101" label="target" />
<Entity id="25" label="target" />
<Entity id="9" label="target" />
<Entity id="106" label="target" />
<Entity id="83" label="target" />
<Entity id="1" label="target" />
<Entity id="37" label="target" />
<Entity id="38" label="target" />
<Entity id="73" label="target" />
<Entity id="19" label="target" />
<Entity id="74" label="target" />
<Entity id="100" label="target" />
<Entity id="72" label="target" />
<Entity id="35" label="target" />
<Entity id="76" label="target" />
<Entity id="105" label="target" />
<Entity id="94" label="target" />
<Entity id="42" label="target" />
<Entity id="96" label="target" />
<Entity id="36" label="target" />
<Entity id="18" label="target" />
<Entity id="32" label="target" />
<Entity id="23" label="target" />
<Entity id="103" label="target" />
<Entity id="79" label="target" />
<Entity id="91" label="target" />
<Entity id="13" label="target" />
</Relation>
<Relation id="120" NAME="identity">
<Entity id="2" label="source" />
<Entity id="54" label="target" />
<Entity id="47" label="target" />
<Entity id="33" label="target" />
<Entity id="50" label="target" />
<Entity id="55" label="target" />
<Entity id="52" label="target" />
<Entity id="10" label="target" />
</Relation>
<Relation id="121" NAME="identity">
<Entity id="3" label="source" />
<Entity id="66" label="target" />
<Entity id="71" label="target" />
<Entity id="64" label="target" />
<Entity id="63" label="target" />
<Entity id="11" label="target" />
<Entity id="51" label="target" />
<Entity id="70" label="target" />
<Entity id="22" label="target" />
<Entity id="48" label="target" />
<Entity id="53" label="target" />
<Entity id="34" label="target" />
<Entity id="65" label="target" />
<Entity id="62" label="target" />
</Relation>
<Relation id="122" NAME="identity">
<Entity id="4" label="source" />
<Entity id="45" label="target" />
<Entity id="24" label="target" />
<Entity id="57" label="target" />
</Relation>
<Relation id="123" NAME="identity">
<Entity id="5" label="source" />
<Entity id="108" label="target" />
<Entity id="107" label="target" />
</Relation>
<Relation id="124" NAME="identity">
<Entity id="8" label="source" />
<Entity id="31" label="target" />
<Entity id="89" label="target" />
<Entity id="85" label="target" />
<Entity id="88" label="target" />
<Entity id="75" label="target" />
<Entity id="86" label="target" />
<Entity id="78" label="target" />
</Relation>
<Relation id="125" NAME="identity">
<Entity id="12" label="source" />
<Entity id="46" label="target" />
<Entity id="20" label="target" />
<Entity id="44" label="target" />
</Relation>
<Relation id="126" NAME="identity">
<Entity id="14" label="source" />
<Entity id="80" label="target" />
<Entity id="102" label="target" />
<Entity id="27" label="target" />
<Entity id="40" label="target" />
<Entity id="16" label="target" />
</Relation>
<Relation id="127" NAME="identity">
<Entity id="93" label="source" />
<Entity id="95" label="target" />
<Entity id="97" label="target" />
</Relation></Relations>
</Document>
