<?xml version="1.0" encoding="UTF-8"?>
<Document>
<TEXT><NODE id="0" />Microsemi<NODE id="9" /> opens <NODE id="16" />Aviation Center of Excellence<NODE id="45" /> for intelligent power PDF Date: 02/03/2016 Categories: Design Tools, Education, Training &amp; Careers, Government &amp; Industry, Manufacturing &amp; Assembly, Power Modules, Power Supplies <NODE id="225" />Microsemi<NODE id="234" /> , a <NODE id="239" />leading<NODE id="246" /> <NODE id="247" />provider<NODE id="255" /> of <NODE id="259" />semiconductor<NODE id="272" /> solutions<NODE id="282" /> differentiated by power, security, reliability and performance, today announced the opening of <NODE id="378" />its<NODE id="381" /> <NODE id="382" />Aviation Centre of Excellence<NODE id="411" /> in Ennis, Ireland. The 1,900 square-foot research and development <NODE id="478" />facility<NODE id="486" /> will <NODE id="492" />support<NODE id="499" /> the <NODE id="504" />design<NODE id="510" />, <NODE id="512" />development<NODE id="523" /> and <NODE id="528" />manufacturing<NODE id="541" /> of <NODE id="545" />Microsemi<NODE id="554" />’s<NODE id="556" /> new <NODE id="561" />product line<NODE id="573" /> of high reliability aviation <NODE id="603" />intelligent power solutions<NODE id="630" /> ( <NODE id="633" />IPS<NODE id="636" /> ). During a grand opening ceremony this morning, Jim Aralis , chief technology officer and vice president of advanced development at <NODE id="770" />Microsemi<NODE id="779" /> , joined fellow executives, employees and community members for <NODE id="844" />The Aviation Centre of Excellence<NODE id="877" />’s unveiling. Following the event, Aralis is hosting an engineering forum open to the technical community. '<NODE id="985" />Our<NODE id="988" /> new <NODE id="993" />Aviation Centre of Excellence<NODE id="1022" /> is the latest example of <NODE id="1048" />Microsemi<NODE id="1057" />’s investment in research and development in Ireland, and reflects <NODE id="1124" />our<NODE id="1127" /> Ennis <NODE id="1134" />facility<NODE id="1142" />’s important contributions to the wider <NODE id="1182" />Microsemi<NODE id="1191" /> global product/technology development network. <NODE id="1239" />We<NODE id="1241" /> now <NODE id="1246" />offer<NODE id="1251" /> a complete solution for high reliability <NODE id="1293" />aviation <NODE id="1302" />intelligent power solutions<NODE id="1329" /> from design to manufacturing,' said Aralis . 'The <NODE id="1380" />facility<NODE id="1388" /> will not only <NODE id="1403" />provide<NODE id="1410" /> access to a portfolio of highly integrated, flexible and scalable solutions for <NODE id="1491" />aviation electric actuation<NODE id="1518" /> and <NODE id="1523" />power conversion applications<NODE id="1552" />, but customers will also have access to a full <NODE id="1600" />technical service<NODE id="1617" /> provider as an extension of their design teams.' Development capabilities The <NODE id="1696" />facility<NODE id="1704" />’s new research and development laboratory is fully resourced with modeling, simulation, analysis and algorithm development capabilities providing accelerated product innovation. The state-of-the-art measuring equipment enables extensive product testing while a dedicated reliability laboratory facilitates product qualification and long-term application specific life testing. As the aviation sector continues to demand higher levels of reliability and integration in the area of power electronics in order to realize the goal of more electric aircraft (MEA), <NODE id="2265" />Microsemi<NODE id="2274" />’s <NODE id="2277" />Aviation Centre of Excellence<NODE id="2306" /> will play a critical role in supporting this objective. According to professor Pat Wheeler, head of department, Electrical and Electronic Engineering and deputy head of the Power Electronics, Machines and Controls ( PEMC ) Research Group at the University of Nottingham (UK), power electronics is the enabling technology for the more electric aircraft. However MEA advantages are marginal with current technology and advancements in the areas of reliability, power density, wide band gap <NODE id="2795" />semiconductor<NODE id="2808" /> materials<NODE id="2818" /> and thermal management are essential to achieve its full potential. <NODE id="2887" />Microsemi<NODE id="2896" /> is <NODE id="2900" />developing<NODE id="2910" /> <NODE id="2911" />IPS<NODE id="2914" /> <NODE id="2915" />products<NODE id="2923" /> for a variety of growing applications within the commercial aviation industry. According to global market research and consulting company <NODE id="3062" />MarketsandMarkets<NODE id="3079" /> , the actuator, electrical and electronics systems market was valued at $8 billion in 2013 and is expected to grow at a compound annual growth rate ( CAGR ) of 14 percent to reach $21 billion by 2020. The electrical systems are expected to grow at a CAGR of 16 percent and the electronics components market is expected to grow at a CAGR of 13 percent. Flagship products <NODE id="3450" />Among<NODE id="3455" /> the flagship <NODE id="3469" />products<NODE id="3477" /> of <NODE id="3481" />Microsemi<NODE id="3490" />’s new <NODE id="3497" />Aviation Centre of Excellence<NODE id="3526" /> is the aviation <NODE id="3543" />power core module<NODE id="3560" /> ( <NODE id="3563" />PCM<NODE id="3566" /> ) with an integrated FPGA and hybrid power drive ( HPD ) stage. The <NODE id="3635" />PCM<NODE id="3638" /> controls the electrical motors used in applications such as primary flight control actuation and landing gear systems. It interfaces seamlessly with aircraft power supplies and flight computers, providing vital sensor feedback for monitoring. Customization options are also available to ensure an optimized product offering for customers. The hybrid power drive ( HPD ) with integrated solenoid drive is also available as a stand-alone product. The manufacturing of these power systems leverages the <NODE id="4139" />company<NODE id="4146" />’s existing operations infrastructure as well as the high quality and reliability processes in the current Ennis <NODE id="4259" />facility<NODE id="4267" />, which is a manufacturing center for <NODE id="4305" />Microsemi<NODE id="4314" />’s high reliability discrete products. For more information, about the <NODE id="4385" />Aviation Centre of Excellence<NODE id="4414" />, visit http://www.microsemi.com/applications/commercial-aviation/aviation-center-of-excellence. 'This investment in <NODE id="4531" />aviation <NODE id="4540" />intelligent power solutions<NODE id="4567" /> is a significant testament to our vision to be a full solutions provider, leveraging the extensive technologies and capabilities across the <NODE id="4708" />company<NODE id="4715" /> to expand our footprint in focus applications,' said Siobhan Dolan Clancy, vice president of business development, aerospace, at <NODE id="4845" />Microsemi<NODE id="4854" /> . 'By combining <NODE id="4871" />our<NODE id="4874" /> team’s industry-leading technology from around the globe with <NODE id="4937" />our<NODE id="4940" /> aerospace power module capabilities, <NODE id="4978" />we<NODE id="4980" /> look forward to announcing truly game-changing developments in this market.' <NODE id="5058" />Microsemi<NODE id="5067" /> : Committed to Ireland <NODE id="5091" />Microsemi<NODE id="5100" /> established <NODE id="5113" />its<NODE id="5116" /> presence in Ireland in 1992 through the acquisition of a facility in Ennis, Co. Clare and in 2012 the <NODE id="5219" />company<NODE id="5226" /> named the Ennis facility as its European headquarters. Over the past several years, <NODE id="5311" />Microsemi<NODE id="5320" /> has made a significant investment in <NODE id="5358" />its<NODE id="5361" /> Ennis operations and now employs 270 people, making <NODE id="5414" />it<NODE id="5416" /> one of the largest employers in the area. <NODE id="5459" />Microsemi<NODE id="5468" />’s annual spend in Ireland is in excess of $20 million annually and <NODE id="5536" />it<NODE id="5538" /> continues to recruit engineers and other technical professionals. The Ennis <NODE id="5615" />facility<NODE id="5623" />’s key competencies are the <NODE id="5651" />development<NODE id="5662" />, <NODE id="5664" />manufacturing<NODE id="5677" /> and <NODE id="5682" />high reliability testing<NODE id="5706" /> of <NODE id="5710" />semiconductors<NODE id="5724" /> to meet stringent aerospace, satellite, medical and security standards and it is now one of the largest such facilities globally. <NODE id="5855" />Microsemi<NODE id="5864" /> also has a design group in Dublin which is <NODE id="5908" />focused<NODE id="5915" /> on advanced <NODE id="5928" />system-on-chip<NODE id="5942" /> ( <NODE id="5945" />SoC<NODE id="5948" /> ) <NODE id="5951" />software<NODE id="5959" /> and solutions with an emphasis on <NODE id="5994" />ARM processor-centric designs<NODE id="6023" />, and a group in Cork who are specialized in the <NODE id="6072" />development<NODE id="6083" /> of highly efficient and <NODE id="6108" />scalable embedded hardware<NODE id="6134" /> and <NODE id="6139" />software<NODE id="6147" /> for real-time Ethernet operations. Commercial Aviation Electronics <NODE id="6215" />Microsemi<NODE id="6224" />
</TEXT>
<Meta>
<feature featureName="id" featureValue="vico/dfa51935-110b-3ea0-bb62-908504bae88c" />
<feature featureName="source" featureValue="sensor_corpus" />
<feature featureName="lang" featureValue="en" />
<feature featureName="pubDate" featureValue="2016-02-03T16:44:09Z" />
<feature featureName="indexDate" featureValue="2016-07-13T12:00:09.525Z" />
<feature featureName="uri" featureValue="http://www.powersystemsdesign.com/microsemi-opens-aviation-center-of-excellence-for-intelligent-power" />
<feature featureName="solrEventType" featureValue="None" /></Meta><Entities>
<Entity id="0" startPos="0" endPos="9" type="organization" surface="Microsemi" />
<Entity id="1" startPos="16" endPos="45" type="organization" surface="Aviation Center of Excellence" />
<Entity id="2" startPos="225" endPos="234" type="organization" surface="Microsemi" />
<Entity id="3" startPos="239" endPos="246" type="trigger" surface="leading" />
<Entity id="4" startPos="247" endPos="255" type="trigger" surface="provider" />
<Entity id="5" startPos="259" endPos="272" type="product" surface="semiconductor" />
<Entity id="6" startPos="259" endPos="282" type="product" surface="semiconductor solutions" />
<Entity id="7" startPos="378" endPos="381" type="organization" surface="its" />
<Entity id="8" startPos="382" endPos="411" type="organization" surface="Aviation Centre of Excellence" />
<Entity id="9" startPos="478" endPos="486" type="organization" surface="facility" />
<Entity id="10" startPos="492" endPos="499" type="trigger" surface="support" />
<Entity id="11" startPos="504" endPos="510" type="trigger" surface="design" />
<Entity id="12" startPos="512" endPos="523" type="trigger" surface="development" />
<Entity id="13" startPos="528" endPos="541" type="trigger" surface="manufacturing" />
<Entity id="14" startPos="545" endPos="554" type="organization" surface="Microsemi" />
<Entity id="15" startPos="554" endPos="556" type="trigger" surface="’s" />
<Entity id="16" startPos="561" endPos="573" type="trigger" surface="product line" />
<Entity id="17" startPos="603" endPos="630" type="product" surface="intelligent power solutions" />
<Entity id="18" startPos="633" endPos="636" type="product" surface="IPS" />
<Entity id="19" startPos="770" endPos="779" type="organization" surface="Microsemi" />
<Entity id="20" startPos="844" endPos="877" type="organization" surface="The Aviation Centre of Excellence" />
<Entity id="21" startPos="985" endPos="988" type="organization" surface="Our" />
<Entity id="22" startPos="993" endPos="1022" type="organization" surface="Aviation Centre of Excellence" />
<Entity id="23" startPos="1048" endPos="1057" type="organization" surface="Microsemi" />
<Entity id="24" startPos="1124" endPos="1127" type="organization" surface="our" />
<Entity id="25" startPos="1134" endPos="1142" type="organization" surface="facility" />
<Entity id="26" startPos="1182" endPos="1191" type="organization" surface="Microsemi" />
<Entity id="27" startPos="1239" endPos="1241" type="organization" surface="We" />
<Entity id="28" startPos="1246" endPos="1251" type="trigger" surface="offer" />
<Entity id="29" startPos="1293" endPos="1329" type="product" surface="aviation intelligent power solutions" />
<Entity id="30" startPos="1302" endPos="1329" type="product" surface="intelligent power solutions" />
<Entity id="31" startPos="1380" endPos="1388" type="organization" surface="facility" />
<Entity id="32" startPos="1403" endPos="1410" type="trigger" surface="provide" />
<Entity id="33" startPos="1491" endPos="1518" type="product" surface="aviation electric actuation" />
<Entity id="34" startPos="1523" endPos="1552" type="product" surface="power conversion applications" />
<Entity id="35" startPos="1600" endPos="1617" type="product" surface="technical service" />
<Entity id="36" startPos="1696" endPos="1704" type="organization" surface="facility" />
<Entity id="37" startPos="2265" endPos="2274" type="organization" surface="Microsemi" />
<Entity id="38" startPos="2277" endPos="2306" type="organization" surface="Aviation Centre of Excellence" />
<Entity id="39" startPos="2795" endPos="2808" type="product" surface="semiconductor" />
<Entity id="40" startPos="2795" endPos="2818" type="product" surface="semiconductor materials" />
<Entity id="41" startPos="2887" endPos="2896" type="organization" surface="Microsemi" />
<Entity id="42" startPos="2900" endPos="2910" type="trigger" surface="developing" />
<Entity id="43" startPos="2911" endPos="2914" type="product" surface="IPS" />
<Entity id="44" startPos="2915" endPos="2923" type="trigger" surface="products" />
<Entity id="45" startPos="3062" endPos="3079" type="organization" surface="MarketsandMarkets" />
<Entity id="46" startPos="3450" endPos="3455" type="trigger" surface="Among" />
<Entity id="47" startPos="3469" endPos="3477" type="trigger" surface="products" />
<Entity id="48" startPos="3481" endPos="3490" type="organization" surface="Microsemi" />
<Entity id="49" startPos="3497" endPos="3526" type="organization" surface="Aviation Centre of Excellence" />
<Entity id="50" startPos="3543" endPos="3560" type="product" surface="power core module" />
<Entity id="51" startPos="3563" endPos="3566" type="product" surface="PCM" />
<Entity id="52" startPos="3635" endPos="3638" type="product" surface="PCM" />
<Entity id="53" startPos="4139" endPos="4146" type="organization" surface="company" />
<Entity id="54" startPos="4259" endPos="4267" type="organization" surface="facility" />
<Entity id="55" startPos="4305" endPos="4314" type="organization" surface="Microsemi" />
<Entity id="56" startPos="4385" endPos="4414" type="organization" surface="Aviation Centre of Excellence" />
<Entity id="57" startPos="4531" endPos="4567" type="product" surface="aviation intelligent power solutions" />
<Entity id="58" startPos="4540" endPos="4567" type="product" surface="intelligent power solutions" />
<Entity id="59" startPos="4708" endPos="4715" type="organization" surface="company" />
<Entity id="60" startPos="4845" endPos="4854" type="organization" surface="Microsemi" />
<Entity id="61" startPos="4871" endPos="4874" type="organization" surface="our" />
<Entity id="62" startPos="4937" endPos="4940" type="organization" surface="our" />
<Entity id="63" startPos="4978" endPos="4980" type="organization" surface="we" />
<Entity id="64" startPos="5058" endPos="5067" type="organization" surface="Microsemi" />
<Entity id="65" startPos="5091" endPos="5100" type="organization" surface="Microsemi" />
<Entity id="66" startPos="5113" endPos="5116" type="organization" surface="its" />
<Entity id="67" startPos="5219" endPos="5226" type="organization" surface="company" />
<Entity id="68" startPos="5311" endPos="5320" type="organization" surface="Microsemi" />
<Entity id="69" startPos="5358" endPos="5361" type="organization" surface="its" />
<Entity id="70" startPos="5414" endPos="5416" type="organization" surface="it" />
<Entity id="71" startPos="5459" endPos="5468" type="organization" surface="Microsemi" />
<Entity id="72" startPos="5536" endPos="5538" type="organization" surface="it" />
<Entity id="73" startPos="5615" endPos="5623" type="organization" surface="facility" />
<Entity id="74" startPos="5651" endPos="5662" type="trigger" surface="development" />
<Entity id="75" startPos="5664" endPos="5677" type="trigger" surface="manufacturing" />
<Entity id="76" startPos="5682" endPos="5706" type="trigger" surface="high reliability testing" />
<Entity id="77" startPos="5710" endPos="5724" type="product" surface="semiconductors" />
<Entity id="78" startPos="5855" endPos="5864" type="organization" surface="Microsemi" />
<Entity id="79" startPos="5908" endPos="5915" type="trigger" surface="focused" />
<Entity id="80" startPos="5928" endPos="5942" type="product" surface="system-on-chip" />
<Entity id="81" startPos="5945" endPos="5948" type="product" surface="SoC" />
<Entity id="82" startPos="5951" endPos="5959" type="trigger" surface="software" />
<Entity id="83" startPos="5994" endPos="6023" type="product" surface="ARM processor-centric designs" />
<Entity id="84" startPos="6072" endPos="6083" type="trigger" surface="development" />
<Entity id="85" startPos="6108" endPos="6134" type="product" surface="scalable embedded hardware" />
<Entity id="86" startPos="6139" endPos="6147" type="product" surface="software" />
<Entity id="87" startPos="6215" endPos="6224" type="organization" surface="Microsemi" /></Entities><Relations>
<Relation id="88" NAME="CompanyProvidesProduct">
<Entity id="6" label="product" />
<Entity id="2" label="company" />
<Entity id="4" label="trigger" />
<Entity id="3" label="trigger" />
</Relation>
<Relation id="89" NAME="CompanyProvidesProduct">
<Entity id="17" label="product" />
<Entity id="9" label="company" />
<Entity id="13" label="trigger" />
<Entity id="12" label="trigger" />
<Entity id="11" label="trigger" />
<Entity id="10" label="trigger" />
</Relation>
<Relation id="90" NAME="CompanyProvidesProduct">
<Entity id="17" label="product" />
<Entity id="14" label="company" />
<Entity id="15" label="trigger" />
<Entity id="16" label="trigger" />
</Relation>
<Relation id="91" NAME="CompanyProvidesProduct">
<Entity id="29" label="product" />
<Entity id="27" label="company" />
<Entity id="28" label="trigger" />
</Relation>
<Relation id="92" NAME="CompanyProvidesProduct">
<Entity id="33" label="product" />
<Entity id="34" label="product" />
<Entity id="31" label="company" />
<Entity id="32" label="trigger" />
</Relation>
<Relation id="93" NAME="CompanyProvidesProduct">
<Entity id="43" label="product" />
<Entity id="41" label="company" />
<Entity id="44" label="trigger" />
<Entity id="42" label="trigger" />
</Relation>
<Relation id="94" NAME="CompanyProvidesProduct">
<Entity id="50" label="product" />
<Entity id="49" label="company" />
<Entity id="46" label="trigger" />
<Entity id="47" label="trigger" />
</Relation>
<Relation id="95" NAME="CompanyProvidesProduct">
<Entity id="77" label="product" />
<Entity id="73" label="company" />
<Entity id="75" label="trigger" />
<Entity id="76" label="trigger" />
<Entity id="74" label="trigger" />
</Relation>
<Relation id="96" NAME="CompanyProvidesProduct">
<Entity id="86" label="product" />
<Entity id="85" label="product" />
<Entity id="78" label="company" />
<Entity id="84" label="trigger" />
</Relation>
<Relation id="97" NAME="CompanyProvidesProduct">
<Entity id="80" label="product" />
<Entity id="83" label="product" />
<Entity id="78" label="company" />
<Entity id="82" label="trigger" />
<Entity id="79" label="trigger" />
</Relation>
<Relation id="98" NAME="identity">
<Entity id="0" label="source" />
<Entity id="70" label="target" />
<Entity id="63" label="target" />
<Entity id="64" label="target" />
<Entity id="14" label="target" />
<Entity id="69" label="target" />
<Entity id="66" label="target" />
<Entity id="7" label="target" />
<Entity id="68" label="target" />
<Entity id="55" label="target" />
<Entity id="60" label="target" />
<Entity id="67" label="target" />
<Entity id="48" label="target" />
<Entity id="37" label="target" />
<Entity id="72" label="target" />
<Entity id="65" label="target" />
<Entity id="87" label="target" />
<Entity id="53" label="target" />
<Entity id="71" label="target" />
<Entity id="27" label="target" />
<Entity id="78" label="target" />
<Entity id="23" label="target" />
<Entity id="62" label="target" />
<Entity id="61" label="target" />
<Entity id="59" label="target" />
<Entity id="19" label="target" />
<Entity id="21" label="target" />
<Entity id="24" label="target" />
<Entity id="26" label="target" />
<Entity id="2" label="target" />
<Entity id="41" label="target" />
</Relation>
<Relation id="99" NAME="identity">
<Entity id="1" label="source" />
<Entity id="25" label="target" />
<Entity id="73" label="target" />
<Entity id="8" label="target" />
<Entity id="22" label="target" />
<Entity id="36" label="target" />
<Entity id="56" label="target" />
<Entity id="49" label="target" />
<Entity id="54" label="target" />
<Entity id="31" label="target" />
<Entity id="20" label="target" />
<Entity id="38" label="target" />
<Entity id="9" label="target" />
</Relation>
<Relation id="100" NAME="identity">
<Entity id="5" label="source" />
<Entity id="39" label="target" />
<Entity id="77" label="target" />
</Relation>
<Relation id="101" NAME="identity">
<Entity id="6" label="source" />
<Entity id="40" label="target" />
</Relation>
<Relation id="102" NAME="identity">
<Entity id="17" label="source" />
<Entity id="18" label="target" />
<Entity id="30" label="target" />
<Entity id="43" label="target" />
<Entity id="58" label="target" />
</Relation>
<Relation id="103" NAME="identity">
<Entity id="29" label="source" />
<Entity id="57" label="target" />
</Relation>
<Relation id="104" NAME="identity">
<Entity id="50" label="source" />
<Entity id="52" label="target" />
<Entity id="51" label="target" />
</Relation>
<Relation id="105" NAME="identity">
<Entity id="80" label="source" />
<Entity id="81" label="target" />
</Relation></Relations>
</Document>
