<?xml version="1.0" encoding="UTF-8"?>
<Document>
<TEXT>Thursday, January 21, 2016 Last update: 10:33 AM <NODE id="49" />FreshNews.com<NODE id="62" /> - Covering Large &amp; Obscure Tech Companies Since 1996 100V H-bridge <NODE id="130" />MOSFETs<NODE id="137" /> <NODE id="138" />from<NODE id="142" /> <NODE id="143" />Diodes Incorporated<NODE id="162" /> Reduces Footprint with 5mm x 4.5mm Package Submitted by admin on 1/21/2016 @ 7:00 AM Companies mentioned in this article: <NODE id="285" />Diodes Incorporated<NODE id="304" /> PLANO, Texas -- (<NODE id="322" />BUSINESS WIRE<NODE id="335" />) -- <NODE id="340" />Diodes Incorporated<NODE id="359" /> (<NODE id="361" />Nasdaq<NODE id="367" />: <NODE id="369" />DIOD<NODE id="373" />), a leading global manufacturer and supplier of high-quality application specific standard products within the broad <NODE id="491" />discrete<NODE id="499" />, <NODE id="501" />logic<NODE id="506" /> and <NODE id="511" />analog semiconductor<NODE id="531" /> markets, today <NODE id="547" />introduced<NODE id="557" /> the <NODE id="562" />DMHC10H170SFJ<NODE id="575" />. This <NODE id="582" />100V full <NODE id="592" />H-bridge<NODE id="600" /> incorporates <NODE id="614" />dual N-channel<NODE id="628" /> and <NODE id="633" />P-channel <NODE id="643" />MOSFETs<NODE id="650" /> into a tiny (5mm x 4.5mm) DFN5045 package. This configuration reduces component count and board space, which is especially important in applications that require multiple devices, such as the array of <NODE id="852" />ultrasonic <NODE id="863" />transducers<NODE id="874" /> used for industrial inspection systems or found in marine sonar equipment. Other common applications include driving <NODE id="992" />DC motors<NODE id="1001" /> in <NODE id="1005" />48V telecom fans<NODE id="1021" /> and other inductive loads such as the coils in <NODE id="1069" />wireless charging pads<NODE id="1091" />. The <NODE id="1097" />DMHC10H170SFJ<NODE id="1110" /> has a 100V drain-source breakdown voltage (BVDSS) providing sufficient headroom to support <NODE id="1202" />48V telecom rails<NODE id="1219" /> and industrial applications, while having a 5V gate voltage to simplify designs with a direct logic level interface to MCUs. An 11A peak pulse current rating also means the device can handle the in-rush current from energizing a coil, which is usually greater than five times the typical operating current of a <NODE id="1531" />DC motor<NODE id="1539" />. The <NODE id="1545" />DMHC10H170SFJ<NODE id="1558" /> is able to replace four SOT23 or two SO-8 packages, which enables compact arrays of multiple <NODE id="1652" />ultrasonic <NODE id="1663" />transducers<NODE id="1674" />. An example of this is 1024 <NODE id="1703" />transducers<NODE id="1714" /> each needing to be individually driven with an <NODE id="1762" />H-bridge<NODE id="1770" />, providing steerable and focused beams for phased-array systems. Such systems are used in manufacturing for material flaw inspection or in marine echo-location systems. The <NODE id="1944" />DMHC10H170SFJ<NODE id="1957" /> is supplied in a V-DFN5045-12 package, which provides a uniquely small solution for the market. For further information, visit the <NODE id="2089" />Company<NODE id="2096" />'s website at www.diodes.com . About <NODE id="2133" />Diodes Incorporated<NODE id="2152" /> <NODE id="2153" />Diodes Incorporated<NODE id="2172" /> (<NODE id="2174" />Nasdaq<NODE id="2180" />: <NODE id="2182" />DIOD<NODE id="2186" />), a <NODE id="2191" />Standard and Poor's<NODE id="2210" /> SmallCap 600 and <NODE id="2228" />Russell<NODE id="2235" /> 3000 Index company, is a leading global manufacturer and supplier of high-quality application specific standard products within the broad <NODE id="2374" />discrete<NODE id="2382" />, <NODE id="2384" />logic<NODE id="2389" /> and <NODE id="2394" />analog semiconductor<NODE id="2414" /> markets. <NODE id="2424" />Diodes<NODE id="2430" /> serves the consumer electronics, computing, communications, industrial, and automotive markets. <NODE id="2527" />Diodes<NODE id="2533" />'<NODE id="2534" /> <NODE id="2535" />products<NODE id="2543" /> include <NODE id="2552" />diodes<NODE id="2558" />, <NODE id="2560" />rectifiers<NODE id="2570" />, <NODE id="2572" />transistors<NODE id="2583" />, <NODE id="2585" />MOSFETs<NODE id="2592" />, <NODE id="2594" />protection devices<NODE id="2612" />, <NODE id="2614" />functional specific arrays<NODE id="2640" />, <NODE id="2642" />single gate logic<NODE id="2659" />, <NODE id="2661" />amplifiers<NODE id="2671" /> and <NODE id="2676" />comparators<NODE id="2687" />, <NODE id="2689" />Hall-effect<NODE id="2700" /> and <NODE id="2705" />temperature sensors<NODE id="2724" />; <NODE id="2726" />power management devices<NODE id="2750" />, including <NODE id="2762" />LED drivers<NODE id="2773" />, <NODE id="2775" />AC-DC converters<NODE id="2791" /> and <NODE id="2796" />controllers<NODE id="2807" />, <NODE id="2809" />DC-DC switching<NODE id="2824" /> and <NODE id="2829" />linear voltage regulators<NODE id="2854" />, and <NODE id="2860" />voltage references<NODE id="2878" /> along with <NODE id="2890" />special function devices<NODE id="2914" />, such as <NODE id="2924" />USB power switches<NODE id="2942" />, <NODE id="2944" />load switches<NODE id="2957" />, <NODE id="2959" />voltage supervisors<NODE id="2978" />, and <NODE id="2984" />motor controllers<NODE id="3001" />. <NODE id="3003" />Diodes<NODE id="3009" />' corporate headquarters and Americas' sales office are located in Plano, Texas. Design, marketing, and engineering centers are located in Plano; San Jose, California; Taipei, Taiwan; Manchester, England; and Neuhaus, Germany. <NODE id="3236" />Diodes<NODE id="3242" />'<NODE id="3243" /> <NODE id="3244" />wafer<NODE id="3249" /> <NODE id="3250" />fabrication<NODE id="3261" /> facilities are located in Kansas City, Missouri and Manchester, with two additional facilities located in Shanghai, China. <NODE id="3385" />Diodes<NODE id="3391" /> has assembly and test facilities located in Shanghai and in Chengdu, China, as well as in Neuhaus and in Taipei. Additional engineering, sales, warehouse, and logistics offices are located in Taipei; Hong Kong; Manchester; Shanghai; Shenzhen, China; Seongnam-si, South Korea; and Munich, Germany, with support offices throughout the world. For further information, including SEC filings, visit <NODE id="3786" />Diodes<NODE id="3792" />' website at www.diodes.com . View source version on <NODE id="3845" />businesswire.com<NODE id="3861" />: http://www.businesswire.com/news/home/20160121005074/en/ Copyright Business Wire 2016 Contact: Company Contact: <NODE id="3975" />Diodes Incorporated<NODE id="3994" /> Francis Tang VP, Worldwide Discrete Products P: 972-987-3900 E: pressinquiries@diodes.com or Investor Relations Contact: Shelton Group Leanne K. Sievers EVP, Investor Relations P: 949-224-3874 E: lsievers@sheltongroup.com
</TEXT>
<Meta>
<feature featureName="id" featureValue="vico/78dc57fc-57e8-345a-95a8-4e52cdca28ee" />
<feature featureName="source" featureValue="sensor_corpus" />
<feature featureName="lang" featureValue="en" />
<feature featureName="pubDate" featureValue="2016-01-21T20:52:35Z" />
<feature featureName="indexDate" featureValue="2016-07-13T11:20:55.856Z" />
<feature featureName="uri" featureValue="http://www.freshnews.com/news/1177100/100v-h-bridge-mosfets-diodes-incorporated-reduces-footprint-5mm-x-4-5mm-package" />
<feature featureName="solrEventType" featureValue="None" /></Meta><Entities>
<Entity id="0" startPos="49" endPos="62" type="organization" surface="FreshNews.com" />
<Entity id="1" startPos="130" endPos="137" type="product" surface="MOSFETs" />
<Entity id="2" startPos="138" endPos="142" type="trigger" surface="from" />
<Entity id="3" startPos="143" endPos="162" type="organization" surface="Diodes Incorporated" />
<Entity id="4" startPos="285" endPos="304" type="organization" surface="Diodes Incorporated" />
<Entity id="5" startPos="322" endPos="335" type="organization" surface="BUSINESS WIRE" />
<Entity id="6" startPos="340" endPos="359" type="organization" surface="Diodes Incorporated" />
<Entity id="7" startPos="361" endPos="367" type="organization" surface="Nasdaq" />
<Entity id="8" startPos="369" endPos="373" type="organization" surface="DIOD" />
<Entity id="9" startPos="491" endPos="499" type="product" surface="discrete" />
<Entity id="10" startPos="501" endPos="506" type="product" surface="logic" />
<Entity id="11" startPos="511" endPos="531" type="product" surface="analog semiconductor" />
<Entity id="12" startPos="547" endPos="557" type="trigger" surface="introduced" />
<Entity id="13" startPos="562" endPos="575" type="product" surface="DMHC10H170SFJ" />
<Entity id="14" startPos="582" endPos="600" type="product" surface="100V full H-bridge" />
<Entity id="15" startPos="592" endPos="600" type="product" surface="H-bridge" />
<Entity id="16" startPos="614" endPos="628" type="product" surface="dual N-channel" />
<Entity id="17" startPos="633" endPos="650" type="product" surface="P-channel MOSFETs" />
<Entity id="18" startPos="643" endPos="650" type="product" surface="MOSFETs" />
<Entity id="19" startPos="852" endPos="874" type="product" surface="ultrasonic transducers" />
<Entity id="20" startPos="863" endPos="874" type="product" surface="transducers" />
<Entity id="21" startPos="992" endPos="1001" type="product" surface="DC motors" />
<Entity id="22" startPos="1005" endPos="1021" type="product" surface="48V telecom fans" />
<Entity id="23" startPos="1069" endPos="1091" type="product" surface="wireless charging pads" />
<Entity id="24" startPos="1097" endPos="1110" type="product" surface="DMHC10H170SFJ" />
<Entity id="25" startPos="1202" endPos="1219" type="product" surface="48V telecom rails" />
<Entity id="26" startPos="1531" endPos="1539" type="product" surface="DC motor" />
<Entity id="27" startPos="1545" endPos="1558" type="product" surface="DMHC10H170SFJ" />
<Entity id="28" startPos="1652" endPos="1674" type="product" surface="ultrasonic transducers" />
<Entity id="29" startPos="1663" endPos="1674" type="product" surface="transducers" />
<Entity id="30" startPos="1703" endPos="1714" type="product" surface="transducers" />
<Entity id="31" startPos="1762" endPos="1770" type="product" surface="H-bridge" />
<Entity id="32" startPos="1944" endPos="1957" type="product" surface="DMHC10H170SFJ" />
<Entity id="33" startPos="2089" endPos="2096" type="organization" surface="Company" />
<Entity id="34" startPos="2133" endPos="2152" type="organization" surface="Diodes Incorporated" />
<Entity id="35" startPos="2153" endPos="2172" type="organization" surface="Diodes Incorporated" />
<Entity id="36" startPos="2174" endPos="2180" type="organization" surface="Nasdaq" />
<Entity id="37" startPos="2182" endPos="2186" type="organization" surface="DIOD" />
<Entity id="38" startPos="2191" endPos="2210" type="organization" surface="Standard and Poor's" />
<Entity id="39" startPos="2228" endPos="2235" type="organization" surface="Russell" />
<Entity id="40" startPos="2374" endPos="2382" type="product" surface="discrete" />
<Entity id="41" startPos="2384" endPos="2389" type="product" surface="logic" />
<Entity id="42" startPos="2394" endPos="2414" type="product" surface="analog semiconductor" />
<Entity id="43" startPos="2424" endPos="2430" type="organization" surface="Diodes" />
<Entity id="44" startPos="2527" endPos="2533" type="organization" surface="Diodes" />
<Entity id="45" startPos="2533" endPos="2534" type="trigger" surface="'" />
<Entity id="46" startPos="2535" endPos="2543" type="trigger" surface="products" />
<Entity id="47" startPos="2552" endPos="2558" type="product" surface="diodes" />
<Entity id="48" startPos="2560" endPos="2570" type="product" surface="rectifiers" />
<Entity id="49" startPos="2572" endPos="2583" type="product" surface="transistors" />
<Entity id="50" startPos="2585" endPos="2592" type="product" surface="MOSFETs" />
<Entity id="51" startPos="2594" endPos="2612" type="product" surface="protection devices" />
<Entity id="52" startPos="2614" endPos="2640" type="product" surface="functional specific arrays" />
<Entity id="53" startPos="2642" endPos="2659" type="product" surface="single gate logic" />
<Entity id="54" startPos="2661" endPos="2671" type="product" surface="amplifiers" />
<Entity id="55" startPos="2676" endPos="2687" type="product" surface="comparators" />
<Entity id="56" startPos="2689" endPos="2700" type="product" surface="Hall-effect" />
<Entity id="57" startPos="2705" endPos="2724" type="product" surface="temperature sensors" />
<Entity id="58" startPos="2726" endPos="2750" type="product" surface="power management devices" />
<Entity id="59" startPos="2762" endPos="2773" type="product" surface="LED drivers" />
<Entity id="60" startPos="2775" endPos="2791" type="product" surface="AC-DC converters" />
<Entity id="61" startPos="2796" endPos="2807" type="product" surface="controllers" />
<Entity id="62" startPos="2809" endPos="2824" type="product" surface="DC-DC switching" />
<Entity id="63" startPos="2829" endPos="2854" type="product" surface="linear voltage regulators" />
<Entity id="64" startPos="2860" endPos="2878" type="product" surface="voltage references" />
<Entity id="65" startPos="2890" endPos="2914" type="product" surface="special function devices" />
<Entity id="66" startPos="2924" endPos="2942" type="product" surface="USB power switches" />
<Entity id="67" startPos="2944" endPos="2957" type="product" surface="load switches" />
<Entity id="68" startPos="2959" endPos="2978" type="product" surface="voltage supervisors" />
<Entity id="69" startPos="2984" endPos="3001" type="product" surface="motor controllers" />
<Entity id="70" startPos="3003" endPos="3009" type="organization" surface="Diodes" />
<Entity id="71" startPos="3236" endPos="3242" type="organization" surface="Diodes" />
<Entity id="72" startPos="3242" endPos="3243" type="trigger" surface="'" />
<Entity id="73" startPos="3244" endPos="3249" type="product" surface="wafer" />
<Entity id="74" startPos="3250" endPos="3261" type="trigger" surface="fabrication" />
<Entity id="75" startPos="3385" endPos="3391" type="organization" surface="Diodes" />
<Entity id="76" startPos="3786" endPos="3792" type="organization" surface="Diodes" />
<Entity id="77" startPos="3845" endPos="3861" type="organization" surface="businesswire.com" />
<Entity id="78" startPos="3975" endPos="3994" type="organization" surface="Diodes Incorporated" /></Entities><Relations>
<Relation id="79" NAME="CompanyProvidesProduct">
<Entity id="1" label="product" />
<Entity id="3" label="company" />
<Entity id="2" label="trigger" />
</Relation>
<Relation id="80" NAME="CompanyProvidesProduct">
<Entity id="13" label="product" />
<Entity id="6" label="company" />
<Entity id="12" label="trigger" />
</Relation>
<Relation id="81" NAME="CompanyProvidesProduct">
<Entity id="50" label="product" />
<Entity id="67" label="product" />
<Entity id="68" label="product" />
<Entity id="61" label="product" />
<Entity id="53" label="product" />
<Entity id="69" label="product" />
<Entity id="60" label="product" />
<Entity id="47" label="product" />
<Entity id="59" label="product" />
<Entity id="66" label="product" />
<Entity id="48" label="product" />
<Entity id="57" label="product" />
<Entity id="51" label="product" />
<Entity id="49" label="product" />
<Entity id="58" label="product" />
<Entity id="56" label="product" />
<Entity id="55" label="product" />
<Entity id="63" label="product" />
<Entity id="64" label="product" />
<Entity id="52" label="product" />
<Entity id="62" label="product" />
<Entity id="54" label="product" />
<Entity id="44" label="company" />
<Entity id="45" label="trigger" />
<Entity id="46" label="trigger" />
</Relation>
<Relation id="82" NAME="CompanyProvidesProduct">
<Entity id="73" label="product" />
<Entity id="71" label="company" />
<Entity id="74" label="trigger" />
<Entity id="72" label="trigger" />
</Relation>
<Relation id="83" NAME="identity">
<Entity id="1" label="source" />
<Entity id="50" label="target" />
<Entity id="18" label="target" />
</Relation>
<Relation id="84" NAME="identity">
<Entity id="3" label="source" />
<Entity id="75" label="target" />
<Entity id="33" label="target" />
<Entity id="35" label="target" />
<Entity id="37" label="target" />
<Entity id="78" label="target" />
<Entity id="4" label="target" />
<Entity id="43" label="target" />
<Entity id="34" label="target" />
<Entity id="8" label="target" />
<Entity id="76" label="target" />
<Entity id="71" label="target" />
<Entity id="44" label="target" />
<Entity id="6" label="target" />
</Relation>
<Relation id="85" NAME="identity">
<Entity id="5" label="source" />
<Entity id="77" label="target" />
</Relation>
<Relation id="86" NAME="identity">
<Entity id="7" label="source" />
<Entity id="36" label="target" />
</Relation>
<Relation id="87" NAME="identity">
<Entity id="9" label="source" />
<Entity id="40" label="target" />
</Relation>
<Relation id="88" NAME="identity">
<Entity id="10" label="source" />
<Entity id="41" label="target" />
</Relation>
<Relation id="89" NAME="identity">
<Entity id="11" label="source" />
<Entity id="42" label="target" />
</Relation>
<Relation id="90" NAME="identity">
<Entity id="13" label="source" />
<Entity id="27" label="target" />
<Entity id="32" label="target" />
<Entity id="24" label="target" />
</Relation>
<Relation id="91" NAME="identity">
<Entity id="15" label="product" />
<Entity id="31" label="product" />
</Relation>
<Relation id="92" NAME="identity">
<Entity id="19" label="source" />
<Entity id="28" label="target" />
</Relation>
<Relation id="93" NAME="identity">
<Entity id="20" label="source" />
<Entity id="29" label="target" />
<Entity id="30" label="target" />
</Relation></Relations>
</Document>
