<?xml version="1.0" encoding="UTF-8"?>
<Document>
<TEXT>Atomic Spectroscopy Market Worth 5.60 Billion USD by 2020 By <NODE id="61" />PR Newswire<NODE id="72" /> Article Rating: January 20, 2016 01:00 PM EST PUNE, India , January 20, 2016 /<NODE id="151" />PRNewswire<NODE id="161" />/ -- According to a new market research report Atomic Spectroscopy Market by Technology (Atomic Absorption Spectroscopy/X-Ray Fluorescence/X-Ray Diffraction/ICP-Ms/ICP-OES) &amp; by Application (Food &amp; Beverage Testing/Pharmaceuticals &amp; Biotechnology / Environmental Testing) - Analysis &amp; Global Forecast to 2020, published by <NODE id="484" />MarketsandMarkets<NODE id="501" />, the global market is expected to reach USD 5.60 Billion by 2020 from USD 4.18 Billion in 2015 at a CAGR of 6.0% during the forecast period. Browse 78 market data Tables and Figures spread through 147 Pages and in-depth TOC on Atomic Spectroscopy Market http://www.marketsandmarkets.com/Market-Reports/atomic-spectroscopy-market-174401666.html Early buyers will receive 10% customization on this report. The global Atomic Spectroscopy Market is segmented on the basis of technology, application, and region. Based on technology, the Atomic Spectroscopy Market is categorized into atomic absorption, X-ray Diffraction, x-ray fluorescence, ICP-MS, ICP-OES, Elemental Analyzers and other atomic spectroscopy. In 2015, atomic absorption segment is estimated to account for the major share of the Atomic Spectroscopy Market. Based on application, the market is segmented into pharmaceuticals &amp; biotechnology, industrial chemistry, environmental testing, food &amp; beverage testing, petrochemical, and geochemical/mining and others. In 2015, the food &amp; beverage testing segment is estimated to account for the major share of the Atomic Spectroscopy Market. On the basis of region, the market is divided into North America , Europe , Asia-Pacific , and the Rest of the World (RoW). In 2015, North America is expected to account for the largest share of the Atomic Spectroscopy Market, followed by Europe and Asia-Pacific . However, the Asia-Pacific market is slated to grow at the highest CAGR during the forecast period and serve as a revenue pocket for companies offering atomic spectroscopy equipment. Ask For PDF Brochure: http://www.marketsandmarkets.com/pdfdownload.asp?id=174401666 Some major players in the global Atomic Spectroscopy Market include <NODE id="2249" />Agilent Technologies<NODE id="2269" /> (U.S.), <NODE id="2278" />PerkinElmer<NODE id="2289" /> (U.S.), <NODE id="2298" />Thermo Fisher Scientific<NODE id="2322" /> (U.S.), <NODE id="2331" />Bruker Corporation<NODE id="2349" /> (U.S), <NODE id="2357" />Rigaku Corporation<NODE id="2375" /> ( Japan ), <NODE id="2387" />Shimadzu Corporation<NODE id="2407" /> ( Japan ), <NODE id="2419" />Analytik Jena AG<NODE id="2435" /> ( Germany ), <NODE id="2449" />Hitachi High-Technologies Corporation<NODE id="2486" /> ( Japan ), <NODE id="2498" />GBC Scientific Equipment Pty Ltd<NODE id="2530" /> ( Australia ), and <NODE id="2550" />Aurora Biomed<NODE id="2563" /> ( Canada ). Browse Related Reports: Mass spectrometry Market by Platform (Hybrid mass spectrometry (Triple Quadrupole, QTOF, &amp; FTMS), Single mass spectrometry (Quadrupole, TOF, &amp; Ion trap)) &amp; by Application (Pharmaceuticals, Biotechnology) - Analysis &amp; Global Forecast to 2020. About <NODE id="2848" />MarketsandMarkets<NODE id="2865" />: <NODE id="2867" />MarketsandMarkets<NODE id="2884" /> is world's No. 2 <NODE id="2902" />firm<NODE id="2906" /> in terms of annually published premium <NODE id="2946" />market research reports<NODE id="2969" />. <NODE id="2971" />Serving<NODE id="2978" /> 1700 global fortune enterprises with more than 1200 premium <NODE id="3039" />studies<NODE id="3046" /> in a year, <NODE id="3058" />M&amp;M<NODE id="3061" /> is catering to multitude of clients across 8 different industrial verticals. <NODE id="3139" />We<NODE id="3141" /> <NODE id="3142" />specialize<NODE id="3152" /> in <NODE id="3156" />consulting<NODE id="3166" /> assignments and <NODE id="3183" />business research<NODE id="3200" /> across high growth markets, cutting edge technologies and newer applications. <NODE id="3279" />Our<NODE id="3282" /> 850 fulltime analyst and SMEs at <NODE id="3316" />MarketsandMarkets<NODE id="3333" /> are tracking global high growth markets following the Growth Engagement Model - GEM. The GEM aims at proactive collaboration with the clients to identify new opportunities, identify most important customers, write Attack, avoid and defend strategies, identify sources of incremental revenues for both the company and its competitors. <NODE id="3668" />M&amp;M<NODE id="3671" />'s<NODE id="3673" /> flagship <NODE id="3683" />competitive intelligence<NODE id="3707" /> and <NODE id="3712" />market research<NODE id="3727" /> <NODE id="3728" />platform<NODE id="3736" />, <NODE id="3738" />RT<NODE id="3740" /> connects over 200,000 markets and entire value chains for deeper understanding of the unmet insights along with market sizing and forecasts of niche markets. The new included chapters on Methodology and Benchmarking presented with high quality analytical infographics in our reports gives complete visibility of how the numbers have been arrived and defend the accuracy of the numbers. <NODE id="4127" />We<NODE id="4129" /> at <NODE id="4133" />MarketsandMarkets<NODE id="4150" /> are inspired to help <NODE id="4172" />our<NODE id="4175" /> clients grow by providing apt business insight with <NODE id="4228" />our<NODE id="4231" /> huge market intelligence repository. Contact: Mr. Rohan North - Dominion Plaza, 17304, Preston Road, Suite 800, Dallas, TX 75252 Tel: +1-888-600-6441 Email: [email protected] Visit <NODE id="4413" />MarketsandMarkets<NODE id="4430" /> Blog @ http://mnmblog.org/market-research/healthcare/analytical-scientific-instrumentation Connect with <NODE id="4535" />us<NODE id="4537" /> on <NODE id="4541" />LinkedIn<NODE id="4549" /> @  http://www.linkedin.com/company/marketsandmarkets SOURCE <NODE id="4610" />MarketsandMarkets<NODE id="4627" /> Published January 20, 2016 Copyright 2016 <NODE id="4670" />SYS-CON Media, Inc.<NODE id="4689" /> - All Rights Reserved. Syndicated stories and blog feeds, all rights reserved by the author. Cloud Expo &amp; DevOps Summit 2015 East KEYNOTES VIEW KEYNOTE WEBCASTS VIEW KEYNOTE WEBCASTS Most Influential Technology Blogs [slides] IoT Puts Data Centers on the Edge By Elizabeth White With the exponential growth of network traffic slowing down data transmission, companies are looking for solutions. Recently, a solution has emerged that can help improve your data speed with data centers on the edge. These micro data center solutions can simplify the lives of many data center owners and operators because they are self-contained, secure computing environments, assembled in a facto... Jan. 20, 2016 01:00 PM EST Reads: 576 [slides] Big Data Becomes Fast with IoT By Elizabeth White The Internet of Things is in the early stages of mainstream deployment but it promises to unlock value and rapidly transform how organizations manage, operationalize, and monetize their assets. IoT is a complex structure of hardware, <NODE id="5704" />sensors<NODE id="5711" />, applications, analytics and devices that need to be able to communicate geographically and across all functions. Once the data is collected from numerous end... Jan. 20, 2016 01:00 PM EST Reads: 490 [slides] DevOps with Containers
</TEXT>
<Meta>
<feature featureName="id" featureValue="vico/5949922a-656f-3f06-b014-adaa783dabed" />
<feature featureName="source" featureValue="sensor_corpus" />
<feature featureName="lang" featureValue="en" />
<feature featureName="pubDate" featureValue="2016-01-20T20:16:26Z" />
<feature featureName="indexDate" featureValue="2016-07-13T11:09:01.173Z" />
<feature featureName="uri" featureValue="http://www.sys-con.com/node/3642688" />
<feature featureName="solrEventType" featureValue="None" /></Meta><Entities>
<Entity id="0" startPos="61" endPos="72" type="organization" surface="PR Newswire" />
<Entity id="1" startPos="151" endPos="161" type="organization" surface="PRNewswire" />
<Entity id="2" startPos="484" endPos="501" type="organization" surface="MarketsandMarkets" />
<Entity id="3" startPos="2249" endPos="2269" type="organization" surface="Agilent Technologies" />
<Entity id="4" startPos="2278" endPos="2289" type="organization" surface="PerkinElmer" />
<Entity id="5" startPos="2298" endPos="2322" type="organization" surface="Thermo Fisher Scientific" />
<Entity id="6" startPos="2331" endPos="2349" type="organization" surface="Bruker Corporation" />
<Entity id="7" startPos="2357" endPos="2375" type="organization" surface="Rigaku Corporation" />
<Entity id="8" startPos="2387" endPos="2407" type="organization" surface="Shimadzu Corporation" />
<Entity id="9" startPos="2419" endPos="2435" type="organization" surface="Analytik Jena AG" />
<Entity id="10" startPos="2449" endPos="2486" type="organization" surface="Hitachi High-Technologies Corporation" />
<Entity id="11" startPos="2498" endPos="2530" type="organization" surface="GBC Scientific Equipment Pty Ltd" />
<Entity id="12" startPos="2550" endPos="2563" type="organization" surface="Aurora Biomed" />
<Entity id="13" startPos="2848" endPos="2865" type="organization" surface="MarketsandMarkets" />
<Entity id="14" startPos="2867" endPos="2884" type="organization" surface="MarketsandMarkets" />
<Entity id="15" startPos="2902" endPos="2906" type="trigger" surface="firm" />
<Entity id="16" startPos="2946" endPos="2969" type="product" surface="market research reports" />
<Entity id="17" startPos="2971" endPos="2978" type="trigger" surface="Serving" />
<Entity id="18" startPos="3039" endPos="3046" type="product" surface="studies" />
<Entity id="19" startPos="3058" endPos="3061" type="organization" surface="M&amp;M" />
<Entity id="20" startPos="3139" endPos="3141" type="organization" surface="We" />
<Entity id="21" startPos="3142" endPos="3152" type="trigger" surface="specialize" />
<Entity id="22" startPos="3156" endPos="3166" type="product" surface="consulting" />
<Entity id="23" startPos="3183" endPos="3200" type="product" surface="business research" />
<Entity id="24" startPos="3279" endPos="3282" type="organization" surface="Our" />
<Entity id="25" startPos="3316" endPos="3333" type="organization" surface="MarketsandMarkets" />
<Entity id="26" startPos="3668" endPos="3671" type="organization" surface="M&amp;M" />
<Entity id="27" startPos="3671" endPos="3673" type="trigger" surface="'s" />
<Entity id="28" startPos="3683" endPos="3707" type="product" surface="competitive intelligence" />
<Entity id="29" startPos="3712" endPos="3727" type="product" surface="market research" />
<Entity id="30" startPos="3728" endPos="3736" type="trigger" surface="platform" />
<Entity id="31" startPos="3738" endPos="3740" type="organization" surface="RT" />
<Entity id="32" startPos="4127" endPos="4129" type="organization" surface="We" />
<Entity id="33" startPos="4133" endPos="4150" type="organization" surface="MarketsandMarkets" />
<Entity id="34" startPos="4172" endPos="4175" type="organization" surface="our" />
<Entity id="35" startPos="4228" endPos="4231" type="organization" surface="our" />
<Entity id="36" startPos="4413" endPos="4430" type="organization" surface="MarketsandMarkets" />
<Entity id="37" startPos="4535" endPos="4537" type="organization" surface="us" />
<Entity id="38" startPos="4541" endPos="4549" type="organization" surface="LinkedIn" />
<Entity id="39" startPos="4610" endPos="4627" type="organization" surface="MarketsandMarkets" />
<Entity id="40" startPos="4670" endPos="4689" type="organization" surface="SYS-CON Media, Inc." />
<Entity id="41" startPos="5704" endPos="5711" type="product" surface="sensors" /></Entities><Relations>
<Relation id="42" NAME="CompanyProvidesProduct">
<Entity id="16" label="product" />
<Entity id="14" label="company" />
<Entity id="15" label="trigger" />
</Relation>
<Relation id="43" NAME="CompanyProvidesProduct">
<Entity id="18" label="product" />
<Entity id="19" label="company" />
<Entity id="17" label="trigger" />
</Relation>
<Relation id="44" NAME="CompanyProvidesProduct">
<Entity id="22" label="product" />
<Entity id="23" label="product" />
<Entity id="20" label="company" />
<Entity id="21" label="trigger" />
</Relation>
<Relation id="45" NAME="CompanyProvidesProduct">
<Entity id="28" label="product" />
<Entity id="29" label="product" />
<Entity id="26" label="company" />
<Entity id="30" label="trigger" />
<Entity id="27" label="trigger" />
</Relation>
<Relation id="46" NAME="Identity">
<Entity id="2" label="source" />
<Entity id="36" label="target" />
<Entity id="20" label="target" />
<Entity id="14" label="target" />
<Entity id="13" label="target" />
<Entity id="34" label="target" />
<Entity id="35" label="target" />
<Entity id="37" label="target" />
<Entity id="32" label="target" />
<Entity id="25" label="target" />
<Entity id="19" label="target" />
<Entity id="33" label="target" />
<Entity id="39" label="target" />
<Entity id="26" label="target" />
<Entity id="24" label="target" />
</Relation>
<Relation id="47" NAME="identity">
<Entity id="0" label="source" />
<Entity id="1" label="target" />
</Relation></Relations>
</Document>
