<?xml version="1.0" encoding="UTF-8"?>
<Document>
<TEXT>Iris Recognition Market Growing at 21.45% CAGR Driven by <NODE id="57" />Iris Scanners<NODE id="70" /> in <NODE id="74" />Smartphones<NODE id="85" /> to 2020 PUNE, India February 10, 2016 /<NODE id="125" />PRNewswire<NODE id="135" />/ -- According to 2016 iris recognition market report, combined with facial and fingerprint identification iris recognition is more widely accepted for border control. Some multimodal biometrics are available with both fingerprint and iris recognition technology in a single device, which allows the user to avoid purchasing two individual biometrics devices. Complete report on iris recognition market spread across 47 pages, analyzing 5 major companies and providing 11 data exhibits is now available at http://www.rnrmarketresearch.com/global-iris-recognition-market-2016-2020-market-report.html The analysts forecast global iris recognition market to grow at a CAGR of 21.45% during the period 2016-2020. One of the primary drivers of the market is the integration of <NODE id="907" />iris scanners<NODE id="920" /> in <NODE id="924" />smartphones<NODE id="935" />. A number of <NODE id="949" />smartphone<NODE id="959" /> <NODE id="960" />vendors<NODE id="967" /> such as <NODE id="976" />Samsung<NODE id="983" /> and <NODE id="988" />LG<NODE id="990" /> are planning to integrate <NODE id="1017" />iris scanners<NODE id="1030" /> in their <NODE id="1040" />smartphones<NODE id="1051" /> to enhance the security features of the devices. The high cost of iris recognition systems is a challenge to the market growth. Fingerprint recognition systems and facial recognition systems are cost-effective when compared to iris recognition systems. This is affecting the demand for iris recognition system.   The government sector dominated the market during 2015 with a market share of over 50%, which was followed by the transportation sector and healthcare sectors. There is high growth expected in the healthcare sector and the government sector as these sectors require advanced security for critical data protection. Order a copy of Global Iris Recognition Market 2016-2020 report @ http://www.rnrmarketresearch.com/contacts/purchase?rname=469306 In 2015, North America accounted for the largest market share of over 35%. The market is expected to witness a significant growth in APAC and Latin America during the forecast period, with the increasing number of vendors in this region, which is increasing the awareness about the advantages of iris recognition systems. The global iris recognition market is highly fragmented because of the presence of numerous small and large vendors. The providers in the market compete on the basis of price, quality, innovation, service, reputation, distribution, and promotion. The high vendor competition has led to an increased number of mergers and acquisitions in the iris recognition market.   The key vendors analyzed in iris recognition market report are: <NODE id="2563" />3M Cogent<NODE id="2572" />, <NODE id="2574" />BioEnable<NODE id="2583" />, <NODE id="2585" />Crossmatch Technologies<NODE id="2608" />, <NODE id="2610" />Iris ID<NODE id="2617" />, and <NODE id="2623" />IRITECH<NODE id="2630" />. Other prominent vendors in the market include <NODE id="2678" />4G Identity Solutions<NODE id="2699" />, <NODE id="2701" />Aditech<NODE id="2708" />, <NODE id="2710" />BI Technologies<NODE id="2725" />, <NODE id="2727" />Biomatiques Identification Solution<NODE id="2762" />, <NODE id="2764" />Easy Clocking<NODE id="2777" />, <NODE id="2779" />EyeLock<NODE id="2786" />, <NODE id="2788" />IrisGuard<NODE id="2797" />, <NODE id="2799" />M2SYS Technology<NODE id="2815" />, <NODE id="2817" />Smart <NODE id="2823" />Sensors<NODE id="2830" />, and <NODE id="2836" />SRI International<NODE id="2853" />. Further, the iris recognition market report states that the high cost of iris recognition systems is a challenge to the market growth. Another related report on biometric market titled Global Law Enforcement Biometrics Market 2015-2019 forecasts global law enforcement biometrics market to grow at a CAGR of 13.35% over the period 2014-2019. The law enforcement sector gradually replaced Bertillon's anthropometric system of criminal identification, which includes physical measurements of body parts, especially components of the head and face of an individual, with biometric technologies. Fingerprint identification, facial recognition, iris recognition, and DNA analysis biometric technologies are widely accepted by the law enforcement sector. Browse complete report @ http://www.rnrmarketresearch.com/global-law-enforcement-biometrics-market-2015-2019-market-report.html Key players in the global law enforcement biometrics market: <NODE id="3793" />3M Cogent<NODE id="3802" />, <NODE id="3804" />4G Identity<NODE id="3815" />, <NODE id="3817" />Cross Match Technologies<NODE id="3841" />, <NODE id="3843" />M2SYS Technology<NODE id="3859" />, <NODE id="3861" />NEC<NODE id="3864" /> and <NODE id="3869" />Safran<NODE id="3875" />. Other prominent vendors in the market are: <NODE id="3920" />Aware<NODE id="3925" />, <NODE id="3927" />Ayonix<NODE id="3933" />, <NODE id="3935" />BI² Technologies<NODE id="3951" />, <NODE id="3953" />BioEnable<NODE id="3962" />, <NODE id="3964" />BioLink Solutions<NODE id="3981" />, <NODE id="3983" />Cognitec Systems<NODE id="3999" />, <NODE id="4001" />FaceFirst<NODE id="4010" />, <NODE id="4012" />Fulcrum Biometrics<NODE id="4030" />, <NODE id="4032" />Iris ID<NODE id="4039" />, <NODE id="4041" />IRITECH<NODE id="4048" />, <NODE id="4050" />Nuance<NODE id="4056" />, <NODE id="4058" />SpeechPro<NODE id="4067" />, <NODE id="4069" />Suprema<NODE id="4076" /> and <NODE id="4081" />TENBIO<NODE id="4087" /> Explore other new reports on Biometric Market at http://www.rnrmarketresearch.com/reports/information-technology-telecommunication/software-enterprise-computing/rich-internet-application-ria/biometric About <NODE id="4295" />Us<NODE id="4297" />:    <NODE id="4302" />RnRMarketResearch.com<NODE id="4323" /> is your single source for all market research needs. <NODE id="4377" />Our<NODE id="4380" /> database includes 500,000+ market research reports from over 100+ leading global publishers &amp; in-depth market research studies of over 5000 micro markets. With comprehensive information about the publishers and the industries for which they publish market research reports, <NODE id="4655" />we<NODE id="4657" /> help you in your purchase decision by mapping your information needs with <NODE id="4732" />our<NODE id="4735" /> huge collection of reports. Contact: Ritesh Tiwari UNIT no 802, Tower no. 7, SEZ Magarpatta city, Hadapsar Pune - 411013 Maharashtra,
</TEXT>
<Meta>
<feature featureName="id" featureValue="vico/557d18cf-d5d3-3de1-ba78-9b387b837a4c" />
<feature featureName="source" featureValue="sensor_corpus" />
<feature featureName="lang" featureValue="en" />
<feature featureName="pubDate" featureValue="2016-02-10T09:25:36Z" />
<feature featureName="indexDate" featureValue="2016-07-13T11:07:34.091Z" />
<feature featureName="uri" featureValue="http://www.prnewswire.com/news-releases/iris-recognition-market-growing-at-2145-cagr-driven-by-iris-scanners-in-smartphones-to-2020-568275701.html" />
<feature featureName="solrEventType" featureValue="None" /></Meta><Entities>
<Entity id="0" startPos="57" endPos="70" type="product" surface="Iris Scanners" />
<Entity id="1" startPos="74" endPos="85" type="product" surface="Smartphones" />
<Entity id="2" startPos="125" endPos="135" type="organization" surface="PRNewswire" />
<Entity id="3" startPos="907" endPos="920" type="product" surface="iris scanners" />
<Entity id="4" startPos="924" endPos="935" type="product" surface="smartphones" />
<Entity id="5" startPos="949" endPos="959" type="product" surface="smartphone" />
<Entity id="6" startPos="960" endPos="967" type="trigger" surface="vendors" />
<Entity id="7" startPos="976" endPos="983" type="organization" surface="Samsung" />
<Entity id="8" startPos="988" endPos="990" type="organization" surface="LG" />
<Entity id="9" startPos="1017" endPos="1030" type="product" surface="iris scanners" />
<Entity id="10" startPos="1040" endPos="1051" type="product" surface="smartphones" />
<Entity id="11" startPos="2563" endPos="2572" type="organization" surface="3M Cogent" />
<Entity id="12" startPos="2574" endPos="2583" type="organization" surface="BioEnable" />
<Entity id="13" startPos="2585" endPos="2608" type="organization" surface="Crossmatch Technologies" />
<Entity id="14" startPos="2610" endPos="2617" type="organization" surface="Iris ID" />
<Entity id="15" startPos="2623" endPos="2630" type="organization" surface="IRITECH" />
<Entity id="16" startPos="2678" endPos="2699" type="organization" surface="4G Identity Solutions" />
<Entity id="17" startPos="2701" endPos="2708" type="organization" surface="Aditech" />
<Entity id="18" startPos="2710" endPos="2725" type="organization" surface="BI Technologies" />
<Entity id="19" startPos="2727" endPos="2762" type="organization" surface="Biomatiques Identification Solution" />
<Entity id="20" startPos="2764" endPos="2777" type="organization" surface="Easy Clocking" />
<Entity id="21" startPos="2779" endPos="2786" type="organization" surface="EyeLock" />
<Entity id="22" startPos="2788" endPos="2797" type="organization" surface="IrisGuard" />
<Entity id="23" startPos="2799" endPos="2815" type="organization" surface="M2SYS Technology" />
<Entity id="24" startPos="2817" endPos="2830" type="organization" surface="Smart Sensors" />
<Entity id="25" startPos="2823" endPos="2830" type="product" surface="Sensors" />
<Entity id="26" startPos="2836" endPos="2853" type="organization" surface="SRI International" />
<Entity id="27" startPos="3793" endPos="3802" type="organization" surface="3M Cogent" />
<Entity id="28" startPos="3804" endPos="3815" type="organization" surface="4G Identity" />
<Entity id="29" startPos="3817" endPos="3841" type="organization" surface="Cross Match Technologies" />
<Entity id="30" startPos="3843" endPos="3859" type="organization" surface="M2SYS Technology" />
<Entity id="31" startPos="3861" endPos="3864" type="organization" surface="NEC" />
<Entity id="32" startPos="3869" endPos="3875" type="organization" surface="Safran" />
<Entity id="33" startPos="3920" endPos="3925" type="organization" surface="Aware" />
<Entity id="34" startPos="3927" endPos="3933" type="organization" surface="Ayonix" />
<Entity id="35" startPos="3935" endPos="3951" type="organization" surface="BI² Technologies" />
<Entity id="36" startPos="3953" endPos="3962" type="organization" surface="BioEnable" />
<Entity id="37" startPos="3964" endPos="3981" type="organization" surface="BioLink Solutions" />
<Entity id="38" startPos="3983" endPos="3999" type="organization" surface="Cognitec Systems" />
<Entity id="39" startPos="4001" endPos="4010" type="organization" surface="FaceFirst" />
<Entity id="40" startPos="4012" endPos="4030" type="organization" surface="Fulcrum Biometrics" />
<Entity id="41" startPos="4032" endPos="4039" type="organization" surface="Iris ID" />
<Entity id="42" startPos="4041" endPos="4048" type="organization" surface="IRITECH" />
<Entity id="43" startPos="4050" endPos="4056" type="organization" surface="Nuance" />
<Entity id="44" startPos="4058" endPos="4067" type="organization" surface="SpeechPro" />
<Entity id="45" startPos="4069" endPos="4076" type="organization" surface="Suprema" />
<Entity id="46" startPos="4081" endPos="4087" type="organization" surface="TENBIO" />
<Entity id="47" startPos="4295" endPos="4297" type="organization" surface="Us" />
<Entity id="48" startPos="4302" endPos="4323" type="organization" surface="RnRMarketResearch.com" />
<Entity id="49" startPos="4377" endPos="4380" type="organization" surface="Our" />
<Entity id="50" startPos="4655" endPos="4657" type="organization" surface="we" />
<Entity id="51" startPos="4732" endPos="4735" type="organization" surface="our" /></Entities><Relations>
<Relation id="52" NAME="CompanyProvidesProduct">
<Entity id="5" label="product" />
<Entity id="7" label="company" />
<Entity id="6" label="trigger" />
</Relation>
<Relation id="53" NAME="CompanyProvidesProduct">
<Entity id="5" label="product" />
<Entity id="8" label="company" />
<Entity id="6" label="trigger" />
</Relation>
<Relation id="54" NAME="CompanyProvidesProduct">
<Entity id="10" label="product" />
<Entity id="7" label="company" />
</Relation>
<Relation id="55" NAME="CompanyProvidesProduct">
<Entity id="10" label="product" />
<Entity id="8" label="company" />
</Relation>
<Relation id="56" NAME="CompanyProvidesProduct">
<Entity id="25" label="product" />
<Entity id="24" label="company" />
</Relation>
<Relation id="57" NAME="identity">
<Entity id="0" label="source" />
<Entity id="9" label="target" />
</Relation>
<Relation id="58" NAME="identity">
<Entity id="1" label="source" />
<Entity id="10" label="target" />
<Entity id="5" label="target" />
<Entity id="4" label="target" />
</Relation>
<Relation id="59" NAME="identity">
<Entity id="48" label="source" />
<Entity id="49" label="target" />
<Entity id="47" label="target" />
<Entity id="51" label="target" />
<Entity id="50" label="target" />
</Relation></Relations>
</Document>
