<?xml version="1.0" encoding="UTF-8"?>
<Document>
<TEXT>Thursday, February 04, 2016 <NODE id="28" />Sony<NODE id="32" /> May Have An Advantage in VR You are sending an email that contains the article and a private message for your recipient(s). Your Name: * Required! * Subject: * Introductory Message: HTML/Text (Photo: Yes/No) (At the moment, only Text is allowed...) Message Text: A comparison among the <NODE id="319" />Oculus<NODE id="325" /> Rift<NODE id="330" />, <NODE id="332" />HTC<NODE id="335" />'s<NODE id="337" /> <NODE id="338" />Vive<NODE id="342" />, <NODE id="344" />Samsung<NODE id="351" />'s<NODE id="353" /> <NODE id="354" />Gear VR<NODE id="361" /> and <NODE id="366" />Sony<NODE id="370" />'s<NODE id="372" /> <NODE id="373" />PlayStation<NODE id="384" /> <NODE id="385" />VR headsets<NODE id="396" /> could lead to the conclusion that <NODE id="431" />Sony<NODE id="435" /> has the advantage, for all those who are planning how they might engage with VR. <NODE id="517" />Sony<NODE id="521" />'s<NODE id="523" /> <NODE id="524" />HMD<NODE id="527" /> will be about 30% less expensive than the <NODE id="570" />Oculus<NODE id="576" /> <NODE id="577" />HDM<NODE id="580" />. And <NODE id="586" />Sony<NODE id="590" /> buyers probably already have a <NODE id="622" />PS4<NODE id="625" />, and possibly <NODE id="640" />PS4<NODE id="643" /> accessory <NODE id="654" />controllers<NODE id="665" />. Most importantly, <NODE id="685" />Sony<NODE id="689" /> also has content, as the <NODE id="715" />company<NODE id="722" /> announced last November at the Paris Games Week. On the other hand, <NODE id="791" />Oculus<NODE id="797" />' consumer version of the <NODE id="823" />Rift <NODE id="828" />HMD<NODE id="831" /> costs $599 and requires the user to have, or get a high-end <NODE id="892" />PC rig<NODE id="898" />, and when available the <NODE id="923" />Touch controller<NODE id="939" />, at a price not yet revealed. For now, <NODE id="979" />rift<NODE id="983" /> can be ordered and it is bundled with related <NODE id="1030" />sensors<NODE id="1037" /> and an <NODE id="1045" />Xbox <NODE id="1050" />controller<NODE id="1060" />. <NODE id="1062" />Samsung<NODE id="1069" />'s<NODE id="1071" /> <NODE id="1072" />Gear VR<NODE id="1079" /> is another easy and inexpensive way to enjoy VR. <NODE id="1129" />Samsung<NODE id="1136" />'s<NODE id="1138" /> $99.99 <NODE id="1146" />Gear VR<NODE id="1153" /> <NODE id="1154" />device<NODE id="1160" /> features a bevy of <NODE id="1180" />sensors<NODE id="1187" />, specialized software and <NODE id="1214" />optical lenses<NODE id="1228" /> then give you the feeling of being transported to a computer-generated world of your choosing. Relatively cheap at just $100, you need your own <NODE id="1373" />headphones<NODE id="1383" />, preferably wireless, plus a recent <NODE id="1420" />Samsung<NODE id="1427" /> <NODE id="1428" />phone<NODE id="1433" /> - the <NODE id="1440" />Galaxy S6<NODE id="1449" />, <NODE id="1451" />S6 Edge<NODE id="1458" />, <NODE id="1460" />S6 Edge Plus<NODE id="1472" /> or <NODE id="1476" />Note 5<NODE id="1482" />. In order to use the <NODE id="1504" />Gear VR<NODE id="1511" />, your should attach your <NODE id="1537" />phone<NODE id="1542" /> to the front of the <NODE id="1563" />headset<NODE id="1570" />, just in front of the <NODE id="1593" />lens<NODE id="1597" /> for your eyes. And by putting the <NODE id="1632" />headset<NODE id="1639" /> on, your surroundings disappear as the <NODE id="1679" />phone<NODE id="1684" /> screen opens a window into a three-dimensional world. As you turn your head, the image shifts accordingly to give the sense of being there in real life. The problem is that the <NODE id="1862" />Gear VR<NODE id="1869" /> is meant for use while sitting down, so generally you can't walk around and explore your virtual environment. The <NODE id="1984" />Gear VR<NODE id="1991" /> probably will be the largest volume and most used <NODE id="2042" />VR device<NODE id="2051" />, but for snacking, not serious long term game playing. On the other hand, <NODE id="2126" />HTC<NODE id="2129" /> <NODE id="2130" />has<NODE id="2133" /> a great system, the <NODE id="2154" />Vive<NODE id="2158" />. <NODE id="2160" />HTC<NODE id="2163" /> Vive<NODE id="2168" /> offers a walkabout experience, though you'll also need an uncluttered room. The <NODE id="2249" />HTC<NODE id="2252" /> VR device<NODE id="2262" /> consists of a high-definition <NODE id="2293" />head-mounted device<NODE id="2312" /> (<NODE id="2314" />HMD<NODE id="2317" />), two <NODE id="2324" />location trackers<NODE id="2341" /> and a pair of <NODE id="2356" />wireless <NODE id="2365" />controllers<NODE id="2376" />. The high-end <NODE id="2391" />VR solution<NODE id="2402" /> differentiates from other <NODE id="2429" />companies<NODE id="2438" /> as <NODE id="2442" />it<NODE id="2444" /> can accurately track users' location in spaces up to five by five meters. <NODE id="2519" />It<NODE id="2521" /> also features a high resolution display that provides 1200x1080p images and a refresh rate of 90 Hz. <NODE id="2623" />HTC<NODE id="2626" /> has also has teamed up with <NODE id="2655" />computer games software<NODE id="2678" /> <NODE id="2679" />developer<NODE id="2688" /> <NODE id="2689" />Futuretown<NODE id="2699" /> to <NODE id="2703" />develop<NODE id="2710" /> <NODE id="2711" />games<NODE id="2716" /> compatible with <NODE id="2733" />HTC<NODE id="2736" />'s<NODE id="2738" /> <NODE id="2739" />Vive VR<NODE id="2746" /> <NODE id="2747" />system<NODE id="2753" />. <NODE id="2755" />Vive<NODE id="2759" /> is scheduled for commercial <NODE id="2788" />launch<NODE id="2794" /> in April 2016, but <NODE id="2814" />HTC<NODE id="2817" /> has not provided pricing details. According to what we know so far, and although we have not yet had the chance to enjoy the VR experience offered by all of these <NODE id="2981" />VR headsets<NODE id="2992" />, we could say that the fastest, most friction-free way to get into VR should be with <NODE id="3078" />Sony<NODE id="3082" />. In addition to the drawbacks of VR sickness, limited resolution, and latency, there is the simple problem of getting VR to work. A turn-key, plug it in and go system such as <NODE id="3258" />Sony<NODE id="3262" /> will provide will be the simplest gateway to VR for consumers. <NODE id="3326" />PS4<NODE id="3329" /> users already know how to use the system, how to get <NODE id="3383" />games<NODE id="3388" />, and what it feels like; adding a <NODE id="3423" />HMD<NODE id="3426" />, and accessory, will be easy. Potential <NODE id="3467" />Oculus<NODE id="3473" /> users have to find apps, load drivers from <NODE id="3517" />AMD<NODE id="3520" /> or <NODE id="3524" />Nvidia<NODE id="3530" />, and if there are any problems decide which one of the three or four suppliers involved should be contacted for assistance. <NODE id="3655" />Sony<NODE id="3659" /> should be able to maintain efficient shipment volumes of <NODE id="3717" />HMDs<NODE id="3721" />. If compelling content can be produced for the <NODE id="3769" />PC<NODE id="3771" /> and if the competition amongst the <NODE id="3807" />HMD<NODE id="3810" /> suppliers can drive down the price, then price elastic models suggest the <NODE id="3885" />PC<NODE id="3887" /> will eventually over take turn-key systems like <NODE id="3936" />Sony<NODE id="3940" />'s. However, that could take a year or two. Tweet
</TEXT>
<Meta>
<feature featureName="id" featureValue="vico/dc6e47ab-c624-383e-98db-4893fd7393f9" />
<feature featureName="source" featureValue="sensor_corpus" />
<feature featureName="lang" featureValue="en" />
<feature featureName="pubDate" featureValue="2016-02-05T22:09:01Z" />
<feature featureName="indexDate" featureValue="2016-07-13T11:58:56.636Z" />
<feature featureName="uri" featureValue="http://www.cdrinfo.com/Sections/News/EMail.aspx?NewsId=45500" />
<feature featureName="solrEventType" featureValue="None" /></Meta><Entities>
<Entity id="0" startPos="28" endPos="32" type="organization" surface="Sony" />
<Entity id="1" startPos="319" endPos="325" type="organization" surface="Oculus" />
<Entity id="2" startPos="319" endPos="330" type="product" surface="Oculus Rift" />
<Entity id="3" startPos="332" endPos="335" type="organization" surface="HTC" />
<Entity id="4" startPos="335" endPos="337" type="trigger" surface="'s" />
<Entity id="5" startPos="338" endPos="342" type="product" surface="Vive" />
<Entity id="6" startPos="344" endPos="351" type="organization" surface="Samsung" />
<Entity id="7" startPos="351" endPos="353" type="trigger" surface="'s" />
<Entity id="8" startPos="354" endPos="361" type="product" surface="Gear VR" />
<Entity id="9" startPos="366" endPos="370" type="organization" surface="Sony" />
<Entity id="10" startPos="370" endPos="372" type="trigger" surface="'s" />
<Entity id="11" startPos="373" endPos="384" type="product" surface="PlayStation" />
<Entity id="12" startPos="373" endPos="396" type="product" surface="PlayStation VR headsets" />
<Entity id="13" startPos="385" endPos="396" type="product" surface="VR headsets" />
<Entity id="14" startPos="431" endPos="435" type="organization" surface="Sony" />
<Entity id="15" startPos="517" endPos="521" type="organization" surface="Sony" />
<Entity id="16" startPos="521" endPos="523" type="trigger" surface="'s" />
<Entity id="17" startPos="524" endPos="527" type="product" surface="HMD" />
<Entity id="18" startPos="570" endPos="576" type="organization" surface="Oculus" />
<Entity id="19" startPos="570" endPos="580" type="product" surface="Oculus HDM" />
<Entity id="20" startPos="577" endPos="580" type="product" surface="HDM" />
<Entity id="21" startPos="586" endPos="590" type="organization" surface="Sony" />
<Entity id="22" startPos="622" endPos="625" type="product" surface="PS4" />
<Entity id="23" startPos="640" endPos="643" type="product" surface="PS4" />
<Entity id="24" startPos="640" endPos="665" type="product" surface="PS4 accessory controllers" />
<Entity id="25" startPos="654" endPos="665" type="product" surface="controllers" />
<Entity id="26" startPos="685" endPos="689" type="organization" surface="Sony" />
<Entity id="27" startPos="715" endPos="722" type="organization" surface="company" />
<Entity id="28" startPos="791" endPos="797" type="organization" surface="Oculus" />
<Entity id="29" startPos="823" endPos="831" type="product" surface="Rift HMD" />
<Entity id="30" startPos="828" endPos="831" type="product" surface="HMD" />
<Entity id="31" startPos="892" endPos="898" type="product" surface="PC rig" />
<Entity id="32" startPos="923" endPos="939" type="product" surface="Touch controller" />
<Entity id="33" startPos="979" endPos="983" type="product" surface="rift" />
<Entity id="34" startPos="1030" endPos="1037" type="product" surface="sensors" />
<Entity id="35" startPos="1045" endPos="1060" type="product" surface="Xbox controller" />
<Entity id="36" startPos="1050" endPos="1060" type="product" surface="controller" />
<Entity id="37" startPos="1062" endPos="1069" type="organization" surface="Samsung" />
<Entity id="38" startPos="1069" endPos="1071" type="trigger" surface="'s" />
<Entity id="39" startPos="1072" endPos="1079" type="product" surface="Gear VR" />
<Entity id="40" startPos="1129" endPos="1136" type="organization" surface="Samsung" />
<Entity id="41" startPos="1136" endPos="1138" type="trigger" surface="'s" />
<Entity id="42" startPos="1146" endPos="1153" type="product" surface="Gear VR" />
<Entity id="43" startPos="1154" endPos="1160" type="trigger" surface="device" />
<Entity id="44" startPos="1180" endPos="1187" type="product" surface="sensors" />
<Entity id="45" startPos="1214" endPos="1228" type="product" surface="optical lenses" />
<Entity id="46" startPos="1373" endPos="1383" type="product" surface="headphones" />
<Entity id="47" startPos="1420" endPos="1427" type="organization" surface="Samsung" />
<Entity id="48" startPos="1420" endPos="1433" type="product" surface="Samsung phone" />
<Entity id="49" startPos="1428" endPos="1433" type="product" surface="phone" />
<Entity id="50" startPos="1428" endPos="1433" type="trigger" surface="phone" />
<Entity id="51" startPos="1440" endPos="1449" type="product" surface="Galaxy S6" />
<Entity id="52" startPos="1451" endPos="1458" type="product" surface="S6 Edge" />
<Entity id="53" startPos="1460" endPos="1472" type="product" surface="S6 Edge Plus" />
<Entity id="54" startPos="1476" endPos="1482" type="product" surface="Note 5" />
<Entity id="55" startPos="1504" endPos="1511" type="product" surface="Gear VR" />
<Entity id="56" startPos="1537" endPos="1542" type="product" surface="phone" />
<Entity id="57" startPos="1563" endPos="1570" type="product" surface="headset" />
<Entity id="58" startPos="1593" endPos="1597" type="product" surface="lens" />
<Entity id="59" startPos="1632" endPos="1639" type="product" surface="headset" />
<Entity id="60" startPos="1679" endPos="1684" type="product" surface="phone" />
<Entity id="61" startPos="1862" endPos="1869" type="product" surface="Gear VR" />
<Entity id="62" startPos="1984" endPos="1991" type="product" surface="Gear VR" />
<Entity id="63" startPos="2042" endPos="2051" type="product" surface="VR device" />
<Entity id="64" startPos="2126" endPos="2129" type="organization" surface="HTC" />
<Entity id="65" startPos="2130" endPos="2133" type="trigger" surface="has" />
<Entity id="66" startPos="2154" endPos="2158" type="product" surface="Vive" />
<Entity id="67" startPos="2160" endPos="2163" type="organization" surface="HTC" />
<Entity id="68" startPos="2160" endPos="2168" type="product" surface="HTC Vive" />
<Entity id="69" startPos="2249" endPos="2252" type="organization" surface="HTC" />
<Entity id="70" startPos="2249" endPos="2262" type="product" surface="HTC VR device" />
<Entity id="71" startPos="2293" endPos="2312" type="product" surface="head-mounted device" />
<Entity id="72" startPos="2314" endPos="2317" type="product" surface="HMD" />
<Entity id="73" startPos="2324" endPos="2341" type="product" surface="location trackers" />
<Entity id="74" startPos="2356" endPos="2376" type="product" surface="wireless controllers" />
<Entity id="75" startPos="2365" endPos="2376" type="product" surface="controllers" />
<Entity id="76" startPos="2391" endPos="2402" type="product" surface="VR solution" />
<Entity id="77" startPos="2429" endPos="2438" type="organization" surface="companies" />
<Entity id="78" startPos="2442" endPos="2444" type="product" surface="it" />
<Entity id="79" startPos="2519" endPos="2521" type="product" surface="It" />
<Entity id="80" startPos="2623" endPos="2626" type="organization" surface="HTC" />
<Entity id="81" startPos="2655" endPos="2678" type="product" surface="computer games software" />
<Entity id="82" startPos="2679" endPos="2688" type="trigger" surface="developer" />
<Entity id="83" startPos="2689" endPos="2699" type="organization" surface="Futuretown" />
<Entity id="84" startPos="2703" endPos="2710" type="trigger" surface="develop" />
<Entity id="85" startPos="2711" endPos="2716" type="product" surface="games" />
<Entity id="86" startPos="2733" endPos="2736" type="organization" surface="HTC" />
<Entity id="87" startPos="2736" endPos="2738" type="trigger" surface="'s" />
<Entity id="88" startPos="2739" endPos="2746" type="product" surface="Vive VR" />
<Entity id="89" startPos="2747" endPos="2753" type="trigger" surface="system" />
<Entity id="90" startPos="2755" endPos="2759" type="product" surface="Vive" />
<Entity id="91" startPos="2788" endPos="2794" type="trigger" surface="launch" />
<Entity id="92" startPos="2814" endPos="2817" type="organization" surface="HTC" />
<Entity id="93" startPos="2981" endPos="2992" type="product" surface="VR headsets" />
<Entity id="94" startPos="3078" endPos="3082" type="organization" surface="Sony" />
<Entity id="95" startPos="3258" endPos="3262" type="organization" surface="Sony" />
<Entity id="96" startPos="3326" endPos="3329" type="product" surface="PS4" />
<Entity id="97" startPos="3383" endPos="3388" type="product" surface="games" />
<Entity id="98" startPos="3423" endPos="3426" type="product" surface="HMD" />
<Entity id="99" startPos="3467" endPos="3473" type="organization" surface="Oculus" />
<Entity id="100" startPos="3517" endPos="3520" type="organization" surface="AMD" />
<Entity id="101" startPos="3524" endPos="3530" type="organization" surface="Nvidia" />
<Entity id="102" startPos="3655" endPos="3659" type="organization" surface="Sony" />
<Entity id="103" startPos="3717" endPos="3721" type="product" surface="HMDs" />
<Entity id="104" startPos="3769" endPos="3771" type="product" surface="PC" />
<Entity id="105" startPos="3807" endPos="3810" type="product" surface="HMD" />
<Entity id="106" startPos="3885" endPos="3887" type="product" surface="PC" />
<Entity id="107" startPos="3936" endPos="3940" type="organization" surface="Sony" /></Entities><Relations>
<Relation id="108" NAME="CompanyProvidesProduct">
<Entity id="2" label="product" />
<Entity id="1" label="organization" />
</Relation>
<Relation id="109" NAME="CompanyProvidesProduct">
<Entity id="5" label="product" />
<Entity id="3" label="company" />
<Entity id="4" label="trigger" />
</Relation>
<Relation id="110" NAME="CompanyProvidesProduct">
<Entity id="8" label="product" />
<Entity id="6" label="company" />
<Entity id="7" label="trigger" />
</Relation>
<Relation id="111" NAME="CompanyProvidesProduct">
<Entity id="12" label="product" />
<Entity id="9" label="company" />
<Entity id="10" label="trigger" />
</Relation>
<Relation id="112" NAME="CompanyProvidesProduct">
<Entity id="17" label="product" />
<Entity id="15" label="company" />
<Entity id="16" label="trigger" />
</Relation>
<Relation id="113" NAME="CompanyProvidesProduct">
<Entity id="19" label="product" />
<Entity id="18" label="company" />
</Relation>
<Relation id="114" NAME="CompanyProvidesProduct">
<Entity id="22" label="product" />
<Entity id="21" label="company" />
</Relation>
<Relation id="115" NAME="CompanyProvidesProduct">
<Entity id="39" label="product" />
<Entity id="37" label="company" />
<Entity id="38" label="trigger" />
</Relation>
<Relation id="116" NAME="CompanyProvidesProduct">
<Entity id="42" label="product" />
<Entity id="40" label="company" />
<Entity id="41" label="trigger" />
<Entity id="43" label="trigger" />
</Relation>
<Relation id="117" NAME="CompanyProvidesProduct">
<Entity id="51" label="product" />
<Entity id="52" label="product" />
<Entity id="53" label="product" />
<Entity id="54" label="product" />
<Entity id="47" label="company" />
<Entity id="50" label="trigger" />
</Relation>
<Relation id="118" NAME="CompanyProvidesProduct">
<Entity id="48" label="product" />
<Entity id="47" label="company" />
</Relation>
<Relation id="119" NAME="CompanyProvidesProduct">
<Entity id="66" label="product" />
<Entity id="64" label="company" />
<Entity id="65" label="trigger" />
</Relation>
<Relation id="120" NAME="CompanyProvidesProduct">
<Entity id="68" label="product" />
<Entity id="67" label="company" />
</Relation>
<Relation id="121" NAME="CompanyProvidesProduct">
<Entity id="70" label="product" />
<Entity id="69" label="company" />
</Relation>
<Relation id="122" NAME="CompanyProvidesProduct">
<Entity id="85" label="product" />
<Entity id="80" label="company" />
<Entity id="84" label="trigger" />
</Relation>
<Relation id="123" NAME="CompanyProvidesProduct">
<Entity id="81" label="product" />
<Entity id="83" label="company" />
<Entity id="82" label="trigger" />
</Relation>
<Relation id="124" NAME="CompanyProvidesProduct">
<Entity id="85" label="product" />
<Entity id="83" label="company" />
<Entity id="84" label="trigger" />
</Relation>
<Relation id="125" NAME="CompanyProvidesProduct">
<Entity id="88" label="product" />
<Entity id="86" label="company" />
<Entity id="89" label="trigger" />
<Entity id="87" label="trigger" />
</Relation>
<Relation id="126" NAME="CompanyProvidesProduct">
<Entity id="90" label="product" />
<Entity id="92" label="company" />
<Entity id="91" label="trigger" />
</Relation>
<Relation id="127" NAME="identity">
<Entity id="0" label="source" />
<Entity id="9" label="target" />
<Entity id="14" label="target" />
<Entity id="94" label="target" />
<Entity id="27" label="target" />
<Entity id="26" label="target" />
<Entity id="95" label="target" />
<Entity id="21" label="target" />
<Entity id="102" label="target" />
<Entity id="107" label="target" />
<Entity id="15" label="target" />
</Relation>
<Relation id="128" NAME="identity">
<Entity id="1" label="source" />
<Entity id="99" label="target" />
<Entity id="18" label="target" />
<Entity id="28" label="target" />
</Relation>
<Relation id="129" NAME="identity">
<Entity id="2" label="source" />
<Entity id="29" label="target" />
<Entity id="33" label="target" />
</Relation>
<Relation id="130" NAME="identity">
<Entity id="3" label="source" />
<Entity id="80" label="target" />
<Entity id="77" label="target" />
<Entity id="92" label="target" />
<Entity id="86" label="target" />
<Entity id="67" label="target" />
<Entity id="69" label="target" />
<Entity id="64" label="target" />
</Relation>
<Relation id="131" NAME="identity">
<Entity id="5" label="source" />
<Entity id="70" label="target" />
<Entity id="66" label="target" />
<Entity id="68" label="target" />
<Entity id="78" label="target" />
<Entity id="88" label="target" />
<Entity id="79" label="target" />
<Entity id="76" label="target" />
</Relation>
<Relation id="132" NAME="identity">
<Entity id="6" label="source" />
<Entity id="37" label="target" />
<Entity id="47" label="target" />
<Entity id="40" label="target" />
</Relation>
<Relation id="133" NAME="identity">
<Entity id="8" label="source" />
<Entity id="39" label="target" />
<Entity id="42" label="target" />
</Relation>
<Relation id="134" NAME="identity">
<Entity id="11" label="source" />
<Entity id="22" label="target" />
<Entity id="96" label="target" />
<Entity id="23" label="target" />
</Relation>
<Relation id="135" NAME="identity">
<Entity id="13" label="source" />
<Entity id="59" label="target" />
<Entity id="57" label="target" />
<Entity id="46" label="target" />
<Entity id="93" label="target" />
</Relation>
<Relation id="136" NAME="identity">
<Entity id="17" label="source" />
<Entity id="72" label="target" />
<Entity id="30" label="target" />
<Entity id="105" label="target" />
<Entity id="71" label="target" />
<Entity id="20" label="target" />
<Entity id="103" label="target" />
</Relation>
<Relation id="137" NAME="identity">
<Entity id="25" label="source" />
<Entity id="36" label="target" />
<Entity id="75" label="target" />
</Relation>
<Relation id="138" NAME="identity">
<Entity id="31" label="source" />
<Entity id="106" label="target" />
<Entity id="104" label="target" />
</Relation>
<Relation id="139" NAME="identity">
<Entity id="34" label="source" />
<Entity id="44" label="target" />
</Relation>
<Relation id="140" NAME="identity">
<Entity id="45" label="source" />
<Entity id="58" label="target" />
</Relation>
<Relation id="141" NAME="identity">
<Entity id="49" label="source" />
<Entity id="60" label="source" />
<Entity id="56" label="target" />
</Relation>
<Relation id="142" NAME="identity">
<Entity id="85" label="source" />
<Entity id="97" label="target" />
</Relation></Relations>
</Document>
