<?xml version="1.0" encoding="UTF-8"?>
<Document>
<TEXT><NODE id="0" />Curiosity<NODE id="9" /> Digs Deep, Grabs First Sample of Subsurface Mars The shakedown is over. <NODE id="82" />Curiosity<NODE id="91" /> this month has drilled into the surface of Mars and taken the first sample any rover has ever retrieved from beneath the planet's surface, a place where evidence of a once-wet Mars still could endure. Advertisement - Continue Reading Below Today <NODE id="338" />NASA<NODE id="342" /> announced that <NODE id="358" />its<NODE id="361" /> <NODE id="362" />Curiosity Rover<NODE id="377" /> has successfully collected the first sample drilled from the interior of a Martian rock and stands ready to perform the first analysis of material taken from beneath the surface of Mars. The <NODE id="569" />rover<NODE id="574" /> spent the past month exploring Yellowknife Bay , an area hypothesized to have once been water-rich. <NODE id="675" />Curiosity<NODE id="684" /> conducted preliminary drill tests , and eventually its first full-fledged drilling of Martian bedrock . Scott McCloskey, drill systems engineer for the <NODE id="837" />Mars Science Laboratory<NODE id="860" /> , confirmed at a press conference today that the <NODE id="910" />rover<NODE id="915" /> now holds about a tablespoon of gray, powdered rock drilled out from a section of Martian bedrock. Last week, using a complex combination of algorithms, <NODE id="1069" />contact sensors<NODE id="1084" />, and stabilizers, <NODE id="1103" />JPL<NODE id="1106" /> engineers and scientists instructed <NODE id="1143" />Curiosity<NODE id="1152" /> to bore a 2.5-inch-deep hole into a portion of bedrock with the rover's heavy-duty <NODE id="1236" />rotary-percussion drill<NODE id="1259" />. It created a pile of grey-colored tailings which could potentially provide scientists with a window into the Red Planet's past. <NODE id="1389" />Curiosity<NODE id="1398" />'s first drill hole at the John Klein site is a historic moment for the MSL mission, for <NODE id="1487" />JPL<NODE id="1490" />, <NODE id="1492" />NASA<NODE id="1496" />, and the United States, said Louise Jandura, sample system chief engineer, at today's press conference. While past missions-such as the manned <NODE id="1640" />Apollo<NODE id="1646" /> landings in the 60s and 70s and the Soviet Union's Venera landers in the '80s-have bored into rock formations on the Moon and Venus, <NODE id="1780" />Curiosity<NODE id="1789" /> is the first mission to drill down into the martian surface. Past martian rovers <NODE id="1871" />Phoenix<NODE id="1878" />, <NODE id="1880" />Spirit<NODE id="1886" />, and <NODE id="1892" />Opportunity<NODE id="1903" /> had only rock-abrasion tools, which only scratched the surface of rocks on Mars. Having a rock-drilling capability on a rover is a significant advancement in our ability to investigate Mars, Janudra said. It allows us to go beyond the surface layer, unlocking a time capsule of evidence about the state of Mars going back three or four billion years. Joel Hurowitz, sampling system scientist, says that unlike surface samples, rock interiors haven't been exposed to the harsh radiation and weathering that could have destroyed the evidence of Mars' aqueous past. The difference is evident in the stark contrast of color between the red-orange surface-level rock and the grey tailings unearthed by <NODE id="2601" />rover<NODE id="2606" />'s <NODE id="2609" />drill<NODE id="2614" />, Hurowitz says. This is something the <NODE id="2653" />science team<NODE id="2665" /> is really excited about, he says. When things turns orange, there's a rusting process going on that oxidizes the iron in the rock, so the fact that these rocks aren't that color may be telling us that these rocks didn't go through that process that usually turns things to rust. In terms of the overall <NODE id="2969" />Curiosity<NODE id="2978" /> mission, the drilling and collection of sub-surface samples was the last shakedown test for the rover, capping off a series of tests meant to ensure all of <NODE id="3135" />Curiosity<NODE id="3144" />'s onboard equipment survived the landing and is functioning properly. It's a real big turning point for us, says John Grotzinger, the mission's principal investigator. With that comes more confidence, a chance at fewer surprises, and an increase in the efficiency of which we'll be able to do all of this. These celebrations, however, come with some complications. Daniel Limoadi, lead systems engineer for surface sampling and science systems, warned of a potential problem with a loose <NODE id="3633" />sieve<NODE id="3638" /> on the <NODE id="3646" />rover<NODE id="3651" />'s <NODE id="3654" />Collection and Handling for In-Situ Martian Rock Analysis<NODE id="3711" /> (<NODE id="3713" />CHIMRA<NODE id="3719" />) device. Based on <NODE id="3738" />JPL<NODE id="3741" /> tests here on Earth, the <NODE id="3767" />150-micron screen<NODE id="3784" /> responsible for sieving samples for the <NODE id="3825" />rover<NODE id="3830" />'s Chemistry and Mineralogy (CheMin) and Sample Analysis at Mars (SAM) instruments came loose on one of two <NODE id="3938" />CHIMRA<NODE id="3944" /> test devices<NODE id="3957" /> at <NODE id="3961" />JPL<NODE id="3964" />'s lab. While the damaged <NODE id="3990" />sieve<NODE id="3995" /> of the test model has proven to perform well into the <NODE id="4050" />rover<NODE id="4055" />'s projected mission timeline and then some, scientists plan to reduce the amount of times they'll use the <NODE id="4162" />sieve<NODE id="4167" /> until they determine the cause of the test-model failure. In the next few days, scientists plan to sieve subsequent samples drilled from the same hole and then feed them into CheMin and then SAM. We're going to take it one step at a time, Grotzinger says. And based on that we're going to decide what to do next. The only thing I can say is we're discovery-driven. What do you think? More From Space
</TEXT>
<Meta>
<feature featureName="id" featureValue="vico/802ec3b0-a4bb-3782-83b4-69179a23b974" />
<feature featureName="source" featureValue="sensor_corpus" />
<feature featureName="lang" featureValue="en" />
<feature featureName="pubDate" featureValue="2016-01-31T05:27:19Z" />
<feature featureName="indexDate" featureValue="2016-07-13T11:23:41.782Z" />
<feature featureName="uri" featureValue="http://www.popularmechanics.com/space/moon-mars/a8681/curiosity-digs-deep-grabs-first-sample-of-subsurface-mars-15124933/" />
<feature featureName="solrEventType" featureValue="None" /></Meta><Entities>
<Entity id="0" startPos="0" endPos="9" type="product" surface="Curiosity" />
<Entity id="1" startPos="82" endPos="91" type="product" surface="Curiosity" />
<Entity id="2" startPos="338" endPos="342" type="organization" surface="NASA" />
<Entity id="3" startPos="358" endPos="361" type="organization" surface="its" />
<Entity id="4" startPos="362" endPos="377" type="product" surface="Curiosity Rover" />
<Entity id="5" startPos="569" endPos="574" type="product" surface="rover" />
<Entity id="6" startPos="675" endPos="684" type="product" surface="Curiosity" />
<Entity id="7" startPos="837" endPos="860" type="organization" surface="Mars Science Laboratory" />
<Entity id="8" startPos="910" endPos="915" type="product" surface="rover" />
<Entity id="9" startPos="1069" endPos="1084" type="product" surface="contact sensors" />
<Entity id="10" startPos="1103" endPos="1106" type="organization" surface="JPL" />
<Entity id="11" startPos="1143" endPos="1152" type="product" surface="Curiosity" />
<Entity id="12" startPos="1236" endPos="1259" type="product" surface="rotary-percussion drill" />
<Entity id="13" startPos="1389" endPos="1398" type="product" surface="Curiosity" />
<Entity id="14" startPos="1487" endPos="1490" type="organization" surface="JPL" />
<Entity id="15" startPos="1492" endPos="1496" type="organization" surface="NASA" />
<Entity id="16" startPos="1640" endPos="1646" type="product" surface="Apollo" />
<Entity id="17" startPos="1780" endPos="1789" type="product" surface="Curiosity" />
<Entity id="18" startPos="1871" endPos="1878" type="product" surface="Phoenix" />
<Entity id="19" startPos="1880" endPos="1886" type="product" surface="Spirit" />
<Entity id="20" startPos="1892" endPos="1903" type="product" surface="Opportunity" />
<Entity id="21" startPos="2601" endPos="2606" type="product" surface="rover" />
<Entity id="22" startPos="2609" endPos="2614" type="product" surface="drill" />
<Entity id="23" startPos="2653" endPos="2665" type="organization" surface="science team" />
<Entity id="24" startPos="2969" endPos="2978" type="product" surface="Curiosity" />
<Entity id="25" startPos="3135" endPos="3144" type="product" surface="Curiosity" />
<Entity id="26" startPos="3633" endPos="3638" type="product" surface="sieve" />
<Entity id="27" startPos="3646" endPos="3651" type="product" surface="rover" />
<Entity id="28" startPos="3654" endPos="3711" type="product" surface="Collection and Handling for In-Situ Martian Rock Analysis" />
<Entity id="29" startPos="3713" endPos="3719" type="product" surface="CHIMRA" />
<Entity id="30" startPos="3738" endPos="3741" type="organization" surface="JPL" />
<Entity id="31" startPos="3767" endPos="3784" type="product" surface="150-micron screen" />
<Entity id="32" startPos="3825" endPos="3830" type="product" surface="rover" />
<Entity id="33" startPos="3938" endPos="3944" type="product" surface="CHIMRA" />
<Entity id="34" startPos="3938" endPos="3957" type="product" surface="CHIMRA test devices" />
<Entity id="35" startPos="3961" endPos="3964" type="organization" surface="JPL" />
<Entity id="36" startPos="3990" endPos="3995" type="product" surface="sieve" />
<Entity id="37" startPos="4050" endPos="4055" type="product" surface="rover" />
<Entity id="38" startPos="4162" endPos="4167" type="product" surface="sieve" /></Entities><Relations>
<Relation id="39" NAME="CompanyProvidesProduct">
<Entity id="4" label="product" />
<Entity id="3" label="company" />
</Relation>
<Relation id="40" NAME="identity">
<Entity id="0" label="source" />
<Entity id="25" label="target" />
<Entity id="17" label="target" />
<Entity id="1" label="target" />
<Entity id="27" label="target" />
<Entity id="21" label="target" />
<Entity id="5" label="target" />
<Entity id="32" label="target" />
<Entity id="13" label="target" />
<Entity id="37" label="target" />
<Entity id="6" label="target" />
<Entity id="11" label="target" />
<Entity id="4" label="target" />
<Entity id="8" label="target" />
<Entity id="24" label="target" />
</Relation>
<Relation id="41" NAME="identity">
<Entity id="2" label="source" />
<Entity id="15" label="target" />
<Entity id="3" label="target" />
</Relation>
<Relation id="42" NAME="identity">
<Entity id="10" label="source" />
<Entity id="30" label="target" />
<Entity id="14" label="target" />
<Entity id="35" label="target" />
</Relation>
<Relation id="43" NAME="identity">
<Entity id="12" label="source" />
<Entity id="22" label="target" />
</Relation>
<Relation id="44" NAME="identity">
<Entity id="26" label="source" />
<Entity id="38" label="target" />
<Entity id="36" label="target" />
</Relation>
<Relation id="45" NAME="identity">
<Entity id="28" label="source" />
<Entity id="29" label="target" />
<Entity id="33" label="target" />
</Relation></Relations>
</Document>
