<?xml version="1.0" encoding="UTF-8"?>
<Document>
<TEXT>Tuesday, February 9, 2016 Last update: 10:33 AM <NODE id="48" />FreshNews.com<NODE id="61" /> - Covering Large &amp; Obscure Tech Companies Since 1996 <NODE id="115" />Landis+Gyr<NODE id="125" /> Extends <NODE id="134" />Distributed Grid Intelligence<NODE id="163" /> with <NODE id="169" />Linux<NODE id="174" /> Processing Power Submitted by admin on 2/9/2016 @ 7:00 AM Companies mentioned in this article:<NODE id="269" /> Landis+Gyr<NODE id="280" /> ATLANTA, Feb. 9, 2016 /<NODE id="304" />PRNewswire<NODE id="314" />/ -- <NODE id="319" />Landis+Gyr<NODE id="329" />, a world leader in <NODE id="349" />delivering<NODE id="359" /> <NODE id="360" />energy management solutions<NODE id="387" /> to the utility industry, is expanding distributed intelligence capabilities on the grid with a major advancement in adaptability and processing power for the network connecting the <NODE id="569" />Gridstream®<NODE id="580" /> <NODE id="581" />suite<NODE id="586" /> of AMI, Distribution Intelligence and Customer Intelligence solutions. <NODE id="658" />Landis+Gyr<NODE id="668" /> is <NODE id="672" />introducing<NODE id="683" /> a <NODE id="686" />grid router<NODE id="697" /> built on an <NODE id="710" />open-platform <NODE id="724" />Linux<NODE id="729" /> operating system<NODE id="746" /> that acts as a grid-edge server in the field capable of routing and processing data, as well as executing applications from multiple utility and smart community networks simultaneously. Our two decades of experience with distributed intelligence dates back to the first <NODE id="1017" />intelligent radios<NODE id="1035" /> used for distribution automation. The <NODE id="1074" />Gridstream<NODE id="1084" /> suite of solutions applies this proven capability to a standards-based, open architecture utility network for grid management, said Steven Schamber, Vice President of <NODE id="1252" />AMI Solutions<NODE id="1265" /> at <NODE id="1269" />Landis+Gyr<NODE id="1279" />. As part of this network, the new <NODE id="1314" />grid router<NODE id="1325" /> expands these capabilities by bringing connectivity to other related networks and devices in a way that serves the broader energy management goals of utilities and the communities they serve. <NODE id="1518" />Landis+Gyr<NODE id="1528" />'s<NODE id="1530" /> <NODE id="1531" />grid router<NODE id="1542" /> is a high capacity network device capable of bridging secondary field networks. It provides high-speed connectivity to grid equipment that requires sub-second responsiveness and can also act as a data aggregator with direct connection to utility head-end systems. The ability to extend decision-making power at the edge of the grid improves reliability and efficiency, while enabling new benefits from smart grid technology. Hundreds of applications have been written to support over 50 types of intelligent devices operating on <NODE id="2072" />Landis+Gyr<NODE id="2082" /> networks. These applications range from automated event monitoring and reporting in distribution devices to information sharing between load management devices, <NODE id="2244" />meters<NODE id="2250" /> and consumer devices. New applications that support distributed energy resource management, such as <NODE id="2351" />smart inverters<NODE id="2366" />, are allowing utilities to better manage these resources because protocol conversions and decisions are handled by intelligent radios in the devices. The business case for distributed intelligence is being validated every day, and with the expanded capabilities of the <NODE id="2636" />grid router<NODE id="2647" />, the possibilities for improving performance of critical tasks are unlimited, Schamber said. The growing intranet of the grid is well positioned to support the transition to more efficient and diverse energy future. <NODE id="2864" />Landis+Gyr<NODE id="2874" /> has successfully implemented some of the largest advanced metering and grid automation deployments in North America and around the world. The <NODE id="3017" />Gridstream<NODE id="3027" /> solution utilizes a multi-purpose network to communicate with advanced <NODE id="3099" />meters<NODE id="3105" />, <NODE id="3107" />sensors<NODE id="3114" />, <NODE id="3116" />switches<NODE id="3124" /> and other grid devices, delivering automation and control of grid operations. The platform provides consumer engagement tools and connectivity to in-home devices to expand participation in energy management programs. About <NODE id="3348" />Landis+Gyr<NODE id="3358" /> <NODE id="3359" />Landis+Gyr<NODE id="3369" /> is the leading global <NODE id="3392" />provider<NODE id="3400" /> of <NODE id="3404" />integrated energy management<NODE id="3432" /> <NODE id="3433" />products<NODE id="3441" /> tailored to energy company needs and unique in its ability to <NODE id="3504" />deliver<NODE id="3511" /> true <NODE id="3517" />end-to-end advanced metering solutions<NODE id="3555" />. Today, the <NODE id="3568" />Company<NODE id="3575" /> offers the broadest portfolio of products and services in the electricity metering industry, and is paving the way for the next generation of smart grid. With annualized sales of more than US$1.5 billion, <NODE id="3781" />Landis+Gyr<NODE id="3791" />, an independent growth platform of the <NODE id="3831" />Toshiba Corporation<NODE id="3850" /> (TKY:6502) and 40% owned by the <NODE id="3883" />Innovation Network Corporation of Japan<NODE id="3922" />, operates in 30 countries across five continents, and employs 5,500 people with the sole mission of helping the world manage energy better. More information is available at landisgyr.com. To view the original version on <NODE id="4143" />PR Newswire<NODE id="4154" />, visit: http://www.prnewswire.com/news-releases/landisgyr-extends-distributed-grid-intelligence-with-linux-processing-power-300217350.html SOURCE Landis+Gyr
</TEXT>
<Meta>
<feature featureName="id" featureValue="vico/66446ae5-1370-350a-aee9-c38d7b42b2ef" />
<feature featureName="source" featureValue="sensor_corpus" />
<feature featureName="lang" featureValue="en" />
<feature featureName="pubDate" featureValue="2016-02-09T20:45:12Z" />
<feature featureName="indexDate" featureValue="2016-07-13T11:13:53.178Z" />
<feature featureName="uri" featureValue="http://www.freshnews.com/news/1183911/landis-gyr-extends-distributed-grid-intelligence-linux-processing-power" />
<feature featureName="solrEventType" featureValue="None" /></Meta><Entities>
<Entity id="0" startPos="48" endPos="61" type="organization" surface="FreshNews.com" />
<Entity id="1" startPos="115" endPos="125" type="organization" surface="Landis+Gyr" />
<Entity id="2" startPos="134" endPos="163" type="product" surface="Distributed Grid Intelligence" />
<Entity id="3" startPos="169" endPos="174" type="organization" surface="Linux" />
<Entity id="4" startPos="269" endPos="280" type="organization" surface=" Landis+Gyr" />
<Entity id="5" startPos="304" endPos="314" type="organization" surface="PRNewswire" />
<Entity id="6" startPos="319" endPos="329" type="organization" surface="Landis+Gyr" />
<Entity id="7" startPos="349" endPos="359" type="trigger" surface="delivering" />
<Entity id="8" startPos="360" endPos="387" type="product" surface="energy management solutions" />
<Entity id="9" startPos="569" endPos="580" type="product" surface="Gridstream®" />
<Entity id="10" startPos="581" endPos="586" type="trigger" surface="suite" />
<Entity id="11" startPos="658" endPos="668" type="organization" surface="Landis+Gyr" />
<Entity id="12" startPos="672" endPos="683" type="trigger" surface="introducing" />
<Entity id="13" startPos="686" endPos="697" type="product" surface="grid router" />
<Entity id="14" startPos="710" endPos="746" type="product" surface="open-platform Linux operating system" />
<Entity id="15" startPos="724" endPos="729" type="organization" surface="Linux" />
<Entity id="16" startPos="1017" endPos="1035" type="product" surface="intelligent radios" />
<Entity id="17" startPos="1074" endPos="1084" type="product" surface="Gridstream" />
<Entity id="18" startPos="1252" endPos="1265" type="product" surface="AMI Solutions" />
<Entity id="19" startPos="1269" endPos="1279" type="organization" surface="Landis+Gyr" />
<Entity id="20" startPos="1314" endPos="1325" type="product" surface="grid router" />
<Entity id="21" startPos="1518" endPos="1528" type="organization" surface="Landis+Gyr" />
<Entity id="22" startPos="1528" endPos="1530" type="trigger" surface="'s" />
<Entity id="23" startPos="1531" endPos="1542" type="product" surface="grid router" />
<Entity id="24" startPos="2072" endPos="2082" type="organization" surface="Landis+Gyr" />
<Entity id="25" startPos="2244" endPos="2250" type="product" surface="meters" />
<Entity id="26" startPos="2351" endPos="2366" type="product" surface="smart inverters" />
<Entity id="27" startPos="2636" endPos="2647" type="product" surface="grid router" />
<Entity id="28" startPos="2864" endPos="2874" type="organization" surface="Landis+Gyr" />
<Entity id="29" startPos="3017" endPos="3027" type="product" surface="Gridstream" />
<Entity id="30" startPos="3099" endPos="3105" type="product" surface="meters" />
<Entity id="31" startPos="3107" endPos="3114" type="product" surface="sensors" />
<Entity id="32" startPos="3116" endPos="3124" type="product" surface="switches" />
<Entity id="33" startPos="3348" endPos="3358" type="organization" surface="Landis+Gyr" />
<Entity id="34" startPos="3359" endPos="3369" type="organization" surface="Landis+Gyr" />
<Entity id="35" startPos="3392" endPos="3400" type="trigger" surface="provider" />
<Entity id="36" startPos="3404" endPos="3432" type="product" surface="integrated energy management" />
<Entity id="37" startPos="3433" endPos="3441" type="trigger" surface="products" />
<Entity id="38" startPos="3504" endPos="3511" type="trigger" surface="deliver" />
<Entity id="39" startPos="3517" endPos="3555" type="product" surface="end-to-end advanced metering solutions" />
<Entity id="40" startPos="3568" endPos="3575" type="organization" surface="Company" />
<Entity id="41" startPos="3781" endPos="3791" type="organization" surface="Landis+Gyr" />
<Entity id="42" startPos="3831" endPos="3850" type="organization" surface="Toshiba Corporation" />
<Entity id="43" startPos="3883" endPos="3922" type="organization" surface="Innovation Network Corporation of Japan" />
<Entity id="44" startPos="4143" endPos="4154" type="organization" surface="PR Newswire" /></Entities><Relations>
<Relation id="45" NAME="CompanyProvidesProduct">
<Entity id="2" label="product" />
<Entity id="1" label="company" />
</Relation>
<Relation id="46" NAME="CompanyProvidesProduct">
<Entity id="8" label="product" />
<Entity id="6" label="company" />
<Entity id="7" label="trigger" />
</Relation>
<Relation id="47" NAME="CompanyProvidesProduct">
<Entity id="9" label="product" />
<Entity id="6" label="company" />
<Entity id="10" label="trigger" />
</Relation>
<Relation id="48" NAME="CompanyProvidesProduct">
<Entity id="13" label="product" />
<Entity id="11" label="company" />
<Entity id="12" label="trigger" />
</Relation>
<Relation id="49" NAME="CompanyProvidesProduct">
<Entity id="23" label="product" />
<Entity id="21" label="company" />
<Entity id="22" label="trigger" />
</Relation>
<Relation id="50" NAME="CompanyProvidesProduct">
<Entity id="36" label="product" />
<Entity id="34" label="company" />
<Entity id="37" label="trigger" />
<Entity id="35" label="trigger" />
</Relation>
<Relation id="51" NAME="CompanyProvidesProduct">
<Entity id="39" label="product" />
<Entity id="34" label="company" />
<Entity id="38" label="trigger" />
</Relation>
<Relation id="52" NAME="identity">
<Entity id="1" label="source" />
<Entity id="6" label="target" />
<Entity id="21" label="target" />
<Entity id="34" label="target" />
<Entity id="4" label="target" />
<Entity id="19" label="target" />
<Entity id="11" label="target" />
<Entity id="24" label="target" />
<Entity id="41" label="target" />
<Entity id="40" label="target" />
<Entity id="33" label="target" />
<Entity id="28" label="target" />
</Relation>
<Relation id="53" NAME="identity">
<Entity id="3" label="source" />
<Entity id="15" label="target" />
</Relation>
<Relation id="54" NAME="identity">
<Entity id="5" label="source" />
<Entity id="44" label="target" />
</Relation>
<Relation id="55" NAME="identity">
<Entity id="8" label="source" />
<Entity id="36" label="target" />
</Relation>
<Relation id="56" NAME="identity">
<Entity id="9" label="source" />
<Entity id="29" label="target" />
<Entity id="17" label="target" />
</Relation>
<Relation id="57" NAME="identity">
<Entity id="13" label="source" />
<Entity id="20" label="target" />
<Entity id="23" label="target" />
<Entity id="27" label="target" />
</Relation></Relations>
</Document>
