<?xml version="1.0" encoding="UTF-8"?>
<Document>
<TEXT>Introduction and the 'killer app' By 2020 at least 25 billion devices will be connected, according to <NODE id="102" />Gartner<NODE id="109" />. Welcome to the Internet of Things, the next major wave of computing that will supercharge businesses by taking small data from remote devices and collectively making it big data on the cloud. To accommodate this growing demand for connectivity, the existing cloud infrastructure will need to grow exponentially, says Jonathan Wilkins, marketing director of industrial automation components supplier <NODE id="510" />European Automation<NODE id="529" />. There is a good chance these connected devices will not have internal storage of their own, so will need to use the cloud instead, says Wilkins. I think it's fair to say that in the next five to ten years we will see 95% of companies use some kind of cloud technology – public or private. Is the IoT the 'killer app' for the cloud? Big data cloud services are the behind-the-scenes magic of the internet of things, says Michael Connaughton, Director Big Data, EMEA at <NODE id="999" />Oracle<NODE id="1005" />, who thinks that expanding cloud services will not only catch <NODE id="1068" />sensor<NODE id="1074" /> data, but also feed it into big data analytics and algorithms to make use of it. The key to competitive advantage in IoT is not just capturing data from the real world, but getting insight before your rivals do. The IoT is what the cloud was built for – it was designed to connect and collect data and devices from disparate platforms. At the IoT grows, that means ever more disparate operating systems need to communicate. Although we have seen a huge growth in cloud-based services over the past few years, as users have transitioned from the use of mostly Windows-based systems to other platforms, such as mobile and Mac, the explosion of IoT devices will increase this growth, says Adam Tyler, Chief Innovation Officer at identity protection and fraud detection technology company <NODE id="1860" />CSID<NODE id="1864" />. Could data from IoT <NODE id="1886" />sensors<NODE id="1893" /> overwhelm the cloud? The IoT will swell the cloud, there's no doubting that – <NODE id="1972" />Cisco<NODE id="1977" /> predicts that annual global data centre IP traffic will reach 10.4 zettabytes by the end of 2019, up from 3.4 zettabytes in 2014, and that's partly because of the growth in IoT devices. Will the network cope? The growth of software-as-a-service (SaaS) and the adoption of IPv6 will play an important part in ensuring tomorrow's cloud infrastructure is ready to accommodate the huge increase in data storage, transfer and analytics, says Wilkins. The IoT can only happen through cloud, but today's cloud infrastructure still has a long way to go before it can accommodate for the huge amounts of data that connected devices will generate. That's true, but it's incredibly unlikely that data from IoT <NODE id="2677" />sensors<NODE id="2684" /> will ever overwhelm the cloud. We may see some early issues with scaling, but it is our belief that IoT data will be able to be handled by existing cloud service implementations, says Tyler. Velocity, not volume Despite the sheer amount of data continuing to rise, it's important to remember that each <NODE id="2987" />sensor<NODE id="2993" /> will be delivering tiny amounts of data to the cloud. It won't only be the sheer volume of the data, but the velocity and variety of the data that the cloud will have to manage and deal with, says Matt Davies, Head of EMEA Marketing at <NODE id="3230" />Splunk<NODE id="3236" />. The data coming off a <NODE id="3260" />car<NODE id="3263" />, <NODE id="3265" />plane<NODE id="3270" />, <NODE id="3272" />train<NODE id="3277" />, industrial machinery, production line or building will be used to make critical decisions in real-time, and will need to be combined with other data, some of which will be historical. 10 ways the Internet of Things could change the world in 2016 Security and challenge of automation Competing communications standards Cloud providers need to ensure that they are up to these demands, but some think that it's how each <NODE id="3697" />sensor<NODE id="3703" />'s data reaches the cloud that is more of a problem than cloud capacity. The fact that we currently have several radio standards available for connecting servers to the cloud is good news, says Wilkins, but it is sometimes difficult to choose the best approach for a device or business. That choice could be cubical, especially if there's to be an industry-wide standard for how fast data is changed between <NODE id="4111" />sensors<NODE id="4118" />, devices and the cloud. You don't want to know your <NODE id="4171" />car<NODE id="4174" /> is about to break down and needs predictive maintenance two minutes – or even two seconds – too late, says Davies, who thinks that the same kinds of demands now placed on very low latency, on-premise trading infrastructures in banks will soon be applied to all cloud environments. How secure will IoT cloud services be? The IoT may be happening now, but no-one gets to change all of their IT at once. Insecure platforms, tiny real-time operating systems, and legacy protocols, is what Steve Dunbar, Internet of Things Commercial Director at <NODE id="4716" />Microsoft UK<NODE id="4728" /> thinks are the main security concerns for the IoT. IoT cloud services must integrate into environments with devices designed and deployed a decade or more apart, he says, adding that there is an urgent need for novel network architectures that seamlessly integrate them. Digital security will be increasingly interwoven with physical safety of life and equipment. Will we see an 'IoT Cloud'? Given the real-time, low-latency needs of some IoT devices – such as <NODE id="5190" />connected <NODE id="5200" />cars<NODE id="5204" /> – there is an argument for a special kind of cloud. We may well see an IoT cloud, but there will be different tiers within that, says Davies. Any such platform needs to offer analytics and the ability to build new kinds of apps on top of the IoT data. The IoT cloud will also need to be able to deliver security to make sure these connected assets are protected, monitored and safe from attacks, says Davies. An IoT platform will need to learn, predict what is going to happen next, and present this in the form of analytics, alerts and suggested next steps. Machine learning will also be a core feature of IoT platforms as they evolve, with the data feeding the learning as well as the analytics. The challenge of automation Next up for the IoT is automation. Now that the IoT is expanding beyond the hype into real business applications, the biggest challenge for providers will be the jump from monitoring and analytics to automation, says Nigel Stevens, UK MD of <NODE id="6172" />IO<NODE id="6174" />. Describing it as a 'coping mechanism', Stevens thinks that automation is largely about competently handling the sheer volume of data the IoT will generate. The amount of data necessary to facilitate M2M communication, automated systems and complex analytics will require modern data networks to spread their storage and computing loads across numerous, global locations, says Stevens. Efficient, automated platforms are the only way to make the IoT manageable and useful on an industrial scale. Also check out: Cloud on clouds: How weather data is a test-bed for new tech
</TEXT>
<Meta>
<feature featureName="id" featureValue="vico/713e417b-9b0c-382e-8e9f-5fc8fc2abb45" />
<feature featureName="source" featureValue="sensor_corpus" />
<feature featureName="lang" featureValue="en" />
<feature featureName="pubDate" featureValue="2016-01-25T11:05:00Z" />
<feature featureName="indexDate" featureValue="2016-07-13T11:18:02.285Z" />
<feature featureName="uri" featureValue="http://www.techradar.com/us/news/internet/how-the-internet-of-things-will-supercharge-the-cloud-1313380" />
<feature featureName="solrEventType" featureValue="None" /></Meta><Entities>
<Entity id="0" startPos="102" endPos="109" type="organization" surface="Gartner" />
<Entity id="1" startPos="510" endPos="529" type="organization" surface="European Automation" />
<Entity id="2" startPos="999" endPos="1005" type="organization" surface="Oracle" />
<Entity id="3" startPos="1068" endPos="1074" type="product" surface="sensor" />
<Entity id="4" startPos="1860" endPos="1864" type="organization" surface="CSID" />
<Entity id="5" startPos="1886" endPos="1893" type="product" surface="sensors" />
<Entity id="6" startPos="1972" endPos="1977" type="organization" surface="Cisco" />
<Entity id="7" startPos="2677" endPos="2684" type="product" surface="sensors" />
<Entity id="8" startPos="2987" endPos="2993" type="product" surface="sensor" />
<Entity id="9" startPos="3230" endPos="3236" type="organization" surface="Splunk" />
<Entity id="10" startPos="3260" endPos="3263" type="product" surface="car" />
<Entity id="11" startPos="3265" endPos="3270" type="product" surface="plane" />
<Entity id="12" startPos="3272" endPos="3277" type="product" surface="train" />
<Entity id="13" startPos="3697" endPos="3703" type="product" surface="sensor" />
<Entity id="14" startPos="4111" endPos="4118" type="product" surface="sensors" />
<Entity id="15" startPos="4171" endPos="4174" type="product" surface="car" />
<Entity id="16" startPos="4716" endPos="4728" type="organization" surface="Microsoft UK" />
<Entity id="17" startPos="5190" endPos="5204" type="product" surface="connected cars" />
<Entity id="18" startPos="5200" endPos="5204" type="product" surface="cars" />
<Entity id="19" startPos="6172" endPos="6174" type="organization" surface="IO" /></Entities><Relations>
<Relation id="20" NAME="identity">
<Entity id="3" label="source" />
<Entity id="8" label="target" />
<Entity id="5" label="target" />
<Entity id="13" label="target" />
<Entity id="14" label="target" />
<Entity id="7" label="target" />
</Relation>
<Relation id="21" NAME="identity">
<Entity id="10" label="source" />
<Entity id="15" label="target" />
<Entity id="18" label="target" />
</Relation></Relations>
</Document>
