<?xml version="1.0" encoding="UTF-8"?>
<Document>
<TEXT>59 Global Photoresists and Photoresist Ancillaries Market is Expected to Reach US$ 4.60 Bn in 2020 Photoresists Market - Global Industry Analysis, Size, Share, Growth, Trends and Forecast, 2014 – 2020 Photoresists are light-sensitive materials that are primarily used in fabrication and packaging of <NODE id="300" />semiconductors<NODE id="314" />, <NODE id="316" />integrated circuits<NODE id="335" />, <NODE id="337" />flat panel displays<NODE id="356" /> and <NODE id="361" />printed circuit boards<NODE id="383" />. Photoresists play an important role in photolithography and photo-patterning process. Photoresists consist of resin or polymer, solvent and photo-sensitizer. These are segmented into positive and negative photoresists based on developing option. Photoresists are applied on the surface of a <NODE id="676" />wafer<NODE id="681" /> and further exposed to light of pre-determined wavelength. Photoresist ancillaries are supporting materials that are used to improve the efficiency and resolution of the photolithography process. These are used right from the start of the process such as adhesion promotion of photoresists to wafer substrate in order to develop photoresists to remove excessive photoresists after the developer treatment. Browse The Full <NODE id="1104" />Market Report<NODE id="1117" /> , Here : http://www.transparencymarketresearch.com/photoresist-chemicals-market.html Growth in <NODE id="1213" />semiconductor<NODE id="1226" /> industry and dynamic <NODE id="1248" />flat panel display<NODE id="1266" /> technology trends are expected to be the major driving factors for growth of the photoresists and photoresist ancillaries market. However, environmental and occupational health hazards associated with photoresists and photoresist ancillaries component is expected to hamper market growth. The upcoming nanoelectromechanical systems (NEMS) are anticipated to provide opportunities for players in the market. This report provides detailed analysis and forecast of the photoresists and photoresist ancillaries market on a global and regional level from 2014 to 2020. On the global level, the market has been segmented based on revenue (US$ Mn) from 2014 to 2020. In order to provide in-depth understanding of the market at the regional level, demand has been forecast in terms of revenue (US$ Mn) from 2014 to 2020. The report includes drivers and restraints, and their impact on the growth of the market during the forecast period. The study also encompasses opportunities for market growth at the global level. Request For Sample Of This <NODE id="2304" />Report<NODE id="2310" /> : http://www.transparencymarketresearch.com/sample/sample.php?flag=S&amp;rep_id=3047 The report includes a thorough analysis of the value chain in order to provide detailed understanding of the market. It comprises of a Porter’s Five Forces model, which provides an insight into the intensity of competition in the market. Furthermore, the study includes market attractiveness analysis, where various end-users are benchmarked based on market size, growth rate and general attractiveness. The market has been segmented based on product segments and applications. Product segments of photoresists market include g-line and i-line, KrF, ArF dry and ArF immersion. Global photoresists ancillaries market has been segmented as antireflective coatings, photoresists developer, edge bead remover and others. Each segment has been analyzed and forecast based on revenue (USD million) from 2014 to 2020. Additionally, the segments have been analyzed and forecast based on current trends at the global and regional level during the given time period. Regionally, the market has been segmented into North America, Europe, Asia Pacific and Rest of the World (RoW). Market has been analyzed based on demand and forecast trends are based on current trends for the period of six years. Secondary research sources that were typically referred to include, but were not limited to company websites, annual reports, financial reports, broker reports, investor presentations, and SEC filings. Other sources such as internal and external proprietary databases, relevant patent and regulatory databases, national government documents, statistical databases and market reports, news articles, press releases, and webcasts specific to companies operating in the market have also been referred for the report. Browse The Full Press Release Of Market : http://www.transparencymarketresearch.com/pressrelease/photoresist-chemicals-market.htm <NODE id="4223" />We<NODE id="4225" /> conducted primary interviews with industry participants and commentators in order to validate data and analysis. A typical research interview fulfilled functions such as providing first-hand information on market size, market trends, growth trends, competitive landscape and outlook. This helped in validating and strengthening the secondary research findings. Primary research further developed the analysis team’s expertise and market understanding. Profiles of leading companies have been provided in the report along with detailed analysis of their market share. The study features profiles of companies such as <NODE id="4842" />JSR Corporation<NODE id="4857" />, <NODE id="4859" />The Dow Chemical Company<NODE id="4883" />, <NODE id="4885" />Tokyo Ohka Kogyo Co., Ltd.<NODE id="4911" />, <NODE id="4913" />Avantor Performance Materials Inc.<NODE id="4947" />, <NODE id="4949" />Merck KGaA<NODE id="4959" />, <NODE id="4961" />FUJIFILM Electronic Materials Co. Ltd.<NODE id="4999" />, <NODE id="5001" />E. I. du Pont de Nemours and Company<NODE id="5037" />, <NODE id="5039" />Shin-Etsu Chemical Co., Ltd.<NODE id="5067" />, <NODE id="5069" />Sumitomo Chemical Co., Ltd.<NODE id="5096" /> and <NODE id="5101" />LG Chem Ltd<NODE id="5112" />. This report segments the global photoresists and photoresist ancillaries market as follows: Photoresists Market - Product Segment Analysis -g-line and i-line -KrF -ArF dry -ArF immersion Photoresist Ancillaries Market - Product Segment Analysis -Antireflective coatings -Photoresist developers -Edge bead removers -Others (Including primers or adhesion promoters and specialty solvents) Photoresists and Photoresist Ancillaries Market - Application Analysis -<NODE id="5573" />Semiconductors<NODE id="5587" /> and <NODE id="5592" />integrated circuits<NODE id="5611" /> (<NODE id="5613" />ICs<NODE id="5616" />) -<NODE id="5619" />Printed circuit boards<NODE id="5641" /> (<NODE id="5643" />PCB<NODE id="5646" />) -Others (Including MEMS, NEMS, <NODE id="5679" />sensors<NODE id="5686" /> etc.) Photoresists and Photoresist Ancillaries Market - Regional Analysis -North America -Europe -Asia Pacific -Rest of the World (RoW) Browse The Full Article Of Market : http://www.transparencymarketresearch.com/article/photoresist-chemicals-market.htm About <NODE id="5948" />Us<NODE id="5950" /> <NODE id="5951" />Transparency Market Research<NODE id="5979" /> (<NODE id="5981" />TMR<NODE id="5984" />) is a global <NODE id="5998" />market intelligence<NODE id="6017" /> <NODE id="6018" />company<NODE id="6025" /> <NODE id="6026" />providing<NODE id="6035" /> <NODE id="6036" />business information reports<NODE id="6064" /> and <NODE id="6069" />services<NODE id="6077" />. The <NODE id="6083" />company<NODE id="6090" />’s exclusive blend of quantitative forecasting and trend analysis provides forward-looking insight for thousands of decision makers. <NODE id="6223" />TMR’s<NODE id="6228" /> experienced team of analysts, researchers, and consultants use proprietary data sources and various tools and techniques to gather and analyze information. <NODE id="6385" />TMR<NODE id="6388" />’s data repository is continuously updated and revised by a team of research experts so that it always reflects the latest trends and information. With extensive research and analysis capabilities, <NODE id="6586" />Transparency Market Research<NODE id="6614" /> employs rigorous primary and secondary research techniques to <NODE id="6677" />develop<NODE id="6684" /> distinctive <NODE id="6697" />data sets<NODE id="6706" /> and <NODE id="6711" />research material<NODE id="6728" /> for business reports. Contact Mr. Nachiket Ghumare 90 State Street, Suite 700 Albany, NY 12207 Tel: +1-518-618-1030 USA - Canada Toll Free: 866-552-3453 Email: sales@transparencymarketresearch.com Website: http://www.transparencymarketresearch.com/ Visit Blog : http://globalresearchanalysis.blogspot.in/ Contact Information Name: Mr . Nachiket Ghumare
</TEXT>
<Meta>
<feature featureName="id" featureValue="vico/68687754-6121-3e93-b7be-f7a1e3fd43e6" />
<feature featureName="source" featureValue="sensor_corpus" />
<feature featureName="lang" featureValue="en" />
<feature featureName="pubDate" featureValue="2016-01-22T23:17:47Z" />
<feature featureName="indexDate" featureValue="2016-07-13T11:14:41.542Z" />
<feature featureName="uri" featureValue="http://forpressrelease.com/forpressrelease-149679-global-photoresists-and-photoresist-ancillaries-market-is-expected-to-reach-us-460-bn-in-2020.html" />
<feature featureName="solrEventType" featureValue="None" /></Meta><Entities>
<Entity id="0" startPos="300" endPos="314" type="product" surface="semiconductors" />
<Entity id="1" startPos="316" endPos="335" type="product" surface="integrated circuits" />
<Entity id="2" startPos="337" endPos="356" type="product" surface="flat panel displays" />
<Entity id="3" startPos="361" endPos="383" type="product" surface="printed circuit boards" />
<Entity id="4" startPos="676" endPos="681" type="product" surface="wafer" />
<Entity id="5" startPos="1104" endPos="1117" type="product" surface="Market Report" />
<Entity id="6" startPos="1213" endPos="1226" type="product" surface="semiconductor" />
<Entity id="7" startPos="1248" endPos="1266" type="product" surface="flat panel display" />
<Entity id="8" startPos="2304" endPos="2310" type="product" surface="Report" />
<Entity id="9" startPos="4223" endPos="4225" type="organization" surface="We" />
<Entity id="10" startPos="4842" endPos="4857" type="organization" surface="JSR Corporation" />
<Entity id="11" startPos="4859" endPos="4883" type="organization" surface="The Dow Chemical Company" />
<Entity id="12" startPos="4885" endPos="4911" type="organization" surface="Tokyo Ohka Kogyo Co., Ltd." />
<Entity id="13" startPos="4913" endPos="4947" type="organization" surface="Avantor Performance Materials Inc." />
<Entity id="14" startPos="4949" endPos="4959" type="organization" surface="Merck KGaA" />
<Entity id="15" startPos="4961" endPos="4999" type="organization" surface="FUJIFILM Electronic Materials Co. Ltd." />
<Entity id="16" startPos="5001" endPos="5037" type="organization" surface="E. I. du Pont de Nemours and Company" />
<Entity id="17" startPos="5039" endPos="5067" type="organization" surface="Shin-Etsu Chemical Co., Ltd." />
<Entity id="18" startPos="5069" endPos="5096" type="organization" surface="Sumitomo Chemical Co., Ltd." />
<Entity id="19" startPos="5101" endPos="5112" type="organization" surface="LG Chem Ltd" />
<Entity id="20" startPos="5573" endPos="5587" type="product" surface="Semiconductors" />
<Entity id="21" startPos="5592" endPos="5611" type="product" surface="integrated circuits" />
<Entity id="22" startPos="5613" endPos="5616" type="product" surface="ICs" />
<Entity id="23" startPos="5619" endPos="5641" type="product" surface="Printed circuit boards" />
<Entity id="24" startPos="5643" endPos="5646" type="product" surface="PCB" />
<Entity id="25" startPos="5679" endPos="5686" type="product" surface="sensors" />
<Entity id="26" startPos="5948" endPos="5950" type="organization" surface="Us" />
<Entity id="27" startPos="5951" endPos="5979" type="organization" surface="Transparency Market Research" />
<Entity id="28" startPos="5981" endPos="5984" type="organization" surface="TMR" />
<Entity id="29" startPos="5998" endPos="6017" type="product" surface="market intelligence" />
<Entity id="30" startPos="6018" endPos="6025" type="trigger" surface="company" />
<Entity id="31" startPos="6026" endPos="6035" type="trigger" surface="providing" />
<Entity id="32" startPos="6036" endPos="6064" type="product" surface="business information reports" />
<Entity id="33" startPos="6069" endPos="6077" type="product" surface="services" />
<Entity id="34" startPos="6083" endPos="6090" type="organization" surface="company" />
<Entity id="35" startPos="6223" endPos="6228" type="organization" surface="TMR’s" />
<Entity id="36" startPos="6385" endPos="6388" type="organization" surface="TMR" />
<Entity id="37" startPos="6586" endPos="6614" type="organization" surface="Transparency Market Research" />
<Entity id="38" startPos="6677" endPos="6684" type="trigger" surface="develop" />
<Entity id="39" startPos="6697" endPos="6706" type="product" surface="data sets" />
<Entity id="40" startPos="6711" endPos="6728" type="product" surface="research material" /></Entities><Relations>
<Relation id="41" NAME="CompanyProvidesProduct">
<Entity id="29" label="product" />
<Entity id="27" label="company" />
<Entity id="30" label="trigger" />
</Relation>
<Relation id="42" NAME="CompanyProvidesProduct">
<Entity id="32" label="product" />
<Entity id="33" label="product" />
<Entity id="27" label="company" />
<Entity id="31" label="trigger" />
</Relation>
<Relation id="43" NAME="CompanyProvidesProduct">
<Entity id="40" label="product" />
<Entity id="39" label="product" />
<Entity id="37" label="company" />
<Entity id="38" label="trigger" />
</Relation>
<Relation id="44" NAME="Identity">
<Entity id="28" label="source" />
<Entity id="26" label="target" />
<Entity id="35" label="target" />
<Entity id="37" label="target" />
<Entity id="34" label="target" />
<Entity id="9" label="target" />
<Entity id="36" label="target" />
<Entity id="27" label="target" />
</Relation>
<Relation id="45" NAME="identity">
<Entity id="0" label="source" />
<Entity id="20" label="target" />
<Entity id="6" label="target" />
</Relation>
<Relation id="46" NAME="identity">
<Entity id="1" label="source" />
<Entity id="21" label="target" />
<Entity id="22" label="target" />
</Relation>
<Relation id="47" NAME="identity">
<Entity id="2" label="source" />
<Entity id="7" label="target" />
</Relation>
<Relation id="48" NAME="identity">
<Entity id="3" label="source" />
<Entity id="23" label="target" />
<Entity id="24" label="target" />
</Relation>
<Relation id="49" NAME="identity">
<Entity id="5" label="source" />
<Entity id="32" label="target" />
<Entity id="8" label="target" />
</Relation></Relations>
</Document>
