<?xml version="1.0" encoding="UTF-8"?>
<Document>
<TEXT>This article was published free of charge. Are you the owner of this article?, Turn it PREMIUM with your LOGO instead - and make it 3rd party Ads-Free! within the next hour! <NODE id="174" />Rambus<NODE id="180" /> <NODE id="181" />Announces<NODE id="190" /> <NODE id="191" />R+™ 28G Serial Link <NODE id="211" />PHY<NODE id="214" /> on <NODE id="218" />Samsung<NODE id="225" /> 14nm LPP Process<NODE id="242" /> <NODE id="243" />PRZOOM<NODE id="249" /> - /<NODE id="253" />newswire<NODE id="261" />/ - Sunnyvale, CA, United States, 2016/01/19 - Comprehensive IP solution enables high performance for networking and data center applications - <NODE id="405" />Rambus.com<NODE id="415" />. <NODE id="417" />NASDAQ<NODE id="423" />: <NODE id="425" />RMBS<NODE id="429" /> Your Banner Ad Here instead - Showing along with ALL Articles covering Electronics/Instrumentation/RFID Announcements Replace these Affiliate Programs at ANYTIME! Your banner here within the next hour. Learn How! <NODE id="643" />Rambus, Inc.<NODE id="655" /> today <NODE id="662" />announced<NODE id="671" /> the availability of a <NODE id="694" />28Gbps multi-modal serial link PHY<NODE id="728" /> on <NODE id="732" />Samsung<NODE id="739" />’s<NODE id="741" /> leading-edge <NODE id="755" />14nm Low Power Plus (LPP) process<NODE id="788" />. The <NODE id="794" />R+ 28G Serial Link <NODE id="813" />PHY<NODE id="816" /> is a 100 Gigabit Ethernet solution that is optimized for power and area efficiency in long-reach channels. It enhances the <NODE id="940" />Rambus<NODE id="946" /> <NODE id="947" />suite of<NODE id="955" /> <NODE id="956" />high-speed memory<NODE id="973" /> and <NODE id="978" />serial link interfaces<NODE id="1000" />. 'The increasing demand for more data at increasing speeds continues to drive the bandwidth requirements in enterprise applications,' said Luc Seraphin, senior vice president and general manager of the <NODE id="1203" />Rambus<NODE id="1209" /> Memory and Interfaces division<NODE id="1240" />. '<NODE id="1243" />We<NODE id="1245" /> are pleased <NODE id="1258" />Samsung<NODE id="1265" /> has selected <NODE id="1279" />us<NODE id="1281" /> to work in <NODE id="1293" />their<NODE id="1298" /> advanced <NODE id="1308" />14nm LPP process<NODE id="1324" />, enabling <NODE id="1335" />our<NODE id="1338" /> solutions to achieve the tremendous speeds and power efficiencies required by today’s high-performance systems.' The <NODE id="1456" />Rambus<NODE id="1462" /> R+ 28G Multi-protocol Serial Links <NODE id="1498" />PHY<NODE id="1501" /> delivers enterprise-class performance across the challenging signaling environments typical of networking and server systems with features including: • High-performance and multi-protocol compatibility with support for data rates from 1.25Gbps to 28.1Gbps across copper and backplane channels with up to 30dB loss in a wide range of industry-standard interconnect protocols. • Application-specific optimization enabled by an efficient and scalable architecture with adaptive and programmable receive equalization, and support for transmit FIR adaptation. • Ease-of-integration and bring-up featuring built-in-self-test (BIST) with PRBS generator and checker, in-situ real-time monitoring and support for <NODE id="2206" />LabStation™ Validation Platform<NODE id="2237" />. <NODE id="2239" />Rambus<NODE id="2245" />’<NODE id="2246" /> <NODE id="2247" />R+<NODE id="2249" /> industry-standard <NODE id="2268" />interface solutions<NODE id="2287" /> are high-quality, complete <NODE id="2315" />PHY<NODE id="2318" /> solutions designed with a system-oriented approach, maximizing flexibility in today’s most challenging system environments. For additional information, please visit rambus.com/seriallinks. About <NODE id="2514" />Rambus<NODE id="2520" /> Memory and Interfaces Division<NODE id="2551" /> (<NODE id="2553" />MID<NODE id="2556" />) The <NODE id="2562" />Rambus<NODE id="2568" /> Memory and Interfaces Division<NODE id="2599" /> develops products and services that solve the power, performance, and capacity challenges of the <NODE id="2697" />mobile<NODE id="2703" />, <NODE id="2705" />connected device<NODE id="2721" />, and <NODE id="2727" />cloud computing<NODE id="2742" /> markets. <NODE id="2752" />Rambus<NODE id="2758" /> enhanced standards-compatible and custom <NODE id="2800" />memory<NODE id="2806" /> and <NODE id="2811" />serial link<NODE id="2822" /> solutions include <NODE id="2841" />chips<NODE id="2846" />, <NODE id="2848" />architectures<NODE id="2861" />, <NODE id="2863" />memory<NODE id="2869" /> and <NODE id="2874" />chip-to-chip interfaces<NODE id="2897" />, <NODE id="2899" />DRAM<NODE id="2903" />, <NODE id="2905" />IP validation tools<NODE id="2924" />, and <NODE id="2930" />system<NODE id="2936" /> and <NODE id="2941" />IC design services<NODE id="2959" />. Developed through our system-aware design methodology, <NODE id="3016" />Rambus<NODE id="3022" /> products deliver improved time-to-market and first-time-right quality. About <NODE id="3100" />Rambus, Inc.<NODE id="3112" /> <NODE id="3113" />Rambus<NODE id="3119" /> (<NODE id="3121" />rambus.com<NODE id="3131" />) <NODE id="3133" />creates<NODE id="3140" /> cutting-edge <NODE id="3154" />semiconductor<NODE id="3167" /> and <NODE id="3172" />IP products<NODE id="3183" />, spanning <NODE id="3194" />memory<NODE id="3200" /> and <NODE id="3205" />interfaces<NODE id="3215" /> to <NODE id="3219" />security<NODE id="3227" />, <NODE id="3229" />smart sensors<NODE id="3242" /> and <NODE id="3247" />lighting<NODE id="3255" />. <NODE id="3257" />Our<NODE id="3260" /> <NODE id="3261" />chips<NODE id="3266" />, customizable <NODE id="3281" />IP cores<NODE id="3289" />, architecture licenses, tools, services, training and innovations improve the competitive advantage of <NODE id="3393" />our<NODE id="3396" /> customers. <NODE id="3408" />We<NODE id="3410" /> collaborate with the industry, partnering with leading <NODE id="3466" />ASIC<NODE id="3470" /> and <NODE id="3475" />SoC<NODE id="3478" /> designers, foundries, IP developers, <NODE id="3516" />EDA<NODE id="3519" /> companies and validation labs. <NODE id="3551" />Our<NODE id="3554" /> products are integrated into tens of billions of devices and systems, powering and securing diverse applications, including Big Data, Internet of Things (IoT), <NODE id="3715" />mobile<NODE id="3721" />, consumer and media platforms. At <NODE id="3756" />Rambus<NODE id="3762" />, <NODE id="3764" />we<NODE id="3766" /> are makers of better. Your Banner Ad Here instead - Showing along with ALL Articles covering Electronics/Instrumentation/RFID Announcements Replace these Affiliate Programs at ANYTIME! Your banner here within the next hour. Learn How! Agency / Source: <NODE id="4019" />Rambus, Inc<NODE id="4030" />.
</TEXT>
<Meta>
<feature featureName="id" featureValue="vico/26a285dd-085b-329d-863f-2fb9b71b1561" />
<feature featureName="source" featureValue="sensor_corpus" />
<feature featureName="lang" featureValue="en" />
<feature featureName="pubDate" featureValue="2016-01-21T00:08:18Z" />
<feature featureName="indexDate" featureValue="2016-07-13T10:49:52.158Z" />
<feature featureName="uri" featureValue="http://www.przoom.com/news/156724/" />
<feature featureName="solrEventType" featureValue="None" /></Meta><Entities>
<Entity id="0" startPos="174" endPos="180" type="organization" surface="Rambus" />
<Entity id="1" startPos="181" endPos="190" type="trigger" surface="Announces" />
<Entity id="2" startPos="191" endPos="214" type="product" surface="R+™ 28G Serial Link PHY" />
<Entity id="3" startPos="211" endPos="214" type="product" surface="PHY" />
<Entity id="4" startPos="218" endPos="225" type="organization" surface="Samsung" />
<Entity id="5" startPos="218" endPos="242" type="product" surface="Samsung 14nm LPP Process" />
<Entity id="6" startPos="243" endPos="249" type="organization" surface="PRZOOM" />
<Entity id="7" startPos="253" endPos="261" type="organization" surface="newswire" />
<Entity id="8" startPos="405" endPos="415" type="organization" surface="Rambus.com" />
<Entity id="9" startPos="417" endPos="423" type="organization" surface="NASDAQ" />
<Entity id="10" startPos="425" endPos="429" type="organization" surface="RMBS" />
<Entity id="11" startPos="643" endPos="655" type="organization" surface="Rambus, Inc." />
<Entity id="12" startPos="662" endPos="671" type="trigger" surface="announced" />
<Entity id="13" startPos="694" endPos="728" type="product" surface="28Gbps multi-modal serial link PHY" />
<Entity id="14" startPos="732" endPos="739" type="organization" surface="Samsung" />
<Entity id="15" startPos="739" endPos="741" type="trigger" surface="’s" />
<Entity id="16" startPos="755" endPos="788" type="product" surface="14nm Low Power Plus (LPP) process" />
<Entity id="17" startPos="794" endPos="816" type="product" surface="R+ 28G Serial Link PHY" />
<Entity id="18" startPos="813" endPos="816" type="product" surface="PHY" />
<Entity id="19" startPos="940" endPos="946" type="organization" surface="Rambus" />
<Entity id="20" startPos="947" endPos="955" type="trigger" surface="suite of" />
<Entity id="21" startPos="956" endPos="973" type="product" surface="high-speed memory" />
<Entity id="22" startPos="978" endPos="1000" type="product" surface="serial link interfaces" />
<Entity id="23" startPos="1203" endPos="1209" type="organization" surface="Rambus" />
<Entity id="24" startPos="1203" endPos="1240" type="organization" surface="Rambus Memory and Interfaces division" />
<Entity id="25" startPos="1243" endPos="1245" type="organization" surface="We" />
<Entity id="26" startPos="1258" endPos="1265" type="organization" surface="Samsung" />
<Entity id="27" startPos="1279" endPos="1281" type="organization" surface="us" />
<Entity id="28" startPos="1293" endPos="1298" type="organization" surface="their" />
<Entity id="29" startPos="1293" endPos="1298" type="trigger" surface="their" />
<Entity id="30" startPos="1308" endPos="1324" type="product" surface="14nm LPP process" />
<Entity id="31" startPos="1335" endPos="1338" type="organization" surface="our" />
<Entity id="32" startPos="1456" endPos="1462" type="organization" surface="Rambus" />
<Entity id="33" startPos="1456" endPos="1501" type="product" surface="Rambus R+ 28G Multi-protocol Serial Links PHY" />
<Entity id="34" startPos="1498" endPos="1501" type="product" surface="PHY" />
<Entity id="35" startPos="2206" endPos="2237" type="product" surface="LabStation™ Validation Platform" />
<Entity id="36" startPos="2239" endPos="2245" type="organization" surface="Rambus" />
<Entity id="37" startPos="2245" endPos="2246" type="trigger" surface="’" />
<Entity id="38" startPos="2247" endPos="2249" type="product" surface="R+" />
<Entity id="39" startPos="2268" endPos="2287" type="product" surface="interface solutions" />
<Entity id="40" startPos="2315" endPos="2318" type="product" surface="PHY" />
<Entity id="41" startPos="2514" endPos="2520" type="organization" surface="Rambus" />
<Entity id="42" startPos="2514" endPos="2551" type="organization" surface="Rambus Memory and Interfaces Division" />
<Entity id="43" startPos="2553" endPos="2556" type="organization" surface="MID" />
<Entity id="44" startPos="2562" endPos="2568" type="organization" surface="Rambus" />
<Entity id="45" startPos="2562" endPos="2599" type="organization" surface="Rambus Memory and Interfaces Division" />
<Entity id="46" startPos="2697" endPos="2703" type="product" surface="mobile" />
<Entity id="47" startPos="2705" endPos="2721" type="product" surface="connected device" />
<Entity id="48" startPos="2727" endPos="2742" type="product" surface="cloud computing" />
<Entity id="49" startPos="2752" endPos="2758" type="organization" surface="Rambus" />
<Entity id="50" startPos="2800" endPos="2806" type="product" surface="memory" />
<Entity id="51" startPos="2811" endPos="2822" type="product" surface="serial link" />
<Entity id="52" startPos="2841" endPos="2846" type="product" surface="chips" />
<Entity id="53" startPos="2848" endPos="2861" type="product" surface="architectures" />
<Entity id="54" startPos="2863" endPos="2869" type="product" surface="memory" />
<Entity id="55" startPos="2874" endPos="2897" type="product" surface="chip-to-chip interfaces" />
<Entity id="56" startPos="2899" endPos="2903" type="product" surface="DRAM" />
<Entity id="57" startPos="2905" endPos="2924" type="product" surface="IP validation tools" />
<Entity id="58" startPos="2930" endPos="2936" type="product" surface="system" />
<Entity id="59" startPos="2941" endPos="2959" type="product" surface="IC design services" />
<Entity id="60" startPos="3016" endPos="3022" type="organization" surface="Rambus" />
<Entity id="61" startPos="3100" endPos="3112" type="organization" surface="Rambus, Inc." />
<Entity id="62" startPos="3113" endPos="3119" type="organization" surface="Rambus" />
<Entity id="63" startPos="3121" endPos="3131" type="organization" surface="rambus.com" />
<Entity id="64" startPos="3133" endPos="3140" type="provide_type" surface="creates" />
<Entity id="65" startPos="3133" endPos="3140" type="trigger" surface="creates" />
<Entity id="66" startPos="3154" endPos="3167" type="product" surface="semiconductor" />
<Entity id="67" startPos="3172" endPos="3183" type="product" surface="IP products" />
<Entity id="68" startPos="3194" endPos="3200" type="product" surface="memory" />
<Entity id="69" startPos="3205" endPos="3215" type="product" surface="interfaces" />
<Entity id="70" startPos="3219" endPos="3227" type="product" surface="security" />
<Entity id="71" startPos="3229" endPos="3242" type="product" surface="smart sensors" />
<Entity id="72" startPos="3247" endPos="3255" type="product" surface="lighting" />
<Entity id="73" startPos="3257" endPos="3260" type="organization" surface="Our" />
<Entity id="74" startPos="3261" endPos="3266" type="product" surface="chips" />
<Entity id="75" startPos="3281" endPos="3289" type="product" surface="IP cores" />
<Entity id="76" startPos="3393" endPos="3396" type="organization" surface="our" />
<Entity id="77" startPos="3408" endPos="3410" type="organization" surface="We" />
<Entity id="78" startPos="3466" endPos="3470" type="product" surface="ASIC" />
<Entity id="79" startPos="3475" endPos="3478" type="product" surface="SoC" />
<Entity id="80" startPos="3516" endPos="3519" type="product" surface="EDA" />
<Entity id="81" startPos="3551" endPos="3554" type="organization" surface="Our" />
<Entity id="82" startPos="3715" endPos="3721" type="product" surface="mobile" />
<Entity id="83" startPos="3756" endPos="3762" type="organization" surface="Rambus" />
<Entity id="84" startPos="3764" endPos="3766" type="organization" surface="we" />
<Entity id="85" startPos="4019" endPos="4030" type="organization" surface="Rambus, Inc" /></Entities><Relations>
<Relation id="86" NAME="CompanyProvidesProduct">
<Entity id="16" label="product" />
<Entity id="14" label="company" />
<Entity id="15" label="trigger" />
</Relation>
<Relation id="87" NAME="company_provides_product">
<Entity id="2" label="product" />
<Entity id="0" label="company" />
<Entity id="1" label="trigger" />
</Relation>
<Relation id="88" NAME="company_provides_product">
<Entity id="5" label="product" />
<Entity id="4" label="company" />
</Relation>
<Relation id="89" NAME="company_provides_product">
<Entity id="13" label="product" />
<Entity id="11" label="ceremony" />
</Relation>
<Relation id="90" NAME="company_provides_product">
<Entity id="22" label="product" />
<Entity id="21" label="product" />
<Entity id="19" label="company" />
<Entity id="20" label="trigger" />
</Relation>
<Relation id="91" NAME="company_provides_product">
<Entity id="30" label="product" />
<Entity id="26" label="company" />
<Entity id="29" label="trigger" />
</Relation>
<Relation id="92" NAME="company_provides_product">
<Entity id="33" label="product" />
<Entity id="32" label="company" />
</Relation>
<Relation id="93" NAME="company_provides_product">
<Entity id="38" label="product" />
<Entity id="36" label="company" />
<Entity id="37" label="trigger" />
</Relation>
<Relation id="94" NAME="company_provides_product">
<Entity id="59" label="product" />
<Entity id="53" label="product" />
<Entity id="55" label="product" />
<Entity id="56" label="product" />
<Entity id="54" label="product" />
<Entity id="58" label="product" />
<Entity id="57" label="product" />
<Entity id="52" label="product" />
<Entity id="49" label="company" />
</Relation>
<Relation id="95" NAME="company_provides_product">
<Entity id="67" label="product" />
<Entity id="66" label="product" />
<Entity id="72" label="product" />
<Entity id="69" label="product" />
<Entity id="71" label="product" />
<Entity id="68" label="product" />
<Entity id="70" label="product" />
<Entity id="62" label="company" />
<Entity id="65" label="trigger" />
</Relation>
<Relation id="96" NAME="identity">
<Entity id="0" label="source" />
<Entity id="76" label="target" />
<Entity id="36" label="target" />
<Entity id="31" label="target" />
<Entity id="27" label="target" />
<Entity id="11" label="target" />
<Entity id="32" label="target" />
<Entity id="23" label="target" />
<Entity id="73" label="target" />
<Entity id="84" label="target" />
<Entity id="77" label="target" />
<Entity id="25" label="target" />
<Entity id="60" label="target" />
<Entity id="10" label="target" />
<Entity id="83" label="target" />
<Entity id="81" label="target" />
<Entity id="8" label="target" />
<Entity id="61" label="target" />
<Entity id="44" label="target" />
<Entity id="41" label="target" />
<Entity id="63" label="target" />
<Entity id="62" label="target" />
<Entity id="85" label="target" />
<Entity id="19" label="target" />
<Entity id="49" label="target" />
</Relation>
<Relation id="97" NAME="identity">
<Entity id="2" label="source" />
<Entity id="33" label="target" />
<Entity id="17" label="target" />
<Entity id="38" label="target" />
</Relation>
<Relation id="98" NAME="identity">
<Entity id="3" label="source" />
<Entity id="18" label="target" />
<Entity id="52" label="target" />
<Entity id="40" label="target" />
<Entity id="74" label="target" />
</Relation>
<Relation id="99" NAME="identity">
<Entity id="5" label="source" />
<Entity id="30" label="target" />
<Entity id="16" label="target" />
</Relation>
<Relation id="100" NAME="identity">
<Entity id="4" label="source" />
<Entity id="14" label="target" />
<Entity id="26" label="target" />
</Relation>
<Relation id="101" NAME="identity">
<Entity id="54" label="product" />
<Entity id="21" label="source" />
<Entity id="50" label="target" />
<Entity id="68" label="target" />
</Relation>
<Relation id="102" NAME="identity">
<Entity id="22" label="source" />
<Entity id="51" label="target" />
<Entity id="55" label="target" />
<Entity id="39" label="target" />
<Entity id="69" label="target" />
</Relation>
<Relation id="103" NAME="identity">
<Entity id="24" label="source" />
<Entity id="43" label="target" />
<Entity id="42" label="target" />
<Entity id="45" label="target" />
</Relation>
<Relation id="104" NAME="identity">
<Entity id="46" label="source" />
<Entity id="82" label="target" />
</Relation></Relations>
</Document>
