<?xml version="1.0" encoding="UTF-8"?>
<Document>
<TEXT>Full Description <NODE id="17" />Lam Research Corporation<NODE id="41" /> (<NODE id="43" />Lam Research<NODE id="55" />), incorporated on September 8, 1989, is a <NODE id="98" />supplier<NODE id="106" /> of <NODE id="110" />wafer fabrication equipment<NODE id="137" /> and services to the <NODE id="158" />semiconductor<NODE id="171" /> industry. The <NODE id="186" />Company<NODE id="193" />'s customers include <NODE id="214" />semiconductor<NODE id="227" /> manufacturers that make memory, microprocessors, and other logic integrated circuits for a range of electronics, including <NODE id="351" />cell phones<NODE id="362" />, <NODE id="364" />computers<NODE id="373" />, <NODE id="375" />tablets<NODE id="382" />, storage devices and networking equipment. The <NODE id="430" />Company<NODE id="437" /> maintains a network of facilities throughout Asia, Europe, and the United States. The <NODE id="524" />Company<NODE id="531" /> <NODE id="532" />designs<NODE id="539" />, <NODE id="541" />manufactures<NODE id="553" />, <NODE id="555" />markets<NODE id="562" />, <NODE id="564" />refurbishes<NODE id="575" />, and <NODE id="581" />services<NODE id="589" /> <NODE id="590" />semiconductor<NODE id="603" /> processing systems<NODE id="622" /> that are used in the fabrication of <NODE id="659" />integrated circuits<NODE id="678" /> (<NODE id="680" />ICs<NODE id="683" />). The <NODE id="690" />Company<NODE id="697" /> operates in seven geographic regions: the United States, Europe, Japan, Korea, Taiwan, China and Southeast Asia. The <NODE id="815" />Company<NODE id="822" />'s customer base includes <NODE id="848" />semiconductor<NODE id="861" /> memory, foundry, and integrated device manufacturers (IDMs) that make products, such as <NODE id="950" />dynamic random access memory<NODE id="978" /> (<NODE id="980" />DRAM<NODE id="984" />), <NODE id="987" />NAND memory<NODE id="998" />, and logic devices. <NODE id="1019" />Semiconductor<NODE id="1032" /> manufacturing, its customers' business, involves the fabrication of multiple <NODE id="1110" />die<NODE id="1113" /> or <NODE id="1117" />ICs<NODE id="1120" /> on a <NODE id="1126" />wafer<NODE id="1131" />. The <NODE id="1137" />Company<NODE id="1144" />'s products are used primarily in front-end <NODE id="1188" />wafer<NODE id="1193" /> processing, which involves the steps that create the active components of a device (<NODE id="1278" />transistor<NODE id="1288" />, <NODE id="1290" />capacitor<NODE id="1299" />) and their wiring (interconnect). The <NODE id="1338" />Company<NODE id="1345" /> also addresses processes for back-end wafer-level packaging (WLP), which is an alternative to traditional wire bonding. In addition, <NODE id="1479" />its<NODE id="1482" /> products are offered for related markets that rely on <NODE id="1537" />semiconductor<NODE id="1550" /> processes and require production-proven manufacturing capability, such as <NODE id="1625" />micro-electromechanical systems<NODE id="1656" /> (<NODE id="1658" />MEMS<NODE id="1662" />). The <NODE id="1669" />Company<NODE id="1676" />'s thin film deposition systems form a device's sub-microscopic layers of conducting (metal) or insulating (dielectric) materials. The <NODE id="1811" />Company<NODE id="1818" /> is a <NODE id="1824" />provider<NODE id="1832" /> of <NODE id="1836" />plasma etch<NODE id="1847" />, a process step that selectively removes materials from the <NODE id="1908" />wafer<NODE id="1913" /> to create the features and patterns of a device. The <NODE id="1967" />Company<NODE id="1974" />'s<NODE id="1976" /> <NODE id="1977" />wet spin clean<NODE id="1991" /> and <NODE id="1996" />plasma-based bevel clean<NODE id="2020" /> <NODE id="2021" />products<NODE id="2029" /> remove particles, residues and film from the <NODE id="2075" />wafer<NODE id="2080" /> surface before or after adjacent processes. Thin Film Deposition The <NODE id="2150" />Company<NODE id="2157" /> offers thin film depositions for <NODE id="2191" />Copper Metal Films<NODE id="2209" />, including the <NODE id="2225" />SABRE<NODE id="2230" /> Product Family; <NODE id="2247" />Tungsten Metal Films<NODE id="2267" />, consisting of <NODE id="2283" />ALTUS<NODE id="2288" /> Product Family; <NODE id="2305" />plasma-enhanced chemical vapor deposition (PECVD) dielectric Films<NODE id="2371" />, including <NODE id="2383" />VECTOR<NODE id="2389" /> Product Family; <NODE id="2406" />Gapfill Dielectric Films<NODE id="2430" />, such as <NODE id="2440" />SPEED<NODE id="2445" /> Product Family, and Film Treatment, including <NODE id="2492" />SOLA<NODE id="2496" /> Product Family. The <NODE id="2517" />SABRE electrochemical deposition<NODE id="2549" /> (<NODE id="2551" />ECD<NODE id="2554" />) product family consists of a platform for copper damascene manufacturing. Its system capabilities include deposition of copper directly on various liner materials. The number of yielding <NODE id="2743" />ICs<NODE id="2746" /> per <NODE id="2751" />wafer<NODE id="2756" /> is optimized by increasing the usable <NODE id="2795" />die<NODE id="2798" /> area through process edge exclusion engineering. The <NODE id="2852" />SABRE ECD product<NODE id="2869" /> family's applications include copper deposition for both logic and memory interconnect. It also offers the <NODE id="2977" />SABRE third dimension (3D) system<NODE id="3010" /> to address <NODE id="3022" />through-silicon via<NODE id="3041" /> (<NODE id="3043" />TSV<NODE id="3046" />) and wafer-level packaging (WLP), applications, such as copper pillar, redistribution layer (RDL), high-density fanout, underbump metallization, bumping, and microbumps used in post-TSV processing. The Company's <NODE id="3259" />ALTUS systems<NODE id="3272" /> deposit highly conformal atomic layer films for tungsten metallization applications. Pulsed Nucleation Layer (PNL), its atomic layer deposition (ALD) technology, is used in the deposition of <NODE id="3464" />tungsten nitride films<NODE id="3486" /> to achieve high step coverage with reduced thickness relative to conventional <NODE id="3565" />barrier films<NODE id="3578" />. PNL is also used to reduce thickness and alter CVD bulk fill grain growth, lowering the overall resistivity of thin <NODE id="3696" />tungsten films<NODE id="3710" />. The ExtremeFill CVD tungsten technology provides extendibility to fill the structures at technology nodes. The <NODE id="3823" />ALTUS<NODE id="3828" /> product family's applications include tungsten plug and via fill, 3D NAND wordlines, low-stress composite interconnects, and <NODE id="3954" />tungsten nitride barrier<NODE id="3978" /> for via and contact metallization. The Company's <NODE id="4028" />VECTOR<NODE id="4034" /> family of <NODE id="4045" />PECVD<NODE id="4050" /> and <NODE id="4055" />ALD systems<NODE id="4066" /> delivers wafer-to-wafer uniformity. <NODE id="4103" />VECTOR<NODE id="4109" /> products include specialized systems for logic and memory applications with multiple platform options. <NODE id="4213" />VECTOR Express<NODE id="4227" /> offers a small footprint with around four processing stations. <NODE id="4291" />VECTOR Excel<NODE id="4303" /> is a modular tool for technology nodes where pre-and-post film deposition treatments are needed. <NODE id="4401" />VECTOR Extreme<NODE id="4415" /> accommodates up to 12 processing stations for high-throughput applications. <NODE id="4492" />VECTOR Q<NODE id="4500" /> accommodates up to 16 processing stations for depositing multi-stack films. The <NODE id="4581" />VECTOR<NODE id="4587" /> product family's applications include deposition of oxides, nitrides, and carbides for hardmasks; multiple <NODE id="4695" />patterning films<NODE id="4711" />; <NODE id="4713" />anti-reflective layers<NODE id="4735" />; <NODE id="4737" />multi-layer stack films<NODE id="4760" />, and <NODE id="4766" />diffusion barriers<NODE id="4784" />. The <NODE id="4790" />SPEED HDP-CVD products<NODE id="4812" /> provide void-free gap fill of <NODE id="4843" />dielectric films<NODE id="4859" />. The <NODE id="4865" />SPEED<NODE id="4870" /> Product Family's applications include <NODE id="4909" />shallow trench isolation (STI), pre-metal dielectrics<NODE id="4962" />, <NODE id="4964" />inter-layer dielectrics<NODE id="4987" />, <NODE id="4989" />inter-metal dielectrics<NODE id="5012" />, and <NODE id="5018" />passivation layers<NODE id="5036" />. The <NODE id="5042" />SOLA ultraviolet thermal processing (UVTP) product<NODE id="5092" /> family is used for the treatment of back-end-of-line (BEOL) <NODE id="5153" />low-k dielectric films<NODE id="5175" /> and front-end-of-line (FEOL) <NODE id="5205" />silicon nitride strained films<NODE id="5235" />. The systems incorporate a treatment process that modifies the physical characteristics of a deposited <NODE id="5339" />film<NODE id="5343" /> through exposure to ultraviolet light, gases and vapors, and heat. The Multi-Station Sequential Processing (MSSP) architecture allows independent control of temperature, wavelength, and intensity at each station of the wafer path. <NODE id="5575" />Plasma Etch<NODE id="5586" /> The <NODE id="5591" />Company<NODE id="5598" /> <NODE id="5599" />provides<NODE id="5607" /> <NODE id="5608" />Conductor Etch<NODE id="5622" />, including <NODE id="5634" />Kiyo<NODE id="5638" /> Product Family and <NODE id="5658" />Versys Metal<NODE id="5670" /> Product Family; <NODE id="5687" />Dielectric Etch<NODE id="5702" />, such as <NODE id="5712" />Flex<NODE id="5716" /> Product Family, and <NODE id="5737" />TSV Etch Syndion<NODE id="5753" /> Product Family. The <NODE id="5774" />Kiyo<NODE id="5778" /> product family delivers for conductor etch applications. In addition, <NODE id="5849" />Kiyo<NODE id="5853" /> systems can be configured to perform atomic layer etching (ALE), which delivers atomic-scale variability control to enable <NODE id="5977" />wafer<NODE id="5982" /> processing. The <NODE id="5999" />Kiyo<NODE id="6003" /> Product Family's applications include FinFET gate, fin definition, STI, high-k/metal gate and multiple patterning. The <NODE id="6123" />Versys metal<NODE id="6135" /> product family provides a flexible platform for BEOL metal etch processes. The <NODE id="6215" />Versys metal<NODE id="6227" /> product family's applications include <NODE id="6266" />metal hardmask<NODE id="6280" />, multiple patterning, <NODE id="6303" />high-density aluminum line<NODE id="6329" /> and <NODE id="6334" />aluminum pad<NODE id="6346" />. The <NODE id="6352" />Flex<NODE id="6356" /> product family offers technologies and application-focused capabilities for dielectric etch applications. Its systems has in situ multi-step etch and continuous plasma capability. The <NODE id="6541" />Flex<NODE id="6545" /> product family's applications include low-k and ultra low-k dual damascene, self-aligned contacts, capacitor cell, mask open, 3D NAND HAR hole, trench, and contact. Based on its production-proven conductor etch products, the <NODE id="6771" />Syndion TSV etch<NODE id="6787" /> family provides flexible solutions to address multiple TSV etch applications. The <NODE id="6870" />Syndion<NODE id="6877" /> products support both conventional single-step etch and rapidly alternating process (RAP). It offers <NODE id="6979" />Syndion<NODE id="6986" /> Product Family for <NODE id="7006" />metal-oxide-<NODE id="7018" />semiconductor<NODE id="7031" /> 3D IC<NODE id="7037" /> and <NODE id="7042" />image sensor<NODE id="7054" /> applications. Single-Wafer Clean The Company offers single-wafer clean during the <NODE id="7137" />semiconductor<NODE id="7150" /> manufacturing process, from device fabrication through packaging. Its single-wafer clean offerings include <NODE id="7258" />Wet Clean<NODE id="7267" />, including <NODE id="7279" />EOS<NODE id="7282" />, <NODE id="7284" />Da Vinci<NODE id="7292" />, <NODE id="7294" />DV-Prime<NODE id="7302" /> and <NODE id="7307" />SP Series<NODE id="7316" />, and <NODE id="7322" />Plasma Bevel Clean<NODE id="7340" />, including <NODE id="7352" />Coronus<NODE id="7359" /> Product Family. It is engaged in single-wafer wet processing. Its wet clean services' applications include particle, polymer, and residue removal; photoresist removal; and <NODE id="7532" />wafer<NODE id="7537" /> backside/bevel cleaning and film removal. Its wet clean systems are also used for multiple wet etch and clean applications for WLP, including silicon substrate thinning, <NODE id="7708" />wafer<NODE id="7713" /> stress relief, underbump metallization etch, and photoresist removal. The <NODE id="7788" />Coronus plasma-based bevel clean products<NODE id="7829" /> enhance die yield by removing particles, residues and unwanted films from the wafer's edge that can impact the device area. The <NODE id="7958" />Coronus<NODE id="7965" /> Product Family's system combines the ability of plasma to selectively remove a range of materials with a confinement technology that protects the die area. The <NODE id="8126" />Coronus<NODE id="8133" /> Product Family's applications include post-etch, pre- and post-deposition, pre-lithography, and metal film removal to prevent arcing during plasma etch or deposition steps. It also removes carbon-rich residues and films. Legacy Products The <NODE id="8375" />Company<NODE id="8382" /> provides refurbished and newly built legacy products for <NODE id="8440" />semiconductor<NODE id="8453" /> manufacturers. The <NODE id="8473" />Company<NODE id="8480" /> also provides solutions for the <NODE id="8513" />MEMS<NODE id="8517" /> and <NODE id="8522" />light emitting diode<NODE id="8542" /> (<NODE id="8544" />LED<NODE id="8547" />) markets. The <NODE id="8562" />Company<NODE id="8569" /> competes with <NODE id="8584" />Applied Materials, Inc.<NODE id="8607" />, <NODE id="8609" />ASM International<NODE id="8626" />, <NODE id="8628" />Wonik IPS<NODE id="8637" />, <NODE id="8639" />Tokyo Electron, Ltd.<NODE id="8659" />, <NODE id="8661" />Screen Holding Co., Ltd.<NODE id="8685" /> and <NODE id="8690" />Semes Co., Ltd.<NODE id="8705" /> » Full Overview of LRCX.OQ
</TEXT>
<Meta>
<feature featureName="id" featureValue="vico/f0a3cebe-aaa6-31c4-a982-6ca40f6bba2b" />
<feature featureName="source" featureValue="sensor_corpus" />
<feature featureName="lang" featureValue="en" />
<feature featureName="pubDate" featureValue="2016-01-27T14:24:51Z" />
<feature featureName="indexDate" featureValue="2016-07-13T12:06:39.038Z" />
<feature featureName="uri" featureValue="http://www.reuters.com/finance/stocks/companyProfile?symbol=LRCX.OQ" />
<feature featureName="solrEventType" featureValue="None" /></Meta><Entities>
<Entity id="0" startPos="17" endPos="41" type="organization" surface="Lam Research Corporation" />
<Entity id="1" startPos="43" endPos="55" type="organization" surface="Lam Research" />
<Entity id="2" startPos="98" endPos="106" type="trigger" surface="supplier" />
<Entity id="3" startPos="110" endPos="137" type="product" surface="wafer fabrication equipment" />
<Entity id="4" startPos="158" endPos="171" type="product" surface="semiconductor" />
<Entity id="5" startPos="186" endPos="193" type="organization" surface="Company" />
<Entity id="6" startPos="214" endPos="227" type="product" surface="semiconductor" />
<Entity id="7" startPos="351" endPos="362" type="product" surface="cell phones" />
<Entity id="8" startPos="364" endPos="373" type="product" surface="computers" />
<Entity id="9" startPos="375" endPos="382" type="product" surface="tablets" />
<Entity id="10" startPos="430" endPos="437" type="organization" surface="Company" />
<Entity id="11" startPos="524" endPos="531" type="organization" surface="Company" />
<Entity id="12" startPos="532" endPos="539" type="trigger" surface="designs" />
<Entity id="13" startPos="541" endPos="553" type="trigger" surface="manufactures" />
<Entity id="14" startPos="555" endPos="562" type="trigger" surface="markets" />
<Entity id="15" startPos="564" endPos="575" type="trigger" surface="refurbishes" />
<Entity id="16" startPos="581" endPos="589" type="trigger" surface="services" />
<Entity id="17" startPos="590" endPos="603" type="product" surface="semiconductor" />
<Entity id="18" startPos="590" endPos="622" type="product" surface="semiconductor processing systems" />
<Entity id="19" startPos="659" endPos="678" type="product" surface="integrated circuits" />
<Entity id="20" startPos="680" endPos="683" type="product" surface="ICs" />
<Entity id="21" startPos="690" endPos="697" type="organization" surface="Company" />
<Entity id="22" startPos="815" endPos="822" type="organization" surface="Company" />
<Entity id="23" startPos="848" endPos="861" type="product" surface="semiconductor" />
<Entity id="24" startPos="950" endPos="978" type="product" surface="dynamic random access memory" />
<Entity id="25" startPos="980" endPos="984" type="product" surface="DRAM" />
<Entity id="26" startPos="987" endPos="998" type="product" surface="NAND memory" />
<Entity id="27" startPos="1019" endPos="1032" type="product" surface="Semiconductor" />
<Entity id="28" startPos="1110" endPos="1113" type="product" surface="die" />
<Entity id="29" startPos="1117" endPos="1120" type="product" surface="ICs" />
<Entity id="30" startPos="1126" endPos="1131" type="product" surface="wafer" />
<Entity id="31" startPos="1137" endPos="1144" type="organization" surface="Company" />
<Entity id="32" startPos="1188" endPos="1193" type="product" surface="wafer" />
<Entity id="33" startPos="1278" endPos="1288" type="product" surface="transistor" />
<Entity id="34" startPos="1290" endPos="1299" type="product" surface="capacitor" />
<Entity id="35" startPos="1338" endPos="1345" type="organization" surface="Company" />
<Entity id="36" startPos="1479" endPos="1482" type="organization" surface="its" />
<Entity id="37" startPos="1537" endPos="1550" type="product" surface="semiconductor" />
<Entity id="38" startPos="1625" endPos="1656" type="product" surface="micro-electromechanical systems" />
<Entity id="39" startPos="1658" endPos="1662" type="product" surface="MEMS" />
<Entity id="40" startPos="1669" endPos="1676" type="organization" surface="Company" />
<Entity id="41" startPos="1811" endPos="1818" type="organization" surface="Company" />
<Entity id="42" startPos="1824" endPos="1832" type="trigger" surface="provider" />
<Entity id="43" startPos="1836" endPos="1847" type="product" surface="plasma etch" />
<Entity id="44" startPos="1908" endPos="1913" type="product" surface="wafer" />
<Entity id="45" startPos="1967" endPos="1974" type="organization" surface="Company" />
<Entity id="46" startPos="1974" endPos="1976" type="trigger" surface="'s" />
<Entity id="47" startPos="1977" endPos="1991" type="product" surface="wet spin clean" />
<Entity id="48" startPos="1996" endPos="2020" type="product" surface="plasma-based bevel clean" />
<Entity id="49" startPos="2021" endPos="2029" type="trigger" surface="products" />
<Entity id="50" startPos="2075" endPos="2080" type="product" surface="wafer" />
<Entity id="51" startPos="2150" endPos="2157" type="organization" surface="Company" />
<Entity id="52" startPos="2191" endPos="2209" type="product" surface="Copper Metal Films" />
<Entity id="53" startPos="2225" endPos="2230" type="product" surface="SABRE" />
<Entity id="54" startPos="2247" endPos="2267" type="product" surface="Tungsten Metal Films" />
<Entity id="55" startPos="2283" endPos="2288" type="product" surface="ALTUS" />
<Entity id="56" startPos="2305" endPos="2371" type="product" surface="plasma-enhanced chemical vapor deposition (PECVD) dielectric Films" />
<Entity id="57" startPos="2383" endPos="2389" type="product" surface="VECTOR" />
<Entity id="58" startPos="2406" endPos="2430" type="product" surface="Gapfill Dielectric Films" />
<Entity id="59" startPos="2440" endPos="2445" type="product" surface="SPEED" />
<Entity id="60" startPos="2492" endPos="2496" type="product" surface="SOLA" />
<Entity id="61" startPos="2517" endPos="2549" type="product" surface="SABRE electrochemical deposition" />
<Entity id="62" startPos="2551" endPos="2554" type="product" surface="ECD" />
<Entity id="63" startPos="2743" endPos="2746" type="product" surface="ICs" />
<Entity id="64" startPos="2751" endPos="2756" type="product" surface="wafer" />
<Entity id="65" startPos="2795" endPos="2798" type="product" surface="die" />
<Entity id="66" startPos="2852" endPos="2869" type="product" surface="SABRE ECD product" />
<Entity id="67" startPos="2977" endPos="3010" type="product" surface="SABRE third dimension (3D) system" />
<Entity id="68" startPos="3022" endPos="3041" type="product" surface="through-silicon via" />
<Entity id="69" startPos="3043" endPos="3046" type="product" surface="TSV" />
<Entity id="70" startPos="3259" endPos="3272" type="product" surface="ALTUS systems" />
<Entity id="71" startPos="3464" endPos="3486" type="product" surface="tungsten nitride films" />
<Entity id="72" startPos="3565" endPos="3578" type="product" surface="barrier films" />
<Entity id="73" startPos="3696" endPos="3710" type="product" surface="tungsten films" />
<Entity id="74" startPos="3823" endPos="3828" type="product" surface="ALTUS" />
<Entity id="75" startPos="3954" endPos="3978" type="product" surface="tungsten nitride barrier" />
<Entity id="76" startPos="4028" endPos="4034" type="product" surface="VECTOR" />
<Entity id="77" startPos="4045" endPos="4050" type="product" surface="PECVD" />
<Entity id="78" startPos="4055" endPos="4066" type="product" surface="ALD systems" />
<Entity id="79" startPos="4103" endPos="4109" type="product" surface="VECTOR" />
<Entity id="80" startPos="4213" endPos="4227" type="product" surface="VECTOR Express" />
<Entity id="81" startPos="4291" endPos="4303" type="product" surface="VECTOR Excel" />
<Entity id="82" startPos="4401" endPos="4415" type="product" surface="VECTOR Extreme" />
<Entity id="83" startPos="4492" endPos="4500" type="product" surface="VECTOR Q" />
<Entity id="84" startPos="4581" endPos="4587" type="product" surface="VECTOR" />
<Entity id="85" startPos="4695" endPos="4711" type="product" surface="patterning films" />
<Entity id="86" startPos="4713" endPos="4735" type="product" surface="anti-reflective layers" />
<Entity id="87" startPos="4737" endPos="4760" type="product" surface="multi-layer stack films" />
<Entity id="88" startPos="4766" endPos="4784" type="product" surface="diffusion barriers" />
<Entity id="89" startPos="4790" endPos="4812" type="product" surface="SPEED HDP-CVD products" />
<Entity id="90" startPos="4843" endPos="4859" type="product" surface="dielectric films" />
<Entity id="91" startPos="4865" endPos="4870" type="product" surface="SPEED" />
<Entity id="92" startPos="4909" endPos="4962" type="product" surface="shallow trench isolation (STI), pre-metal dielectrics" />
<Entity id="93" startPos="4964" endPos="4987" type="product" surface="inter-layer dielectrics" />
<Entity id="94" startPos="4989" endPos="5012" type="product" surface="inter-metal dielectrics" />
<Entity id="95" startPos="5018" endPos="5036" type="product" surface="passivation layers" />
<Entity id="96" startPos="5042" endPos="5092" type="product" surface="SOLA ultraviolet thermal processing (UVTP) product" />
<Entity id="97" startPos="5153" endPos="5175" type="product" surface="low-k dielectric films" />
<Entity id="98" startPos="5205" endPos="5235" type="product" surface="silicon nitride strained films" />
<Entity id="99" startPos="5339" endPos="5343" type="product" surface="film" />
<Entity id="100" startPos="5575" endPos="5586" type="product" surface="Plasma Etch" />
<Entity id="101" startPos="5591" endPos="5598" type="organization" surface="Company" />
<Entity id="102" startPos="5599" endPos="5607" type="trigger" surface="provides" />
<Entity id="103" startPos="5608" endPos="5622" type="product" surface="Conductor Etch" />
<Entity id="104" startPos="5634" endPos="5638" type="product" surface="Kiyo" />
<Entity id="105" startPos="5658" endPos="5670" type="product" surface="Versys Metal" />
<Entity id="106" startPos="5687" endPos="5702" type="product" surface="Dielectric Etch" />
<Entity id="107" startPos="5712" endPos="5716" type="product" surface="Flex" />
<Entity id="108" startPos="5737" endPos="5753" type="product" surface="TSV Etch Syndion" />
<Entity id="109" startPos="5774" endPos="5778" type="product" surface="Kiyo" />
<Entity id="110" startPos="5849" endPos="5853" type="product" surface="Kiyo" />
<Entity id="111" startPos="5977" endPos="5982" type="product" surface="wafer" />
<Entity id="112" startPos="5999" endPos="6003" type="product" surface="Kiyo" />
<Entity id="113" startPos="6123" endPos="6135" type="product" surface="Versys metal" />
<Entity id="114" startPos="6215" endPos="6227" type="product" surface="Versys metal" />
<Entity id="115" startPos="6266" endPos="6280" type="product" surface="metal hardmask" />
<Entity id="116" startPos="6303" endPos="6329" type="product" surface="high-density aluminum line" />
<Entity id="117" startPos="6334" endPos="6346" type="product" surface="aluminum pad" />
<Entity id="118" startPos="6352" endPos="6356" type="product" surface="Flex" />
<Entity id="119" startPos="6541" endPos="6545" type="product" surface="Flex" />
<Entity id="120" startPos="6771" endPos="6787" type="product" surface="Syndion TSV etch" />
<Entity id="121" startPos="6870" endPos="6877" type="product" surface="Syndion" />
<Entity id="122" startPos="6979" endPos="6986" type="product" surface="Syndion" />
<Entity id="123" startPos="7006" endPos="7037" type="product" surface="metal-oxide-semiconductor 3D IC" />
<Entity id="124" startPos="7018" endPos="7031" type="product" surface="semiconductor" />
<Entity id="125" startPos="7042" endPos="7054" type="product" surface="image sensor" />
<Entity id="126" startPos="7137" endPos="7150" type="product" surface="semiconductor" />
<Entity id="127" startPos="7258" endPos="7267" type="product" surface="Wet Clean" />
<Entity id="128" startPos="7279" endPos="7282" type="product" surface="EOS" />
<Entity id="129" startPos="7284" endPos="7292" type="product" surface="Da Vinci" />
<Entity id="130" startPos="7294" endPos="7302" type="product" surface="DV-Prime" />
<Entity id="131" startPos="7307" endPos="7316" type="product" surface="SP Series" />
<Entity id="132" startPos="7322" endPos="7340" type="product" surface="Plasma Bevel Clean" />
<Entity id="133" startPos="7352" endPos="7359" type="product" surface="Coronus" />
<Entity id="134" startPos="7532" endPos="7537" type="product" surface="wafer" />
<Entity id="135" startPos="7708" endPos="7713" type="product" surface="wafer" />
<Entity id="136" startPos="7788" endPos="7829" type="product" surface="Coronus plasma-based bevel clean products" />
<Entity id="137" startPos="7958" endPos="7965" type="product" surface="Coronus" />
<Entity id="138" startPos="8126" endPos="8133" type="product" surface="Coronus" />
<Entity id="139" startPos="8375" endPos="8382" type="organization" surface="Company" />
<Entity id="140" startPos="8440" endPos="8453" type="product" surface="semiconductor" />
<Entity id="141" startPos="8473" endPos="8480" type="organization" surface="Company" />
<Entity id="142" startPos="8513" endPos="8517" type="product" surface="MEMS" />
<Entity id="143" startPos="8522" endPos="8542" type="product" surface="light emitting diode" />
<Entity id="144" startPos="8544" endPos="8547" type="product" surface="LED" />
<Entity id="145" startPos="8562" endPos="8569" type="organization" surface="Company" />
<Entity id="146" startPos="8584" endPos="8607" type="organization" surface="Applied Materials, Inc." />
<Entity id="147" startPos="8609" endPos="8626" type="organization" surface="ASM International" />
<Entity id="148" startPos="8628" endPos="8637" type="organization" surface="Wonik IPS" />
<Entity id="149" startPos="8639" endPos="8659" type="organization" surface="Tokyo Electron, Ltd." />
<Entity id="150" startPos="8661" endPos="8685" type="organization" surface="Screen Holding Co., Ltd." />
<Entity id="151" startPos="8690" endPos="8705" type="organization" surface="Semes Co., Ltd." /></Entities><Relations>
<Relation id="152" NAME="CompanyProvidesProduct">
<Entity id="4" label="product" />
<Entity id="3" label="product" />
<Entity id="0" label="company" />
<Entity id="2" label="trigger" />
</Relation>
<Relation id="153" NAME="CompanyProvidesProduct">
<Entity id="18" label="product" />
<Entity id="11" label="company" />
<Entity id="16" label="trigger" />
<Entity id="14" label="trigger" />
<Entity id="15" label="trigger" />
<Entity id="13" label="trigger" />
<Entity id="12" label="trigger" />
</Relation>
<Relation id="154" NAME="CompanyProvidesProduct">
<Entity id="43" label="product" />
<Entity id="41" label="company" />
<Entity id="42" label="trigger" />
</Relation>
<Relation id="155" NAME="CompanyProvidesProduct">
<Entity id="48" label="product" />
<Entity id="47" label="product" />
<Entity id="45" label="company" />
<Entity id="49" label="trigger" />
<Entity id="46" label="trigger" />
</Relation>
<Relation id="156" NAME="CompanyProvidesProduct">
<Entity id="103" label="product" />
<Entity id="101" label="company" />
<Entity id="102" label="trigger" />
</Relation>
<Relation id="157" NAME="identity">
<Entity id="0" label="source" />
<Entity id="31" label="target" />
<Entity id="45" label="target" />
<Entity id="51" label="target" />
<Entity id="22" label="target" />
<Entity id="1" label="target" />
<Entity id="5" label="target" />
<Entity id="11" label="target" />
<Entity id="40" label="target" />
<Entity id="36" label="target" />
<Entity id="10" label="target" />
<Entity id="35" label="target" />
<Entity id="21" label="target" />
<Entity id="41" label="target" />
</Relation>
<Relation id="158" NAME="identity">
<Entity id="4" label="source" />
<Entity id="124" label="target" />
<Entity id="27" label="target" />
<Entity id="126" label="target" />
<Entity id="140" label="target" />
<Entity id="23" label="target" />
<Entity id="6" label="target" />
<Entity id="17" label="target" />
</Relation>
<Relation id="159" NAME="identity">
<Entity id="30" label="source" />
<Entity id="135" label="target" />
<Entity id="64" label="target" />
</Relation></Relations>
</Document>
