<?xml version="1.0" encoding="UTF-8"?>
<Document>
<TEXT><NODE id="0" />SpatialNews<NODE id="11" /> Daily Newswire! Subscribe now! <NODE id="43" />SpatialNews.com<NODE id="58" /> Press Release <NODE id="73" />Bluesky<NODE id="80" /> <NODE id="81" />Aerial Laser Survey<NODE id="100" /> Answers National Trust Landscape Questions Printer Friendly An <NODE id="164" />aerial laser survey<NODE id="183" /> is helping the UK's National Trust create a 3D map of historically important details of a Grade I listed park in Gloucestershire, England. <NODE id="323" />Bluesky<NODE id="330" /> <NODE id="331" />conducted<NODE id="340" /> the <NODE id="345" />LiDAR survey<NODE id="357" /> to help the National Trust gain a better understanding of the significance of the extensive park and gardens at Lodge Park in Sherborne. Specifically, the Trust was keen to understand and highlight the significance of the work of English landscape designer, Charles Bridgeman, and the park's heritage and ecological values. Charles Bridgeman was a renowned landscape designer and redesigned the parkland at Lodge Park in 1726. It is thought the Lodge Park plan is the only surviving copy of one of Bridgeman's working drawings, making it immensely important and significant. Bridgeman's proposals for Lodge Park included planting of the Great Avenue, a grand serpentine canal, as well as several 'theatres' of trees. However, despite explicit instructions in Sir John Dutton's will of 1742, it would appear that many elements of Bridgeman's plan were not implemented. Historic map evidence has been somewhat inconclusive in determining what of Bridgeman's landscape features were in fact implemented and still remain, commented Wendy Stott, Consultancy Manager - Historic Environment, for the National Trust. Post war <NODE id="1476" />aerial photographs<NODE id="1494" /> similarly record tantalising glimpses of surviving 'lumps and bumps'. However, the <NODE id="1578" />LiDAR survey<NODE id="1590" /> <NODE id="1591" />by<NODE id="1593" /> <NODE id="1594" />Bluesky<NODE id="1601" /> has proved to be most telling of all. In support of a specially commissioned National Trust Conservation and Management Action Plan, the <NODE id="1739" />LiDAR survey<NODE id="1751" /> of Lodge Park has revealed an unexpected level of detail. Remnants predating Bridgeman's work have been confirmed, including a Neolithic Long Barrow and early parish and other field boundaries, as well as lost features within the park. The <NODE id="1992" />LiDAR survey<NODE id="2004" /> has also been able to confirm where Bridgeman's plans were modified, including a reduction in size of a central 'bastion' viewpoint to the west of the Lodge. These initial stages, including the <NODE id="2199" />LiDAR survey<NODE id="2211" />, have been principally about understanding and analysing the remains of the designed landscape, continued Wendy. The next stage will involve balancing these discoveries and agreeing priorities for future management and restoration of this rare and highly significant parkland landscape. Lodge Park is one of two parks at Sherborne, Gloucestershire, and is a significant element in the National Trust's Sherborne Estate. It is listed as Grade I on the Register of Parks and Gardens of Special Interest in England and forms part of the National Heritage List. Lodge Park is famous for its mile-long Paddock Course, laid out by John 'Crump' Dutton in the 17th Century and the landscaping of soon to be Royal Gardener Charles Bridgeman. Credit is given to Christopher Gallagher and Sarah Rutherford authors of Lodge Park Conservation Management Plan. In order to capture highly accurate <NODE id="3095" />LiDAR<NODE id="3100" /> (<NODE id="3102" />Light Detection and Ranging<NODE id="3129" />) data a <NODE id="3138" />survey<NODE id="3144" /> aircraft<NODE id="3153" /> equipped with a system of lasers is used. Lasers are transmitted to the ground and the time taken for the beam to be bounced back to the aircraft-mounted <NODE id="3308" />receivers<NODE id="3317" /> is recorded. Using the known position of the <NODE id="3363" />aircraft<NODE id="3371" /> (derived from on-board satellite positioning equipment), the time taken for the return of the laser beam and the known value of the speed of light, the distance between the <NODE id="3545" />aircraft<NODE id="3553" /> and ground is calculated. Readings can also be taken to determine the height of buildings, vegetation and other surface structures such as above ground pipelines, highways, street furniture, power lines and railway tracks. <NODE id="3777" />Bluesky<NODE id="3784" /> is a UK-based <NODE id="3799" />specialist<NODE id="3809" /> in <NODE id="3813" />aerial survey<NODE id="3826" /> including aerial photography, <NODE id="3857" />LiDAR<NODE id="3862" /> and thermal data using the very latest <NODE id="3902" />survey<NODE id="3908" /> technology, including two <NODE id="3935" />UltraCam Eagles<NODE id="3950" /> and an <NODE id="3958" />Orion M300 <NODE id="3969" />LiDAR<NODE id="3974" /> system<NODE id="3981" />. An internationally recognised leader with projects extending around the globe, <NODE id="4062" />Bluesky<NODE id="4069" /> is proud to work with prestigious organisations such as <NODE id="4126" />Google<NODE id="4132" />, the <NODE id="4138" />BBC<NODE id="4141" /> and Government Agencies. <NODE id="4167" />Bluesky<NODE id="4174" /> has unrivalled expertise in the <NODE id="4207" />creation<NODE id="4215" /> of seamless, <NODE id="4229" />digital aerial photography<NODE id="4255" /> and <NODE id="4260" />maintains<NODE id="4269" /> national off the shelf coverage of <NODE id="4305" />aerial photography<NODE id="4323" />, <NODE id="4325" />DTM<NODE id="4328" /> and <NODE id="4333" />DSM<NODE id="4336" /> through an on-going three-year update programme. By purchasing a world first <NODE id="4414" />sensor<NODE id="4420" /> for the simultaneous capture of <NODE id="4453" />LiDAR<NODE id="4458" />, Thermal and Aerial Photography data, <NODE id="4497" />Bluesky<NODE id="4504" /> is in the enviable position of being able to provide customers with unique and cost effective solutions. <NODE id="4610" />Bluesky<NODE id="4617" /> is also leading the way in <NODE id="4645" />developing<NODE id="4655" /> innovative solutions for environmental applications, including the UK's first <NODE id="4734" />National Tree Map<NODE id="4751" /> (<NODE id="4753" />NTM<NODE id="4756" />), <NODE id="4759" />solar mapping<NODE id="4772" /> and <NODE id="4777" />citywide 'heat loss' maps<NODE id="4802" />, and is currently <NODE id="4821" />developing<NODE id="4831" /> <NODE id="4832" />noise<NODE id="4837" /> and <NODE id="4842" />air quality mapping<NODE id="4861" /> products. www.bluesky-world.com Search <NODE id="4901" />GeoCommunity<NODE id="4913" /> for Related Items Search <NODE id="4939" />Google<NODE id="4945" /> for Related Stories Today's News Copyright 1995-2014 <NODE id="4999" />MindSites Group<NODE id="5014" /> / Privacy Policy <NODE id="5032" />GeoCommunity<NODE id="5044" />, <NODE id="5047" />Wireless Developer Network<NODE id="5073" />, <NODE id="5076" />GIS Data Depot®<NODE id="5091" />, and <NODE id="5097" />Spatial News<NODE id="5109" /> including all logos and other service marks are registered trademarks and trade communities of <NODE id="5206" />MindSites Group<NODE id="5221" />
</TEXT>
<Meta>
<feature featureName="id" featureValue="vico/9ce8fcb0-8852-37c1-af94-f883c3330426" />
<feature featureName="source" featureValue="sensor_corpus" />
<feature featureName="lang" featureValue="en" />
<feature featureName="pubDate" featureValue="2016-02-11T04:04:13Z" />
<feature featureName="indexDate" featureValue="2016-07-13T11:34:39.462Z" />
<feature featureName="uri" featureValue="http://spatialnews.geocomm.com/dailynews/2016/feb/10/news3.html" />
<feature featureName="solrEventType" featureValue="None" /></Meta><Entities>
<Entity id="0" startPos="0" endPos="11" type="organization" surface="SpatialNews" />
<Entity id="1" startPos="43" endPos="58" type="organization" surface="SpatialNews.com" />
<Entity id="2" startPos="73" endPos="80" type="organization" surface="Bluesky" />
<Entity id="3" startPos="81" endPos="100" type="product" surface="Aerial Laser Survey" />
<Entity id="4" startPos="164" endPos="183" type="product" surface="aerial laser survey" />
<Entity id="5" startPos="323" endPos="330" type="organization" surface="Bluesky" />
<Entity id="6" startPos="331" endPos="340" type="trigger" surface="conducted" />
<Entity id="7" startPos="345" endPos="357" type="product" surface="LiDAR survey" />
<Entity id="8" startPos="1476" endPos="1494" type="product" surface="aerial photographs" />
<Entity id="9" startPos="1578" endPos="1590" type="product" surface="LiDAR survey" />
<Entity id="10" startPos="1591" endPos="1593" type="trigger" surface="by" />
<Entity id="11" startPos="1594" endPos="1601" type="organization" surface="Bluesky" />
<Entity id="12" startPos="1739" endPos="1751" type="product" surface="LiDAR survey" />
<Entity id="13" startPos="1992" endPos="2004" type="product" surface="LiDAR survey" />
<Entity id="14" startPos="2199" endPos="2211" type="product" surface="LiDAR survey" />
<Entity id="15" startPos="3095" endPos="3100" type="product" surface="LiDAR" />
<Entity id="16" startPos="3102" endPos="3129" type="product" surface="Light Detection and Ranging" />
<Entity id="17" startPos="3138" endPos="3144" type="product" surface="survey" />
<Entity id="18" startPos="3138" endPos="3153" type="product" surface="survey aircraft" />
<Entity id="19" startPos="3308" endPos="3317" type="product" surface="receivers" />
<Entity id="20" startPos="3363" endPos="3371" type="product" surface="aircraft" />
<Entity id="21" startPos="3545" endPos="3553" type="product" surface="aircraft" />
<Entity id="22" startPos="3777" endPos="3784" type="organization" surface="Bluesky" />
<Entity id="23" startPos="3799" endPos="3809" type="trigger" surface="specialist" />
<Entity id="24" startPos="3813" endPos="3826" type="product" surface="aerial survey" />
<Entity id="25" startPos="3857" endPos="3862" type="product" surface="LiDAR" />
<Entity id="26" startPos="3902" endPos="3908" type="product" surface="survey" />
<Entity id="27" startPos="3935" endPos="3950" type="product" surface="UltraCam Eagles" />
<Entity id="28" startPos="3958" endPos="3981" type="product" surface="Orion M300 LiDAR system" />
<Entity id="29" startPos="3969" endPos="3974" type="product" surface="LiDAR" />
<Entity id="30" startPos="4062" endPos="4069" type="organization" surface="Bluesky" />
<Entity id="31" startPos="4126" endPos="4132" type="organization" surface="Google" />
<Entity id="32" startPos="4138" endPos="4141" type="organization" surface="BBC" />
<Entity id="33" startPos="4167" endPos="4174" type="organization" surface="Bluesky" />
<Entity id="34" startPos="4207" endPos="4215" type="trigger" surface="creation" />
<Entity id="35" startPos="4229" endPos="4255" type="product" surface="digital aerial photography" />
<Entity id="36" startPos="4260" endPos="4269" type="trigger" surface="maintains" />
<Entity id="37" startPos="4305" endPos="4323" type="product" surface="aerial photography" />
<Entity id="38" startPos="4325" endPos="4328" type="product" surface="DTM" />
<Entity id="39" startPos="4333" endPos="4336" type="product" surface="DSM" />
<Entity id="40" startPos="4414" endPos="4420" type="product" surface="sensor" />
<Entity id="41" startPos="4453" endPos="4458" type="product" surface="LiDAR" />
<Entity id="42" startPos="4497" endPos="4504" type="organization" surface="Bluesky" />
<Entity id="43" startPos="4610" endPos="4617" type="organization" surface="Bluesky" />
<Entity id="44" startPos="4645" endPos="4655" type="trigger" surface="developing" />
<Entity id="45" startPos="4734" endPos="4751" type="product" surface="National Tree Map" />
<Entity id="46" startPos="4753" endPos="4756" type="product" surface="NTM" />
<Entity id="47" startPos="4759" endPos="4772" type="product" surface="solar mapping" />
<Entity id="48" startPos="4777" endPos="4802" type="product" surface="citywide 'heat loss' maps" />
<Entity id="49" startPos="4821" endPos="4831" type="trigger" surface="developing" />
<Entity id="50" startPos="4832" endPos="4837" type="product" surface="noise" />
<Entity id="51" startPos="4842" endPos="4861" type="product" surface="air quality mapping" />
<Entity id="52" startPos="4901" endPos="4913" type="organization" surface="GeoCommunity" />
<Entity id="53" startPos="4939" endPos="4945" type="organization" surface="Google" />
<Entity id="54" startPos="4999" endPos="5014" type="organization" surface="MindSites Group" />
<Entity id="55" startPos="5032" endPos="5044" type="organization" surface="GeoCommunity" />
<Entity id="56" startPos="5047" endPos="5073" type="organization" surface="Wireless Developer Network" />
<Entity id="57" startPos="5076" endPos="5091" type="organization" surface="GIS Data Depot®" />
<Entity id="58" startPos="5097" endPos="5109" type="organization" surface="Spatial News" />
<Entity id="59" startPos="5206" endPos="5221" type="organization" surface="MindSites Group" /></Entities><Relations>
<Relation id="60" NAME="CompanyProvidesProduct">
<Entity id="7" label="product" />
<Entity id="5" label="company" />
<Entity id="6" label="trigger" />
</Relation>
<Relation id="61" NAME="CompanyProvidesProduct">
<Entity id="9" label="product" />
<Entity id="11" label="company" />
<Entity id="10" label="trigger" />
</Relation>
<Relation id="62" NAME="CompanyProvidesProduct">
<Entity id="24" label="product" />
<Entity id="22" label="company" />
<Entity id="23" label="trigger" />
</Relation>
<Relation id="63" NAME="CompanyProvidesProduct">
<Entity id="35" label="product" />
<Entity id="33" label="company" />
<Entity id="34" label="trigger" />
</Relation>
<Relation id="64" NAME="CompanyProvidesProduct">
<Entity id="38" label="product" />
<Entity id="39" label="product" />
<Entity id="37" label="product" />
<Entity id="33" label="company" />
<Entity id="36" label="trigger" />
</Relation>
<Relation id="65" NAME="CompanyProvidesProduct">
<Entity id="50" label="product" />
<Entity id="51" label="product" />
<Entity id="43" label="company" />
<Entity id="49" label="trigger" />
</Relation>
<Relation id="66" NAME="CompanyProvidesProduct">
<Entity id="45" label="product" />
<Entity id="48" label="product" />
<Entity id="47" label="product" />
<Entity id="43" label="company" />
<Entity id="44" label="trigger" />
</Relation>
<Relation id="67" NAME="CompanyProvidesProduct">
<Entity id="45" label="source" />
<Entity id="46" label="target" />
</Relation>
<Relation id="68" NAME="CompanyRelationship">
<Entity id="59" label="parent" />
<Entity id="57" label="child" />
<Entity id="56" label="child" />
<Entity id="55" label="child" />
<Entity id="58" label="child" />
</Relation>
<Relation id="69" NAME="Identity">
<Entity id="3" label="source" />
<Entity id="16" label="target" />
<Entity id="41" label="target" />
<Entity id="14" label="target" />
<Entity id="26" label="target" />
<Entity id="12" label="target" />
<Entity id="9" label="target" />
<Entity id="4" label="target" />
<Entity id="29" label="target" />
<Entity id="24" label="target" />
<Entity id="13" label="target" />
<Entity id="25" label="target" />
<Entity id="17" label="target" />
<Entity id="15" label="target" />
<Entity id="7" label="target" />
</Relation>
<Relation id="70" NAME="Identity">
<Entity id="5" label="source" />
<Entity id="30" label="target" />
<Entity id="33" label="target" />
<Entity id="11" label="target" />
<Entity id="42" label="target" />
<Entity id="22" label="target" />
<Entity id="43" label="target" />
</Relation>
<Relation id="71" NAME="Identity">
<Entity id="18" label="source" />
<Entity id="21" label="target" />
<Entity id="20" label="target" />
</Relation>
<Relation id="72" NAME="Identity">
<Entity id="31" label="source" />
<Entity id="53" label="target" />
</Relation>
<Relation id="73" NAME="Identity">
<Entity id="52" label="source" />
<Entity id="55" label="target" />
</Relation>
<Relation id="74" NAME="Identity">
<Entity id="54" label="source" />
<Entity id="59" label="target" />
</Relation>
<Relation id="75" NAME="identity">
<Entity id="8" label="source" />
<Entity id="35" label="target" />
<Entity id="37" label="target" />
</Relation></Relations>
</Document>
