<?xml version="1.0" encoding="UTF-8"?>
<Document>
<TEXT><NODE id="0" />Jefferies Group<NODE id="15" /> Reaffirms Buy Rating for <NODE id="41" />Textron Inc.<NODE id="53" /> (<NODE id="55" />TXT<NODE id="58" />) Filed Under: Market News <NODE id="85" />Textron Inc.<NODE id="97" /> (<NODE id="99" />NYSE<NODE id="103" />:<NODE id="104" />TXT<NODE id="107" />) ‘s stock had <NODE id="122" />its<NODE id="125" /> buy rating restated by research analysts at <NODE id="170" />Jefferies Group<NODE id="185" /> in a note issued to investors on Thursday, <NODE id="229" />AnalystRatingsNetwork.com<NODE id="254" /> reports. <NODE id="264" />Textron<NODE id="271" /> ( <NODE id="274" />NYSE<NODE id="278" />:<NODE id="279" />TXT<NODE id="282" /> ) traded up 1.88% during trading on Thursday, reaching $34.22. The <NODE id="350" />company<NODE id="357" />'s stock had a trading volume of 4,391,534 shares. The <NODE id="412" />company<NODE id="419" />'s 50 day moving average price is $39.70 and its 200 day moving average price is $40.79. <NODE id="508" />Textron<NODE id="515" /> has a 52 week low of $32.20 and a 52 week high of $46.93. The <NODE id="578" />company<NODE id="585" /> has a market cap of $9.36 billion and a P/E ratio of 14.01. <NODE id="646" />Textron<NODE id="653" /> (<NODE id="655" />NYSE<NODE id="659" />:<NODE id="660" />TXT<NODE id="663" />) last issued <NODE id="677" />its<NODE id="680" /> earnings results on Wednesday, January 27th. The <NODE id="730" />company<NODE id="737" /> reported $0.81 EPS for the quarter, missing the consensus estimate of $0.83 by $0.02. The <NODE id="828" />business<NODE id="836" /> had revenue of $3.92 billion for the quarter, compared to the consensus estimate of $4.23 billion. During the same period last year, the <NODE id="974" />firm<NODE id="978" /> earned $0.76 EPS. The <NODE id="1001" />business<NODE id="1009" />'s revenue was down 4.2% on a year-over-year basis. On average, equities analysts anticipate that <NODE id="1107" />Textron<NODE id="1114" /> will post $2.87 earnings per share for the current fiscal year. In related news, VP Cheryl H. Johnson sold 2,121 shares of the <NODE id="1242" />company<NODE id="1249" />'s stock in a transaction on Monday, November 2nd. The shares were sold at an average price of $42.37, for a total value of $89,866.77. Following the completion of the transaction, the vice president now directly owns 28,681 shares of the <NODE id="1488" />company<NODE id="1495" />'s stock, valued at approximately $1,215,213.97. The sale was disclosed in a document filed with the <NODE id="1596" />SEC<NODE id="1599" />, which is available through the <NODE id="1632" />SEC<NODE id="1635" /> website . Several other analysts have also recently commented on <NODE id="1701" />TXT<NODE id="1704" />. <NODE id="1706" />Zacks Investment Research<NODE id="1731" /> cut shares of <NODE id="1746" />Textron<NODE id="1753" /> from a hold rating to a sell rating in a research report on Wednesday, October 14th. <NODE id="1839" />Barclays<NODE id="1847" /> dropped <NODE id="1856" />their<NODE id="1861" /> target price on shares of <NODE id="1888" />Textron<NODE id="1895" /> from $56.00 to $54.00 and set an overweight rating for the <NODE id="1955" />company<NODE id="1962" /> in a research report on Wednesday, October 28th. <NODE id="2012" />JPMorgan Chase &amp; Co.<NODE id="2032" /> dropped <NODE id="2041" />their<NODE id="2046" /> target price on shares of <NODE id="2073" />Textron<NODE id="2080" /> to $50.00 and set a neutral rating for the <NODE id="2124" />company<NODE id="2131" /> in a research report on Wednesday, October 28th. <NODE id="2181" />Cowen and Company<NODE id="2198" /> reiterated an outperform rating and set a $53.00 target price (up previously from $52.00) on shares of <NODE id="2302" />Textron<NODE id="2309" /> in a research report on Thursday, December 10th. Finally, <NODE id="2368" />Credit Suisse<NODE id="2381" /> upped <NODE id="2388" />their<NODE id="2393" /> target price on shares of <NODE id="2420" />Textron<NODE id="2427" /> from $47.00 to $50.00 and gave the <NODE id="2463" />company<NODE id="2470" /> an outperform rating in a research report on Monday, December 14th. One analyst has rated the stock with a sell rating, two have assigned a hold rating, nine have assigned a buy rating and one has issued a strong buy rating to the stock. The <NODE id="2713" />company<NODE id="2720" /> has a consensus rating of Buy and an average price target of $49.62. Other institutional investors recently made changes to their positions in the <NODE id="2868" />company<NODE id="2875" />. <NODE id="2877" />Sumitomo Mitsui Asset Management Company LTD<NODE id="2921" /> raised <NODE id="2929" />its<NODE id="2932" /> position in shares of <NODE id="2955" />Textron<NODE id="2962" /> by 0.4% in the fourth quarter. <NODE id="2994" />Sumitomo Mitsui Asset Management Company LTD<NODE id="3038" /> now owns 20,747 shares of the <NODE id="3069" />company<NODE id="3076" />'s stock worth $871,000 after buying an additional 89 shares during the last quarter. <NODE id="3162" />FirstMerit Bank<NODE id="3177" /> raised <NODE id="3185" />its<NODE id="3188" /> position in shares of <NODE id="3211" />Textron<NODE id="3218" /> by 2.5% in the fourth quarter. <NODE id="3250" />FirstMerit Bank<NODE id="3265" /> now owns 8,200 shares of the <NODE id="3295" />company<NODE id="3302" />'s stock worth $344,000 after buying an additional 200 shares during the last quarter. <NODE id="3389" />Oregon Public Employees Retirement Fund<NODE id="3428" /> raised <NODE id="3436" />its<NODE id="3439" /> position in shares of <NODE id="3462" />Textron<NODE id="3469" /> by 0.4% in the fourth quarter. <NODE id="3501" />Oregon Public Employees Retirement Fund<NODE id="3540" /> now owns 50,904 shares of the <NODE id="3571" />company<NODE id="3578" />'s stock worth $2,138,000 after buying an additional 200 shares during the last quarter. <NODE id="3667" />Bank of The West<NODE id="3683" /> raised <NODE id="3691" />its<NODE id="3694" /> position in shares of <NODE id="3717" />Textron<NODE id="3724" /> by 15.2% in the fourth quarter. <NODE id="3757" />Bank of The West<NODE id="3773" /> now owns 23,292 shares of the <NODE id="3804" />company<NODE id="3811" />'s stock worth $978,000 after buying an additional 3,069 shares during the last quarter. Finally, <NODE id="3909" />CIBC World Markets<NODE id="3927" /> raised <NODE id="3935" />its<NODE id="3938" /> position in shares of <NODE id="3961" />Textron<NODE id="3968" /> by 63.0% in the fourth quarter. <NODE id="4001" />CIBC World Markets<NODE id="4019" /> now owns 10,711 shares of the <NODE id="4050" />company<NODE id="4057" />'s stock worth $450,000 after buying an additional 4,138 shares during the last quarter. <NODE id="4146" />Textron Inc.<NODE id="4158" /> is a multi-industry company <NODE id="4187" />engaged<NODE id="4194" /> in <NODE id="4198" />aircraft<NODE id="4206" />, <NODE id="4208" />defense<NODE id="4215" />, <NODE id="4217" />industrial<NODE id="4227" /> and <NODE id="4232" />finance<NODE id="4239" /> <NODE id="4240" />businesses<NODE id="4250" /> to provide customers with products and services worldwide. <NODE id="4310" />It<NODE id="4312" /> operates in five segments: <NODE id="4340" />Textron Aviation<NODE id="4356" />, <NODE id="4358" />Bell<NODE id="4362" />, <NODE id="4364" />Textron Systems<NODE id="4379" />, Industrial and Finance. <NODE id="4405" />Textron Aviation<NODE id="4421" /> <NODE id="4422" />manufactures<NODE id="4434" />, <NODE id="4436" />sells<NODE id="4441" /> and <NODE id="4446" />services<NODE id="4454" /> <NODE id="4455" />Beechcraft<NODE id="4465" /> and <NODE id="4470" />Cessna aircraft<NODE id="4485" />, and services the <NODE id="4504" />Hawker<NODE id="4510" /> brand of business jets. <NODE id="4535" />Bell <NODE id="4540" />Helicopter<NODE id="4550" /> is a <NODE id="4556" />supplier<NODE id="4564" /> of <NODE id="4568" />military<NODE id="4576" /> and <NODE id="4581" />commercial helicopters<NODE id="4603" />, <NODE id="4605" />tiltrotor aircraft<NODE id="4623" />, and <NODE id="4629" />related spare parts<NODE id="4648" /> and <NODE id="4653" />services<NODE id="4661" /> in the world. <NODE id="4676" />Textron Systems<NODE id="4691" />’ <NODE id="4693" />product lines<NODE id="4706" /> consist of <NODE id="4718" />unmanned aircraft systems<NODE id="4743" />, <NODE id="4745" />marine<NODE id="4751" /> and <NODE id="4756" />land systems<NODE id="4768" />, <NODE id="4770" />weapons<NODE id="4777" /> and <NODE id="4782" />sensors<NODE id="4789" />, <NODE id="4791" />simulation<NODE id="4801" />, <NODE id="4803" />training<NODE id="4811" /> and other <NODE id="4822" />defense<NODE id="4829" /> and <NODE id="4834" />aviation mission support<NODE id="4858" /> <NODE id="4859" />products<NODE id="4867" /> and <NODE id="4872" />services<NODE id="4880" />. The Industrial segment designs and manufactures a range of products under three principal product lines. The Finance segment provides financing primarily to purchasers of new and pre-owned <NODE id="5071" />Textron Aviation<NODE id="5087" /> aircraft<NODE id="5096" /> and <NODE id="5101" />Bell<NODE id="5105" /> helicopters<NODE id="5117" />. This story was originally published by <NODE id="5158" />American Banking News<NODE id="5179" /> (http://www.americanbankingnews.com) and is the sole property of <NODE id="5245" />American Banking News<NODE id="5266" />. If you are reading this article on another website, that means this article was illegally copied and re-published to this website in violation of U.S. and International copyright law. You can view the original version of this story at http://www.americanbankingnews.com/2016/01/29/jefferies-group-reaffirms-buy-rating-for-textron-inc-txt/ Receive News &amp; Ratings for <NODE id="5634" />Textron Inc.<NODE id="5646" /> Daily - Enter your email address below to receive a concise daily summary of the latest news and analysts' ratings for <NODE id="5766" />Textron Inc.<NODE id="5778" /> and related companies with <NODE id="5806" />MarketBeat.com<NODE id="5820" />'s FREE daily email newsletter . Leave a Reply Click here to cancel reply.
</TEXT>
<Meta>
<feature featureName="id" featureValue="vico/b7d656e7-cb1b-34ec-841c-ded80b5288a7" />
<feature featureName="source" featureValue="sensor_corpus" />
<feature featureName="lang" featureValue="en" />
<feature featureName="pubDate" featureValue="2016-01-30T17:28:43Z" />
<feature featureName="indexDate" featureValue="2016-07-13T11:45:03.825Z" />
<feature featureName="uri" featureValue="http://www.americanbankingnews.com/2016/01/29/jefferies-group-reaffirms-buy-rating-for-textron-inc-txt/?utm_source=feedburner&amp;utm_medium=feed&amp;utm_campaign=Feed%3A+AmericanBankingNews+%28American+Banking+News%29" />
<feature featureName="solrEventType" featureValue="None" /></Meta><Entities>
<Entity id="0" startPos="0" endPos="15" type="organization" surface="Jefferies Group" />
<Entity id="1" startPos="41" endPos="53" type="organization" surface="Textron Inc." />
<Entity id="2" startPos="55" endPos="58" type="organization" surface="TXT" />
<Entity id="3" startPos="85" endPos="97" type="organization" surface="Textron Inc." />
<Entity id="4" startPos="99" endPos="103" type="organization" surface="NYSE" />
<Entity id="5" startPos="104" endPos="107" type="organization" surface="TXT" />
<Entity id="6" startPos="122" endPos="125" type="organization" surface="its" />
<Entity id="7" startPos="170" endPos="185" type="organization" surface="Jefferies Group" />
<Entity id="8" startPos="229" endPos="254" type="organization" surface="AnalystRatingsNetwork.com" />
<Entity id="9" startPos="264" endPos="271" type="organization" surface="Textron" />
<Entity id="10" startPos="274" endPos="278" type="organization" surface="NYSE" />
<Entity id="11" startPos="279" endPos="282" type="organization" surface="TXT" />
<Entity id="12" startPos="350" endPos="357" type="organization" surface="company" />
<Entity id="13" startPos="412" endPos="419" type="organization" surface="company" />
<Entity id="14" startPos="508" endPos="515" type="organization" surface="Textron" />
<Entity id="15" startPos="578" endPos="585" type="organization" surface="company" />
<Entity id="16" startPos="646" endPos="653" type="organization" surface="Textron" />
<Entity id="17" startPos="655" endPos="659" type="organization" surface="NYSE" />
<Entity id="18" startPos="660" endPos="663" type="organization" surface="TXT" />
<Entity id="19" startPos="677" endPos="680" type="organization" surface="its" />
<Entity id="20" startPos="730" endPos="737" type="organization" surface="company" />
<Entity id="21" startPos="828" endPos="836" type="organization" surface="business" />
<Entity id="22" startPos="974" endPos="978" type="organization" surface="firm" />
<Entity id="23" startPos="1001" endPos="1009" type="organization" surface="business" />
<Entity id="24" startPos="1107" endPos="1114" type="organization" surface="Textron" />
<Entity id="25" startPos="1242" endPos="1249" type="organization" surface="company" />
<Entity id="26" startPos="1488" endPos="1495" type="organization" surface="company" />
<Entity id="27" startPos="1596" endPos="1599" type="organization" surface="SEC" />
<Entity id="28" startPos="1632" endPos="1635" type="organization" surface="SEC" />
<Entity id="29" startPos="1701" endPos="1704" type="organization" surface="TXT" />
<Entity id="30" startPos="1706" endPos="1731" type="organization" surface="Zacks Investment Research" />
<Entity id="31" startPos="1746" endPos="1753" type="organization" surface="Textron" />
<Entity id="32" startPos="1839" endPos="1847" type="organization" surface="Barclays" />
<Entity id="33" startPos="1856" endPos="1861" type="organization" surface="their" />
<Entity id="34" startPos="1888" endPos="1895" type="organization" surface="Textron" />
<Entity id="35" startPos="1955" endPos="1962" type="organization" surface="company" />
<Entity id="36" startPos="2012" endPos="2032" type="organization" surface="JPMorgan Chase &amp; Co." />
<Entity id="37" startPos="2041" endPos="2046" type="organization" surface="their" />
<Entity id="38" startPos="2073" endPos="2080" type="organization" surface="Textron" />
<Entity id="39" startPos="2124" endPos="2131" type="organization" surface="company" />
<Entity id="40" startPos="2181" endPos="2198" type="organization" surface="Cowen and Company" />
<Entity id="41" startPos="2302" endPos="2309" type="organization" surface="Textron" />
<Entity id="42" startPos="2368" endPos="2381" type="organization" surface="Credit Suisse" />
<Entity id="43" startPos="2388" endPos="2393" type="organization" surface="their" />
<Entity id="44" startPos="2420" endPos="2427" type="organization" surface="Textron" />
<Entity id="45" startPos="2463" endPos="2470" type="organization" surface="company" />
<Entity id="46" startPos="2713" endPos="2720" type="organization" surface="company" />
<Entity id="47" startPos="2868" endPos="2875" type="organization" surface="company" />
<Entity id="48" startPos="2877" endPos="2921" type="organization" surface="Sumitomo Mitsui Asset Management Company LTD" />
<Entity id="49" startPos="2929" endPos="2932" type="organization" surface="its" />
<Entity id="50" startPos="2955" endPos="2962" type="organization" surface="Textron" />
<Entity id="51" startPos="2994" endPos="3038" type="organization" surface="Sumitomo Mitsui Asset Management Company LTD" />
<Entity id="52" startPos="3069" endPos="3076" type="organization" surface="company" />
<Entity id="53" startPos="3162" endPos="3177" type="organization" surface="FirstMerit Bank" />
<Entity id="54" startPos="3185" endPos="3188" type="organization" surface="its" />
<Entity id="55" startPos="3211" endPos="3218" type="organization" surface="Textron" />
<Entity id="56" startPos="3250" endPos="3265" type="organization" surface="FirstMerit Bank" />
<Entity id="57" startPos="3295" endPos="3302" type="organization" surface="company" />
<Entity id="58" startPos="3389" endPos="3428" type="organization" surface="Oregon Public Employees Retirement Fund" />
<Entity id="59" startPos="3436" endPos="3439" type="organization" surface="its" />
<Entity id="60" startPos="3462" endPos="3469" type="organization" surface="Textron" />
<Entity id="61" startPos="3501" endPos="3540" type="organization" surface="Oregon Public Employees Retirement Fund" />
<Entity id="62" startPos="3571" endPos="3578" type="organization" surface="company" />
<Entity id="63" startPos="3667" endPos="3683" type="organization" surface="Bank of The West" />
<Entity id="64" startPos="3691" endPos="3694" type="organization" surface="its" />
<Entity id="65" startPos="3717" endPos="3724" type="organization" surface="Textron" />
<Entity id="66" startPos="3757" endPos="3773" type="organization" surface="Bank of The West" />
<Entity id="67" startPos="3804" endPos="3811" type="organization" surface="company" />
<Entity id="68" startPos="3909" endPos="3927" type="organization" surface="CIBC World Markets" />
<Entity id="69" startPos="3935" endPos="3938" type="organization" surface="its" />
<Entity id="70" startPos="3961" endPos="3968" type="organization" surface="Textron" />
<Entity id="71" startPos="4001" endPos="4019" type="organization" surface="CIBC World Markets" />
<Entity id="72" startPos="4050" endPos="4057" type="organization" surface="company" />
<Entity id="73" startPos="4146" endPos="4158" type="organization" surface="Textron Inc." />
<Entity id="74" startPos="4187" endPos="4194" type="trigger" surface="engaged" />
<Entity id="75" startPos="4198" endPos="4206" type="product" surface="aircraft" />
<Entity id="76" startPos="4208" endPos="4215" type="product" surface="defense" />
<Entity id="77" startPos="4217" endPos="4227" type="product" surface="industrial" />
<Entity id="78" startPos="4232" endPos="4239" type="product" surface="finance" />
<Entity id="79" startPos="4240" endPos="4250" type="trigger" surface="businesses" />
<Entity id="80" startPos="4310" endPos="4312" type="organization" surface="It" />
<Entity id="81" startPos="4340" endPos="4356" type="organization" surface="Textron Aviation" />
<Entity id="82" startPos="4358" endPos="4362" type="organization" surface="Bell" />
<Entity id="83" startPos="4364" endPos="4379" type="organization" surface="Textron Systems" />
<Entity id="84" startPos="4405" endPos="4421" type="organization" surface="Textron Aviation" />
<Entity id="85" startPos="4422" endPos="4434" type="trigger" surface="manufactures" />
<Entity id="86" startPos="4436" endPos="4441" type="trigger" surface="sells" />
<Entity id="87" startPos="4446" endPos="4454" type="trigger" surface="services" />
<Entity id="88" startPos="4455" endPos="4465" type="product" surface="Beechcraft" />
<Entity id="89" startPos="4470" endPos="4485" type="product" surface="Cessna aircraft" />
<Entity id="90" startPos="4504" endPos="4510" type="organization" surface="Hawker" />
<Entity id="91" startPos="4535" endPos="4550" type="organization" surface="Bell Helicopter" />
<Entity id="92" startPos="4540" endPos="4550" type="product" surface="Helicopter" />
<Entity id="93" startPos="4556" endPos="4564" type="trigger" surface="supplier" />
<Entity id="94" startPos="4568" endPos="4576" type="product" surface="military" />
<Entity id="95" startPos="4581" endPos="4603" type="product" surface="commercial helicopters" />
<Entity id="96" startPos="4605" endPos="4623" type="product" surface="tiltrotor aircraft" />
<Entity id="97" startPos="4629" endPos="4648" type="product" surface="related spare parts" />
<Entity id="98" startPos="4653" endPos="4661" type="product" surface="services" />
<Entity id="99" startPos="4676" endPos="4691" type="organization" surface="Textron Systems" />
<Entity id="100" startPos="4693" endPos="4706" type="trigger" surface="product lines" />
<Entity id="101" startPos="4718" endPos="4743" type="product" surface="unmanned aircraft systems" />
<Entity id="102" startPos="4745" endPos="4751" type="product" surface="marine" />
<Entity id="103" startPos="4756" endPos="4768" type="product" surface="land systems" />
<Entity id="104" startPos="4770" endPos="4777" type="product" surface="weapons" />
<Entity id="105" startPos="4782" endPos="4789" type="product" surface="sensors" />
<Entity id="106" startPos="4791" endPos="4801" type="product" surface="simulation" />
<Entity id="107" startPos="4803" endPos="4811" type="product" surface="training" />
<Entity id="108" startPos="4822" endPos="4829" type="product" surface="defense" />
<Entity id="109" startPos="4834" endPos="4858" type="product" surface="aviation mission support" />
<Entity id="110" startPos="4859" endPos="4867" type="trigger" surface="products" />
<Entity id="111" startPos="4872" endPos="4880" type="trigger" surface="services" />
<Entity id="112" startPos="5071" endPos="5087" type="organization" surface="Textron Aviation" />
<Entity id="113" startPos="5071" endPos="5096" type="product" surface="Textron Aviation aircraft" />
<Entity id="114" startPos="5101" endPos="5105" type="organization" surface="Bell" />
<Entity id="115" startPos="5101" endPos="5117" type="product" surface="Bell helicopters" />
<Entity id="116" startPos="5158" endPos="5179" type="organization" surface="American Banking News" />
<Entity id="117" startPos="5245" endPos="5266" type="organization" surface="American Banking News" />
<Entity id="118" startPos="5634" endPos="5646" type="organization" surface="Textron Inc." />
<Entity id="119" startPos="5766" endPos="5778" type="organization" surface="Textron Inc." />
<Entity id="120" startPos="5806" endPos="5820" type="organization" surface="MarketBeat.com" /></Entities><Relations>
<Relation id="121" NAME="CompanyProvidesProduct">
<Entity id="78" label="product" />
<Entity id="77" label="product" />
<Entity id="75" label="product" />
<Entity id="76" label="product" />
<Entity id="73" label="company" />
<Entity id="79" label="trigger" />
<Entity id="74" label="trigger" />
</Relation>
<Relation id="122" NAME="CompanyProvidesProduct">
<Entity id="89" label="product" />
<Entity id="88" label="product" />
<Entity id="84" label="company" />
<Entity id="85" label="trigger" />
<Entity id="87" label="trigger" />
<Entity id="86" label="trigger" />
</Relation>
<Relation id="123" NAME="CompanyProvidesProduct">
<Entity id="92" label="product" />
<Entity id="91" label="company" />
</Relation>
<Relation id="124" NAME="CompanyProvidesProduct">
<Entity id="98" label="product" />
<Entity id="97" label="product" />
<Entity id="95" label="product" />
<Entity id="96" label="product" />
<Entity id="94" label="product" />
<Entity id="91" label="company" />
<Entity id="93" label="trigger" />
</Relation>
<Relation id="125" NAME="CompanyProvidesProduct">
<Entity id="109" label="product" />
<Entity id="101" label="product" />
<Entity id="107" label="product" />
<Entity id="104" label="product" />
<Entity id="102" label="product" />
<Entity id="108" label="product" />
<Entity id="106" label="product" />
<Entity id="103" label="product" />
<Entity id="105" label="product" />
<Entity id="99" label="company" />
<Entity id="100" label="trigger" />
<Entity id="111" label="trigger" />
<Entity id="110" label="trigger" />
</Relation>
<Relation id="126" NAME="CompanyProvidesProduct">
<Entity id="113" label="product" />
<Entity id="112" label="company" />
</Relation>
<Relation id="127" NAME="identity">
<Entity id="0" label="source" />
<Entity id="7" label="target" />
</Relation>
<Relation id="128" NAME="identity">
<Entity id="1" label="source" />
<Entity id="52" label="target" />
<Entity id="80" label="target" />
<Entity id="62" label="target" />
<Entity id="72" label="target" />
<Entity id="26" label="target" />
<Entity id="18" label="target" />
<Entity id="119" label="target" />
<Entity id="25" label="target" />
<Entity id="22" label="target" />
<Entity id="14" label="target" />
<Entity id="118" label="target" />
<Entity id="41" label="target" />
<Entity id="35" label="target" />
<Entity id="34" label="target" />
<Entity id="31" label="target" />
<Entity id="65" label="target" />
<Entity id="67" label="target" />
<Entity id="16" label="target" />
<Entity id="12" label="target" />
<Entity id="23" label="target" />
<Entity id="60" label="target" />
<Entity id="6" label="target" />
<Entity id="46" label="target" />
<Entity id="21" label="target" />
<Entity id="55" label="target" />
<Entity id="45" label="target" />
<Entity id="44" label="target" />
<Entity id="50" label="target" />
<Entity id="47" label="target" />
<Entity id="57" label="target" />
<Entity id="3" label="target" />
<Entity id="38" label="target" />
<Entity id="11" label="target" />
<Entity id="5" label="target" />
<Entity id="24" label="target" />
<Entity id="73" label="target" />
<Entity id="20" label="target" />
<Entity id="2" label="target" />
<Entity id="29" label="target" />
<Entity id="39" label="target" />
<Entity id="13" label="target" />
<Entity id="9" label="target" />
<Entity id="70" label="target" />
<Entity id="19" label="target" />
<Entity id="15" label="target" />
</Relation>
<Relation id="129" NAME="identity">
<Entity id="4" label="source" />
<Entity id="17" label="target" />
<Entity id="10" label="target" />
</Relation>
<Relation id="130" NAME="identity">
<Entity id="27" label="source" />
<Entity id="28" label="target" />
</Relation>
<Relation id="131" NAME="identity">
<Entity id="32" label="source" />
<Entity id="33" label="target" />
</Relation>
<Relation id="132" NAME="identity">
<Entity id="36" label="source" />
<Entity id="37" label="target" />
</Relation>
<Relation id="133" NAME="identity">
<Entity id="42" label="source" />
<Entity id="43" label="target" />
</Relation>
<Relation id="134" NAME="identity">
<Entity id="48" label="source" />
<Entity id="51" label="target" />
<Entity id="49" label="target" />
</Relation>
<Relation id="135" NAME="identity">
<Entity id="53" label="source" />
<Entity id="54" label="target" />
<Entity id="56" label="target" />
</Relation>
<Relation id="136" NAME="identity">
<Entity id="53" label="source" />
<Entity id="56" label="target" />
</Relation>
<Relation id="137" NAME="identity">
<Entity id="58" label="source" />
<Entity id="61" label="target" />
<Entity id="59" label="target" />
</Relation>
<Relation id="138" NAME="identity">
<Entity id="58" label="source" />
<Entity id="61" label="target" />
</Relation>
<Relation id="139" NAME="identity">
<Entity id="63" label="source" />
<Entity id="66" label="target" />
</Relation>
<Relation id="140" NAME="identity">
<Entity id="63" label="source" />
<Entity id="66" label="target" />
<Entity id="64" label="target" />
</Relation>
<Relation id="141" NAME="identity">
<Entity id="68" label="source" />
<Entity id="71" label="target" />
<Entity id="69" label="target" />
</Relation>
<Relation id="142" NAME="identity">
<Entity id="68" label="source" />
<Entity id="71" label="target" />
</Relation>
<Relation id="143" NAME="identity">
<Entity id="81" label="source" />
<Entity id="112" label="target" />
<Entity id="84" label="target" />
</Relation>
<Relation id="144" NAME="identity">
<Entity id="82" label="source" />
<Entity id="114" label="target" />
<Entity id="91" label="target" />
</Relation>
<Relation id="145" NAME="identity">
<Entity id="83" label="source" />
<Entity id="99" label="target" />
</Relation>
<Relation id="146" NAME="identity">
<Entity id="116" label="source" />
<Entity id="117" label="target" />
</Relation></Relations>
</Document>
