<?xml version="1.0" encoding="UTF-8"?>
<Document>
<TEXT>News <NODE id="5" />Lumo Bodytech<NODE id="18" /> Hires Mark Mastalir as Vice President of Marketing and Partnerships <NODE id="87" />PR Newswire<NODE id="98" /> | Tuesday, 09 February 2016 01:10 (EST) PALO ALTO, Calif., Feb. 9, 2016 /<NODE id="172" />PRNewswire<NODE id="182" />/ -- <NODE id="187" />Lumo Bodytech<NODE id="200" />, the <NODE id="206" />creators<NODE id="214" /> of <NODE id="218" />Lumo<NODE id="222" /> Run<NODE id="226" /> , today announced the addition of Mark Mastalir to the team as Vice President of Marketing and Partnerships. Mark will lead the company's marketing efforts for the general availability launch of <NODE id="422" />Lumo<NODE id="426" /> Run<NODE id="430" />, a <NODE id="434" />sensor<NODE id="440" /> technology that coaches you to run more efficiently, improving your performance and reducing the risk of injury. Mark brings to the team a wealth of experience and knowledge in both competitive running and international sports marketing. Logo - http://photos.prnewswire.com/prnh/20160208/330985LOGO Prior to joining <NODE id="757" />Lumo Bodytech<NODE id="770" />, Mark worked for <NODE id="788" />Hoka One One<NODE id="800" />, a division of <NODE id="816" />Deckers Outdoor Corporation<NODE id="843" />, as Vice President of Marketing. Under Mark's leadership, <NODE id="902" />Hoka<NODE id="906" />'s sales increased 300 percent in the last year, making <NODE id="962" />HOKA<NODE id="966" /> the fastest growing <NODE id="987" />running shoe<NODE id="999" /> <NODE id="1000" />brand<NODE id="1005" /> of all time. Mark has also held global leadership positions at <NODE id="1069" />Reebok<NODE id="1075" />, <NODE id="1077" />NIKE<NODE id="1081" />, the <NODE id="1087" />NBA<NODE id="1090" /> and <NODE id="1095" />Wrigley<NODE id="1102" />. In addition to his accomplished background in sports marketing, Mark is also passionate about running. He began competitively running in 1982 and was an All-American at Stanford in the 1500 meters in 1992. He also competed in the 1992 Olympic Trials in the 1500 meters. We're excited to expand the <NODE id="1402" />Lumo<NODE id="1406" /> platform<NODE id="1415" /> to help people be the best runners they can be, said Monisha Perkash, CEO and co-founder of <NODE id="1508" />Lumo Bodytech<NODE id="1521" />. As both a competitive runner and experienced global sports marketer, Mark will be key in helping us to launch <NODE id="1633" />Lumo<NODE id="1637" /> Run<NODE id="1641" /> and access the multi-billion dollar running and wearables market. <NODE id="1708" />Lumo<NODE id="1712" /> Run<NODE id="1716" />, launched for pre-sale in October 2015, incorporates the personal attention of a running coach with the professional data of a lab. It measures running biomechanics like cadence, bounce and pelvic stability to guide your running form, improving your overall efficiency and performance. <NODE id="2003" />Lumo<NODE id="2007" /> Run<NODE id="2011" /> is currently available for pre-order online and is expected to ship spring 2016. Monisha and the team have created a product that allows runners and coaches to easily understand and interpret metrics that improve performance, and there is nothing in the market that provides as much useful information to the runner as <NODE id="2331" />Lumo<NODE id="2335" /> Run<NODE id="2339" />, said Mastalir. As someone who loves to run and compete, I'm proud to be a part of a team pushing the boundaries of the sport. About <NODE id="2473" />Lumo<NODE id="2477" /> <NODE id="2478" />Lumo Bodytech<NODE id="2491" /> has <NODE id="2496" />developed<NODE id="2505" /> a <NODE id="2508" />technology platform<NODE id="2527" /> that leverages <NODE id="2543" />smart <NODE id="2549" />sensors<NODE id="2556" /> and software to optimize performance and address human biomechanics through the real-time tracking of body movement. <NODE id="2674" />Lumo<NODE id="2678" />'s products empower you to be the best version of yourself. Current <NODE id="2746" />Lumo Bodytech<NODE id="2759" /> <NODE id="2760" />products<NODE id="2768" /> include the <NODE id="2781" />Lumo<NODE id="2785" /> Lift<NODE id="2790" /> and <NODE id="2795" />Lumo<NODE id="2799" /> Back posture coaches<NODE id="2820" /> and <NODE id="2825" />activity trackers<NODE id="2842" />, as well as the <NODE id="2859" />Lumo<NODE id="2863" /> Run<NODE id="2867" /> smart running shorts<NODE id="2888" />. <NODE id="2890" />Lumo Bodytech<NODE id="2903" /> is privately-held and headquartered in Palo Alto, CA.  Information on <NODE id="2974" />Lumo Bodytech<NODE id="2987" /> and <NODE id="2992" />their<NODE id="2997" /> products is available at www.lumobodytech.com Contacts <NODE id="3053" />Lumo Bodytech<NODE id="3066" /> Tansy Brook +1 (650) 646-2216 media@lumobodytech.com To view the original version on <NODE id="3152" />PR Newswire<NODE id="3163" />, visit: http://www.prnewswire.com/news-releases/lumo-bodytech-hires-mark-mastalir-as-vice-president-of-marketing-and-partnerships-300217061.html SOURCE <NODE id="3316" />Lumo Bodytech<NODE id="3329" /> DISCLOSURE: The views and opinions expressed in this article are those of the authors, and do not represent the views of equities.com . Readers should not consider statements made by the author as formal recommendations and should consult their financial advisor before making any investment decisions. To read our full disclosure, please go to: http://www.equities.com/disclaimer You have to be logged in to leave a comment.
</TEXT>
<Meta>
<feature featureName="id" featureValue="vico/886a9918-f51f-370d-9f3e-69c00343a038" />
<feature featureName="source" featureValue="sensor_corpus" />
<feature featureName="lang" featureValue="en" />
<feature featureName="pubDate" featureValue="2016-02-09T12:38:03Z" />
<feature featureName="indexDate" featureValue="2016-07-13T11:26:53.785Z" />
<feature featureName="uri" featureValue="https://www.equities.com/news/lumo-bodytech-hires-mark-mastalir-as-vice-president-of-marketing-and-partnerships" />
<feature featureName="solrEventType" featureValue="None" /></Meta><Entities>
<Entity id="0" startPos="5" endPos="18" type="organization" surface="Lumo Bodytech" />
<Entity id="1" startPos="87" endPos="98" type="organization" surface="PR Newswire" />
<Entity id="2" startPos="172" endPos="182" type="organization" surface="PRNewswire" />
<Entity id="3" startPos="187" endPos="200" type="organization" surface="Lumo Bodytech" />
<Entity id="4" startPos="206" endPos="214" type="trigger" surface="creators" />
<Entity id="5" startPos="218" endPos="222" type="organization" surface="Lumo" />
<Entity id="6" startPos="218" endPos="226" type="product" surface="Lumo Run" />
<Entity id="7" startPos="422" endPos="426" type="organization" surface="Lumo" />
<Entity id="8" startPos="422" endPos="430" type="product" surface="Lumo Run" />
<Entity id="9" startPos="434" endPos="440" type="product" surface="sensor" />
<Entity id="10" startPos="757" endPos="770" type="organization" surface="Lumo Bodytech" />
<Entity id="11" startPos="788" endPos="800" type="organization" surface="Hoka One One" />
<Entity id="12" startPos="816" endPos="843" type="organization" surface="Deckers Outdoor Corporation" />
<Entity id="13" startPos="902" endPos="906" type="organization" surface="Hoka" />
<Entity id="14" startPos="962" endPos="966" type="organization" surface="HOKA" />
<Entity id="15" startPos="987" endPos="999" type="product" surface="running shoe" />
<Entity id="16" startPos="1000" endPos="1005" type="trigger" surface="brand" />
<Entity id="17" startPos="1069" endPos="1075" type="organization" surface="Reebok" />
<Entity id="18" startPos="1077" endPos="1081" type="organization" surface="NIKE" />
<Entity id="19" startPos="1087" endPos="1090" type="organization" surface="NBA" />
<Entity id="20" startPos="1095" endPos="1102" type="organization" surface="Wrigley" />
<Entity id="21" startPos="1402" endPos="1406" type="organization" surface="Lumo" />
<Entity id="22" startPos="1402" endPos="1415" type="product" surface="Lumo platform" />
<Entity id="23" startPos="1508" endPos="1521" type="organization" surface="Lumo Bodytech" />
<Entity id="24" startPos="1633" endPos="1637" type="organization" surface="Lumo" />
<Entity id="25" startPos="1633" endPos="1641" type="product" surface="Lumo Run" />
<Entity id="26" startPos="1708" endPos="1712" type="organization" surface="Lumo" />
<Entity id="27" startPos="1708" endPos="1716" type="product" surface="Lumo Run" />
<Entity id="28" startPos="2003" endPos="2007" type="organization" surface="Lumo" />
<Entity id="29" startPos="2003" endPos="2011" type="product" surface="Lumo Run" />
<Entity id="30" startPos="2331" endPos="2335" type="organization" surface="Lumo" />
<Entity id="31" startPos="2331" endPos="2339" type="product" surface="Lumo Run" />
<Entity id="32" startPos="2473" endPos="2477" type="organization" surface="Lumo" />
<Entity id="33" startPos="2478" endPos="2491" type="organization" surface="Lumo Bodytech" />
<Entity id="34" startPos="2496" endPos="2505" type="trigger" surface="developed" />
<Entity id="35" startPos="2508" endPos="2527" type="product" surface="technology platform" />
<Entity id="36" startPos="2543" endPos="2556" type="product" surface="smart sensors" />
<Entity id="37" startPos="2549" endPos="2556" type="product" surface="sensors" />
<Entity id="38" startPos="2674" endPos="2678" type="organization" surface="Lumo" />
<Entity id="39" startPos="2746" endPos="2759" type="organization" surface="Lumo Bodytech" />
<Entity id="40" startPos="2760" endPos="2768" type="trigger" surface="products" />
<Entity id="41" startPos="2781" endPos="2785" type="organization" surface="Lumo" />
<Entity id="42" startPos="2781" endPos="2790" type="product" surface="Lumo Lift" />
<Entity id="43" startPos="2795" endPos="2799" type="organization" surface="Lumo" />
<Entity id="44" startPos="2795" endPos="2820" type="product" surface="Lumo Back posture coaches" />
<Entity id="45" startPos="2825" endPos="2842" type="product" surface="activity trackers" />
<Entity id="46" startPos="2859" endPos="2863" type="organization" surface="Lumo" />
<Entity id="47" startPos="2859" endPos="2867" type="product" surface="Lumo Run" />
<Entity id="48" startPos="2859" endPos="2888" type="product" surface="Lumo Run smart running shorts" />
<Entity id="49" startPos="2890" endPos="2903" type="organization" surface="Lumo Bodytech" />
<Entity id="50" startPos="2974" endPos="2987" type="organization" surface="Lumo Bodytech" />
<Entity id="51" startPos="2992" endPos="2997" type="organization" surface="their" />
<Entity id="52" startPos="3053" endPos="3066" type="organization" surface="Lumo Bodytech" />
<Entity id="53" startPos="3152" endPos="3163" type="organization" surface="PR Newswire" />
<Entity id="54" startPos="3316" endPos="3329" type="organization" surface="Lumo Bodytech" /></Entities><Relations>
<Relation id="55" NAME="CompanyProvidesProduct">
<Entity id="6" label="product" />
<Entity id="3" label="company" />
<Entity id="4" label="trigger" />
</Relation>
<Relation id="56" NAME="CompanyProvidesProduct">
<Entity id="6" label="product" />
<Entity id="5" label="company" />
</Relation>
<Relation id="57" NAME="CompanyProvidesProduct">
<Entity id="8" label="product" />
<Entity id="7" label="company" />
</Relation>
<Relation id="58" NAME="CompanyProvidesProduct">
<Entity id="15" label="product" />
<Entity id="14" label="company" />
<Entity id="16" label="trigger" />
</Relation>
<Relation id="59" NAME="CompanyProvidesProduct">
<Entity id="22" label="product" />
<Entity id="21" label="company" />
</Relation>
<Relation id="60" NAME="CompanyProvidesProduct">
<Entity id="25" label="product" />
<Entity id="24" label="company" />
</Relation>
<Relation id="61" NAME="CompanyProvidesProduct">
<Entity id="27" label="product" />
<Entity id="26" label="company" />
</Relation>
<Relation id="62" NAME="CompanyProvidesProduct">
<Entity id="29" label="product" />
<Entity id="28" label="company" />
</Relation>
<Relation id="63" NAME="CompanyProvidesProduct">
<Entity id="31" label="product" />
<Entity id="30" label="company" />
</Relation>
<Relation id="64" NAME="CompanyProvidesProduct">
<Entity id="35" label="product" />
<Entity id="33" label="company" />
<Entity id="34" label="trigger" />
</Relation>
<Relation id="65" NAME="CompanyProvidesProduct">
<Entity id="45" label="product" />
<Entity id="44" label="product" />
<Entity id="42" label="product" />
<Entity id="48" label="product" />
<Entity id="39" label="company" />
<Entity id="40" label="trigger" />
</Relation>
<Relation id="66" NAME="CompanyProvidesProduct">
<Entity id="42" label="product" />
<Entity id="41" label="company" />
</Relation>
<Relation id="67" NAME="CompanyProvidesProduct">
<Entity id="44" label="product" />
<Entity id="43" label="company" />
</Relation>
<Relation id="68" NAME="CompanyProvidesProduct">
<Entity id="48" label="product" />
<Entity id="46" label="company" />
</Relation>
<Relation id="69" NAME="identity">
<Entity id="0" label="source" />
<Entity id="5" label="target" />
<Entity id="54" label="target" />
<Entity id="33" label="target" />
<Entity id="28" label="target" />
<Entity id="39" label="target" />
<Entity id="26" label="target" />
<Entity id="3" label="target" />
<Entity id="24" label="target" />
<Entity id="46" label="target" />
<Entity id="50" label="target" />
<Entity id="30" label="target" />
<Entity id="7" label="target" />
<Entity id="49" label="target" />
<Entity id="32" label="target" />
<Entity id="43" label="target" />
<Entity id="10" label="target" />
<Entity id="21" label="target" />
<Entity id="23" label="target" />
<Entity id="38" label="target" />
<Entity id="52" label="target" />
<Entity id="41" label="target" />
<Entity id="51" label="target" />
</Relation>
<Relation id="70" NAME="identity">
<Entity id="1" label="source" />
<Entity id="2" label="target" />
<Entity id="53" label="target" />
</Relation>
<Relation id="71" NAME="identity">
<Entity id="6" label="source" />
<Entity id="29" label="target" />
<Entity id="8" label="target" />
<Entity id="27" label="target" />
<Entity id="25" label="target" />
<Entity id="31" label="target" />
<Entity id="47" label="target" />
</Relation>
<Relation id="72" NAME="identity">
<Entity id="9" label="source" />
<Entity id="37" label="target" />
</Relation>
<Relation id="73" NAME="identity">
<Entity id="11" label="source" />
<Entity id="13" label="target" />
<Entity id="14" label="target" />
</Relation>
<Relation id="74" NAME="identity">
<Entity id="22" label="source" />
<Entity id="35" label="target" />
</Relation></Relations>
</Document>
