<?xml version="1.0" encoding="UTF-8"?>
<Document>
<TEXT>News <NODE id="5" />Sensata Technologies<NODE id="25" /> <NODE id="26" />Introduces<NODE id="36" /> <NODE id="37" />Its<NODE id="40" /> Smallest <NODE id="50" />Micro-fused Strain Gage<NODE id="73" /> <NODE id="74" />Technology<NODE id="84" /> For Next Generation Brake Systems Especially Designed For <NODE id="143" />Hybrid<NODE id="149" /> And <NODE id="154" />Electric Vehicles<NODE id="171" /> <NODE id="172" />PR Newswire<NODE id="183" /> | 
Monday, 01 February 2016 03:37 (EST) ATTLEBORO, Mass., Feb. 1, 2016 /<NODE id="256" />PRNewswire<NODE id="266" />/ -- <NODE id="271" />Sensata Technologies, Inc.<NODE id="297" /> (<NODE id="299" />NYSE<NODE id="303" />: <NODE id="305" />ST<NODE id="307" />), a leading <NODE id="320" />manufacturer<NODE id="332" /> of <NODE id="336" />sensing<NODE id="343" />, <NODE id="345" />electrical protection<NODE id="366" />, <NODE id="368" />control<NODE id="375" /> and <NODE id="380" />power management solutions<NODE id="406" />, has <NODE id="412" />developed<NODE id="421" /> a line of smaller, lighter <NODE id="449" />Micro-fused Strain Gage (MSG) pressure sensors<NODE id="495" /> for use in next-generation brake systems for <NODE id="541" />hybrid<NODE id="547" />, <NODE id="549" />electric<NODE id="557" />, and conventional <NODE id="576" />vehicles<NODE id="584" />. The <NODE id="590" />eXtra-small Form Factor (XFF) sensor<NODE id="626" /> is available for design-in beginning January 2016. To ensure traditional braking feel in <NODE id="716" />hybrid<NODE id="722" /> and <NODE id="727" />electric vehicles<NODE id="744" />, brake systems require additional
 <NODE id="780" />pressure sensors<NODE id="796" />, observes Jeff Silveria, <NODE id="822" />Sensata<NODE id="829" />'s Performance Sensing Segment manager for global chassis.  By offering <NODE id="901" />our<NODE id="904" /> caliber of pressure sensing in a smaller, lighter package, our customers can adopt 
multiple <NODE id="998" />sensors<NODE id="1005" /> without growing their module. <NODE id="1036" />Sensata<NODE id="1043" />'s<NODE id="1045" /> automotive <NODE id="1057" />MSG pressure technology<NODE id="1080" /> will now be offered at less than 5 grams, with a body diameter less than 7.8mm, and a height less than 30mm,
 including <NODE id="1201" />its<NODE id="1204" /> revolutionary spring contact system.  This provides system manufacturers with a new degree of design flexibility and including industry leading performance. The new <NODE id="1370" />XFF platform<NODE id="1382" /> utilizes a modular 
port design, catering to a wide-range of system pressures, and a modular circuit architecture offering high-fault-detectability enabling system manufacturers to meet technical safety requirements associated with 
ISO26262. <NODE id="1626" />Sensata<NODE id="1633" />'s<NODE id="1635" /> <NODE id="1636" />MSG technology<NODE id="1650" /> offers analog and digital integrated pressure and temperature signal conditioning delivering an accurate, stable signal over wide operating temperature (-40° to +140° C) and 
pressure ranges. Beyond <NODE id="1850" />hybrid<NODE id="1856" /> and <NODE id="1861" />electric vehicles<NODE id="1878" />, this <NODE id="1885" />MSG form factor<NODE id="1900" /> is ideal for integrated <NODE id="1925" />brake modules<NODE id="1938" /> which eliminate the <NODE id="1959" />vacuum booster<NODE id="1973" />, says Vineet Nargolwala, Vice President and General 
Manager, Automotive Performance Sensing in North America, Japan and Korea.  This development enables improved fuel economy and enhanced emergency braking performance in all <NODE id="2200" />vehicle<NODE id="2207" /> types. About 
<NODE id="2222" />Sensata Technologies<NODE id="2242" /> <NODE id="2243" />Sensata Technologies<NODE id="2263" /> is one of the world's leading <NODE id="2294" />suppliers of<NODE id="2306" /> <NODE id="2307" />sensing<NODE id="2314" />, <NODE id="2316" />electrical protection<NODE id="2337" />, <NODE id="2339" />control<NODE id="2346" /> and <NODE id="2351" />power management solutions<NODE id="2377" /> with operations and business centers 
in 16 countries. <NODE id="2433" />Sensata<NODE id="2440" />'s products improve safety, efficiency and comfort for millions of people every day in automotive, appliance, aircraft, industrial, military, heavy vehicle, heating, air-conditioning and ventilation, 
data, telecommunications, recreational vehicle and marine applications. For more information please visit <NODE id="2747" />Sensata<NODE id="2754" />'s website at www.sensata.com . <NODE id="2786" />Sensata<NODE id="2793" /> Communications Contact: Alexia Taxiarchos 
ataxiarchos@sensata.com + 1-508-236-1761 Photo - http://photos.prnewswire.com/prnh/20160201/327816 To view the original version on <NODE id="2968" />PR Newswire<NODE id="2979" />, visit: http://www.prnewswire.com/news-releases/sensata-technologies-introduces-its-smallest-micro-fused-strain-gage-technology-for-next-generation-brake-systems-especially-designed-for-hybrid-and-electric-vehicles-300212719.html SOURCE
 <NODE id="3218" />Sensata Technologies, Inc.<NODE id="3244" /> DISCLOSURE: The views and opinions expressed in this article are those of the authors, and do not represent the views of equities.com . Readers should not consider statements made by the author as formal recommendations and should consult their financial advisor before making any investment decisions. To read our full disclosure, please go to: http://www.equities.com/disclaimer You have to be logged in to leave a comment.
</TEXT>
<Meta>
<feature featureName="id" featureValue="vico/34a335a3-977c-3603-ac37-9b77dc0870c7" />
<feature featureName="source" featureValue="sensor_corpus" />
<feature featureName="lang" featureValue="en" />
<feature featureName="pubDate" featureValue="2016-02-01T17:26:47Z" />
<feature featureName="indexDate" featureValue="2016-07-13T10:55:09.383Z" />
<feature featureName="uri" featureValue="https://www.equities.com/news/sensata-technologies-introduces-its-smallest-micro-fused-strain-gage-technology-for-next-generation-brake-systems-especially-designed-for-hybrid-and-electric-vehicles" />
<feature featureName="solrEventType" featureValue="None" /></Meta><Entities>
<Entity id="0" startPos="5" endPos="25" type="organization" surface="Sensata Technologies" />
<Entity id="1" startPos="26" endPos="36" type="trigger" surface="Introduces" />
<Entity id="2" startPos="37" endPos="40" type="organization" surface="Its" />
<Entity id="3" startPos="50" endPos="73" type="product" surface="Micro-fused Strain Gage" />
<Entity id="4" startPos="74" endPos="84" type="trigger" surface="Technology" />
<Entity id="5" startPos="143" endPos="149" type="product" surface="Hybrid" />
<Entity id="6" startPos="154" endPos="171" type="product" surface="Electric Vehicles" />
<Entity id="7" startPos="172" endPos="183" type="organization" surface="PR Newswire" />
<Entity id="8" startPos="256" endPos="266" type="organization" surface="PRNewswire" />
<Entity id="9" startPos="271" endPos="297" type="organization" surface="Sensata Technologies, Inc." />
<Entity id="10" startPos="299" endPos="303" type="organization" surface="NYSE" />
<Entity id="11" startPos="305" endPos="307" type="organization" surface="ST" />
<Entity id="12" startPos="320" endPos="332" type="trigger" surface="manufacturer" />
<Entity id="13" startPos="336" endPos="343" type="product" surface="sensing" />
<Entity id="14" startPos="345" endPos="366" type="product" surface="electrical protection" />
<Entity id="15" startPos="368" endPos="375" type="product" surface="control" />
<Entity id="16" startPos="380" endPos="406" type="product" surface="power management solutions" />
<Entity id="17" startPos="412" endPos="421" type="trigger" surface="developed" />
<Entity id="18" startPos="449" endPos="495" type="product" surface="Micro-fused Strain Gage (MSG) pressure sensors" />
<Entity id="19" startPos="541" endPos="547" type="product" surface="hybrid" />
<Entity id="20" startPos="549" endPos="557" type="product" surface="electric" />
<Entity id="21" startPos="576" endPos="584" type="product" surface="vehicles" />
<Entity id="22" startPos="590" endPos="626" type="product" surface="eXtra-small Form Factor (XFF) sensor" />
<Entity id="23" startPos="716" endPos="722" type="product" surface="hybrid" />
<Entity id="24" startPos="727" endPos="744" type="product" surface="electric vehicles" />
<Entity id="25" startPos="780" endPos="796" type="product" surface="pressure sensors" />
<Entity id="26" startPos="822" endPos="829" type="organization" surface="Sensata" />
<Entity id="27" startPos="901" endPos="904" type="organization" surface="our" />
<Entity id="28" startPos="998" endPos="1005" type="product" surface="sensors" />
<Entity id="29" startPos="1036" endPos="1043" type="organization" surface="Sensata" />
<Entity id="30" startPos="1043" endPos="1045" type="trigger" surface="'s" />
<Entity id="31" startPos="1057" endPos="1080" type="product" surface="MSG pressure technology" />
<Entity id="32" startPos="1201" endPos="1204" type="organization" surface="its" />
<Entity id="33" startPos="1370" endPos="1382" type="product" surface="XFF platform" />
<Entity id="34" startPos="1626" endPos="1633" type="organization" surface="Sensata" />
<Entity id="35" startPos="1633" endPos="1635" type="trigger" surface="'s" />
<Entity id="36" startPos="1636" endPos="1650" type="product" surface="MSG technology" />
<Entity id="37" startPos="1850" endPos="1856" type="product" surface="hybrid" />
<Entity id="38" startPos="1861" endPos="1878" type="product" surface="electric vehicles" />
<Entity id="39" startPos="1885" endPos="1900" type="product" surface="MSG form factor" />
<Entity id="40" startPos="1925" endPos="1938" type="product" surface="brake modules" />
<Entity id="41" startPos="1959" endPos="1973" type="product" surface="vacuum booster" />
<Entity id="42" startPos="2200" endPos="2207" type="product" surface="vehicle" />
<Entity id="43" startPos="2222" endPos="2242" type="organization" surface="Sensata Technologies" />
<Entity id="44" startPos="2243" endPos="2263" type="organization" surface="Sensata Technologies" />
<Entity id="45" startPos="2294" endPos="2306" type="trigger" surface="suppliers of" />
<Entity id="46" startPos="2307" endPos="2314" type="product" surface="sensing" />
<Entity id="47" startPos="2316" endPos="2337" type="product" surface="electrical protection" />
<Entity id="48" startPos="2339" endPos="2346" type="product" surface="control" />
<Entity id="49" startPos="2351" endPos="2377" type="product" surface="power management solutions" />
<Entity id="50" startPos="2433" endPos="2440" type="organization" surface="Sensata" />
<Entity id="51" startPos="2747" endPos="2754" type="organization" surface="Sensata" />
<Entity id="52" startPos="2786" endPos="2793" type="organization" surface="Sensata" />
<Entity id="53" startPos="2968" endPos="2979" type="organization" surface="PR Newswire" />
<Entity id="54" startPos="3218" endPos="3244" type="organization" surface="Sensata Technologies, Inc." /></Entities><Relations>
<Relation id="55" NAME="CompanyProvidesProduct">
<Entity id="3" label="product" />
<Entity id="0" label="company" />
<Entity id="1" label="trigger" />
</Relation>
<Relation id="56" NAME="CompanyProvidesProduct">
<Entity id="18" label="product" />
<Entity id="9" label="company" />
<Entity id="17" label="trigger" />
</Relation>
<Relation id="57" NAME="CompanyProvidesProduct">
<Entity id="15" label="product" />
<Entity id="13" label="product" />
<Entity id="16" label="product" />
<Entity id="14" label="product" />
<Entity id="9" label="company" />
<Entity id="12" label="trigger" />
</Relation>
<Relation id="58" NAME="company_provides_product">
<Entity id="31" label="product" />
<Entity id="29" label="company" />
<Entity id="30" label="trigger" />
</Relation>
<Relation id="59" NAME="company_provides_product">
<Entity id="36" label="product" />
<Entity id="34" label="company" />
<Entity id="35" label="trigger" />
</Relation>
<Relation id="60" NAME="company_provides_product">
<Entity id="46" label="product" />
<Entity id="48" label="product" />
<Entity id="49" label="product" />
<Entity id="47" label="product" />
<Entity id="44" label="company" />
<Entity id="45" label="trigger" />
</Relation>
<Relation id="61" NAME="identity">
<Entity id="0" label="source" />
<Entity id="11" label="target" />
<Entity id="32" label="target" />
<Entity id="26" label="target" />
<Entity id="27" label="target" />
<Entity id="34" label="target" />
<Entity id="29" label="target" />
<Entity id="43" label="target" />
<Entity id="54" label="target" />
<Entity id="2" label="target" />
<Entity id="50" label="target" />
<Entity id="51" label="target" />
<Entity id="9" label="target" />
<Entity id="44" label="target" />
</Relation>
<Relation id="62" NAME="identity">
<Entity id="3" label="source" />
<Entity id="36" label="target" />
<Entity id="31" label="target" />
<Entity id="18" label="target" />
</Relation>
<Relation id="63" NAME="identity">
<Entity id="5" label="source" />
<Entity id="19" label="target" />
<Entity id="37" label="target" />
<Entity id="23" label="target" />
</Relation>
<Relation id="64" NAME="identity">
<Entity id="6" label="source" />
<Entity id="20" label="target" />
<Entity id="24" label="target" />
<Entity id="38" label="target" />
</Relation>
<Relation id="65" NAME="identity">
<Entity id="7" label="source" />
<Entity id="8" label="target" />
<Entity id="53" label="target" />
</Relation></Relations>
</Document>
