<?xml version="1.0" encoding="UTF-8"?>
<Document>
<TEXT><NODE id="0" />ReportsnReports<NODE id="15" /> <NODE id="16" />Anti-Collision Sensors<NODE id="38" /> Market to Grow at 16.89% CAGR to 2020 Global <NODE id="84" />Anti-Collision Sensors<NODE id="106" /> Market 2016-2020 report has been prepared based on an in-depth market analysis with inputs from industry experts. This <NODE id="226" />report<NODE id="232" /> covers the market landscape and its growth prospects over the coming years. The report also includes a discussion of the key vendors operating in this market. Pune, Maharastra -- ( <NODE id="414" />SBWIRE<NODE id="420" /> ) -- 01/20/2016 -- According to the Global <NODE id="464" />Anti-collision Sensors<NODE id="486" /> Market 2016-2020 report the growing concern about the rising number of accidents globally has led to increased demand for automotive safety applications that help drivers to remain alert while driving and prevent potential accidents. Luxury car and SUV manufacturers demand a large number of sensors to integrate safety features into automobiles. Complete report on <NODE id="853" />anti-collision sensors<NODE id="875" /> market spread across 36 pages, analyzing 5 major companies and providing 12 data exhibits is now available at http://www.reportsnreports.com/reports/458698-global-anti-collision-sensors-market-2016-2020.html . The analysts forecast global <NODE id="1115" />anti-collision sensors<NODE id="1137" /> market to grow at a CAGR of 16.89% during the period 2016-2020. <NODE id="1202" />Autonomous vehicles<NODE id="1221" /> and <NODE id="1226" />360-degree surveillance cars<NODE id="1254" /> are among the major trends in the market. Luxury <NODE id="1304" />car<NODE id="1307" /> manufacturers are planning to embed these features in their vehicles to improve the level of comfort and safety. There is also an emerging trend of vehicle-to-everything (V2X) technology in the market that helps improve fuel efficiency and traffic flow. <NODE id="1562" />Anti-collision sensors<NODE id="1584" /> are mainly used to detect obstacles in the way of a vehicle and alert the driver, thus preventing a potential accident. The rising number of road accidents across the globe has led to increased awareness of the need for safety among governments, automobile manufacturers, and consumers. This has increased the demand for <NODE id="1906" />anti-collision sensors<NODE id="1928" />. Order a copy of Global <NODE id="1953" />Anti-collision Sensors<NODE id="1975" /> Market 2016-2020 report @ http://www.reportsnreports.com/Purchase.aspx?name=458698 . The <NODE id="2065" />anti-collision sensors<NODE id="2087" /> market report covers the present scenario and the growth prospects of the global <NODE id="2169" />anti-collision sensors<NODE id="2191" /> market for the period 2016-2020. To calculate the market size, we consider revenue generated from the sales of the following <NODE id="2317" />anti-collision sensor<NODE id="2338" /> technology pertaining to the automotive industry: <NODE id="2389" />Radar<NODE id="2394" />, <NODE id="2396" />Cameras<NODE id="2403" />, <NODE id="2405" />Ultrasound<NODE id="2415" /> and <NODE id="2420" />LiDAR<NODE id="2425" /> Key <NODE id="2430" />players<NODE id="2437" /> in the Global <NODE id="2452" />Anti-Collision Sensors<NODE id="2474" /> <NODE id="2475" />Market<NODE id="2481" />: <NODE id="2483" />Continental AG<NODE id="2497" />, <NODE id="2499" />Delphi Automotive<NODE id="2516" />, <NODE id="2518" />Denso<NODE id="2523" />, <NODE id="2525" />Bosch<NODE id="2530" /> and <NODE id="2535" />TRW Automotive<NODE id="2549" /> Other Prominent Vendors in the market are: <NODE id="2593" />Analog Devices<NODE id="2607" />, <NODE id="2609" />Autoliv<NODE id="2616" />, <NODE id="2618" />Freescale Semiconductor<NODE id="2641" />, <NODE id="2643" />Hella Kgaa Hueck<NODE id="2659" />, <NODE id="2661" />Hyundai Mobis<NODE id="2674" />, <NODE id="2676" />Infineon Technologies<NODE id="2697" />, <NODE id="2699" />Mobileye N.V.<NODE id="2712" />, <NODE id="2714" />Murata Manufacturing<NODE id="2734" />, <NODE id="2736" />OmniVision Technologies<NODE id="2759" />, <NODE id="2761" />Panasonic Corporation<NODE id="2782" />, <NODE id="2784" />Quanergy Systems<NODE id="2800" />, <NODE id="2802" />Sensata Technologies<NODE id="2822" />, and <NODE id="2828" />Texas Instruments<NODE id="2845" />. Further, the report states that technological setbacks related to <NODE id="2913" />anti-collision sensors<NODE id="2935" /> are one of the major challenges for the market. Explore other new reports on <NODE id="3013" />Semiconductor<NODE id="3026" /> and Electronics Market at http://www.reportsnreports.com/market-research/semiconductor-and-electronics/ . About <NODE id="3139" />ReportsnReports.com<NODE id="3158" /> <NODE id="3159" />ReportsnReports.com<NODE id="3178" /> is an online market research reports library of 500,000+ in-depth <NODE id="3245" />studies<NODE id="3252" /> of over 5000 micro markets. Call +1 888 391 5441 with your research requirements or email the details at sales@reportsandreports.com and <NODE id="3390" />we<NODE id="3392" /> would be happy to help you find the business intelligence that you need. <NODE id="3466" />ReportsnReports.com<NODE id="3485" /> <NODE id="3486" />offers<NODE id="3492" /> <NODE id="3493" />research studies<NODE id="3509" /> on agriculture, energy and power, automotive, <NODE id="3556" />Semiconductor<NODE id="3569" /> and Electronics, Manufacturing &amp; Construction, chemicals, environment, medical devices, healthcare, food and beverages, water and much more. Media Relations Contact
</TEXT>
<Meta>
<feature featureName="id" featureValue="vico/7ea7ae9f-1281-3f86-911d-6cbd36a8a80b" />
<feature featureName="source" featureValue="sensor_corpus" />
<feature featureName="lang" featureValue="en" />
<feature featureName="pubDate" featureValue="2016-01-21T06:56:29Z" />
<feature featureName="indexDate" featureValue="2016-07-13T11:23:06.612Z" />
<feature featureName="uri" featureValue="http://www.sbwire.com/press-releases/anti-collision-sensors-market-to-grow-at-1689-cagr-to-2020-658563.htm" />
<feature featureName="solrEventType" featureValue="None" /></Meta><Entities>
<Entity id="0" startPos="0" endPos="15" type="organization" surface="ReportsnReports" />
<Entity id="1" startPos="16" endPos="38" type="product" surface="Anti-Collision Sensors" />
<Entity id="2" startPos="84" endPos="106" type="product" surface="Anti-Collision Sensors" />
<Entity id="3" startPos="226" endPos="232" type="product" surface="report" />
<Entity id="4" startPos="414" endPos="420" type="organization" surface="SBWIRE" />
<Entity id="5" startPos="464" endPos="486" type="product" surface="Anti-collision Sensors" />
<Entity id="6" startPos="853" endPos="875" type="product" surface="anti-collision sensors" />
<Entity id="7" startPos="1115" endPos="1137" type="product" surface="anti-collision sensors" />
<Entity id="8" startPos="1202" endPos="1221" type="product" surface="Autonomous vehicles" />
<Entity id="9" startPos="1226" endPos="1254" type="product" surface="360-degree surveillance cars" />
<Entity id="10" startPos="1304" endPos="1307" type="product" surface="car" />
<Entity id="11" startPos="1562" endPos="1584" type="product" surface="Anti-collision sensors" />
<Entity id="12" startPos="1906" endPos="1928" type="product" surface="anti-collision sensors" />
<Entity id="13" startPos="1953" endPos="1975" type="product" surface="Anti-collision Sensors" />
<Entity id="14" startPos="2065" endPos="2087" type="product" surface="anti-collision sensors" />
<Entity id="15" startPos="2169" endPos="2191" type="product" surface="anti-collision sensors" />
<Entity id="16" startPos="2317" endPos="2338" type="product" surface="anti-collision sensor" />
<Entity id="17" startPos="2389" endPos="2394" type="product" surface="Radar" />
<Entity id="18" startPos="2396" endPos="2403" type="product" surface="Cameras" />
<Entity id="19" startPos="2405" endPos="2415" type="product" surface="Ultrasound" />
<Entity id="20" startPos="2420" endPos="2425" type="product" surface="LiDAR" />
<Entity id="21" startPos="2430" endPos="2437" type="trigger" surface="players" />
<Entity id="22" startPos="2452" endPos="2474" type="product" surface="Anti-Collision Sensors" />
<Entity id="23" startPos="2475" endPos="2481" type="trigger" surface="Market" />
<Entity id="24" startPos="2483" endPos="2497" type="organization" surface="Continental AG" />
<Entity id="25" startPos="2499" endPos="2516" type="organization" surface="Delphi Automotive" />
<Entity id="26" startPos="2518" endPos="2523" type="organization" surface="Denso" />
<Entity id="27" startPos="2525" endPos="2530" type="organization" surface="Bosch" />
<Entity id="28" startPos="2535" endPos="2549" type="organization" surface="TRW Automotive" />
<Entity id="29" startPos="2593" endPos="2607" type="organization" surface="Analog Devices" />
<Entity id="30" startPos="2609" endPos="2616" type="organization" surface="Autoliv" />
<Entity id="31" startPos="2618" endPos="2641" type="organization" surface="Freescale Semiconductor" />
<Entity id="32" startPos="2643" endPos="2659" type="organization" surface="Hella Kgaa Hueck" />
<Entity id="33" startPos="2661" endPos="2674" type="organization" surface="Hyundai Mobis" />
<Entity id="34" startPos="2676" endPos="2697" type="organization" surface="Infineon Technologies" />
<Entity id="35" startPos="2699" endPos="2712" type="organization" surface="Mobileye N.V." />
<Entity id="36" startPos="2714" endPos="2734" type="organization" surface="Murata Manufacturing" />
<Entity id="37" startPos="2736" endPos="2759" type="organization" surface="OmniVision Technologies" />
<Entity id="38" startPos="2761" endPos="2782" type="organization" surface="Panasonic Corporation" />
<Entity id="39" startPos="2784" endPos="2800" type="organization" surface="Quanergy Systems" />
<Entity id="40" startPos="2802" endPos="2822" type="organization" surface="Sensata Technologies" />
<Entity id="41" startPos="2828" endPos="2845" type="organization" surface="Texas Instruments" />
<Entity id="42" startPos="2913" endPos="2935" type="product" surface="anti-collision sensors" />
<Entity id="43" startPos="3013" endPos="3026" type="product" surface="Semiconductor" />
<Entity id="44" startPos="3139" endPos="3158" type="organization" surface="ReportsnReports.com" />
<Entity id="45" startPos="3159" endPos="3178" type="organization" surface="ReportsnReports.com" />
<Entity id="46" startPos="3245" endPos="3252" type="product" surface="studies" />
<Entity id="47" startPos="3390" endPos="3392" type="organization" surface="we" />
<Entity id="48" startPos="3466" endPos="3485" type="organization" surface="ReportsnReports.com" />
<Entity id="49" startPos="3486" endPos="3492" type="trigger" surface="offers" />
<Entity id="50" startPos="3493" endPos="3509" type="product" surface="research studies" />
<Entity id="51" startPos="3556" endPos="3569" type="product" surface="Semiconductor" /></Entities><Relations>
<Relation id="52" NAME="CompanyProvidesProduct">
<Entity id="20" label="product" />
<Entity id="18" label="product" />
<Entity id="22" label="product" />
<Entity id="19" label="product" />
<Entity id="17" label="product" />
<Entity id="26" label="company" />
<Entity id="23" label="trigger" />
<Entity id="21" label="trigger" />
</Relation>
<Relation id="53" NAME="CompanyProvidesProduct">
<Entity id="20" label="product" />
<Entity id="18" label="product" />
<Entity id="22" label="product" />
<Entity id="19" label="product" />
<Entity id="17" label="product" />
<Entity id="24" label="company" />
<Entity id="23" label="trigger" />
<Entity id="21" label="trigger" />
</Relation>
<Relation id="54" NAME="CompanyProvidesProduct">
<Entity id="20" label="product" />
<Entity id="18" label="product" />
<Entity id="22" label="product" />
<Entity id="19" label="product" />
<Entity id="17" label="product" />
<Entity id="27" label="company" />
<Entity id="23" label="trigger" />
<Entity id="21" label="trigger" />
</Relation>
<Relation id="55" NAME="CompanyProvidesProduct">
<Entity id="20" label="product" />
<Entity id="18" label="product" />
<Entity id="22" label="product" />
<Entity id="19" label="product" />
<Entity id="17" label="product" />
<Entity id="25" label="company" />
<Entity id="23" label="trigger" />
<Entity id="21" label="trigger" />
</Relation>
<Relation id="56" NAME="CompanyProvidesProduct">
<Entity id="20" label="product" />
<Entity id="18" label="product" />
<Entity id="22" label="product" />
<Entity id="19" label="product" />
<Entity id="17" label="product" />
<Entity id="28" label="company" />
<Entity id="23" label="trigger" />
<Entity id="21" label="trigger" />
</Relation>
<Relation id="57" NAME="CompanyProvidesProduct">
<Entity id="50" label="product" />
<Entity id="48" label="company" />
<Entity id="49" label="trigger" />
</Relation>
<Relation id="58" NAME="identity">
<Entity id="0" label="source" />
<Entity id="48" label="target" />
<Entity id="45" label="target" />
<Entity id="47" label="target" />
<Entity id="44" label="target" />
</Relation>
<Relation id="59" NAME="identity">
<Entity id="1" label="source" />
<Entity id="7" label="target" />
<Entity id="5" label="target" />
<Entity id="15" label="target" />
<Entity id="16" label="target" />
<Entity id="22" label="target" />
<Entity id="6" label="target" />
<Entity id="11" label="target" />
<Entity id="12" label="target" />
<Entity id="13" label="target" />
<Entity id="2" label="target" />
<Entity id="14" label="target" />
<Entity id="42" label="target" />
</Relation>
<Relation id="60" NAME="identity">
<Entity id="43" label="source" />
<Entity id="51" label="target" />
</Relation>
<Relation id="61" NAME="identity">
<Entity id="50" label="target" />
<Entity id="46" label="target" />
</Relation></Relations>
</Document>
