<?xml version="1.0" encoding="UTF-8"?>
<Document>
<TEXT>Jump to Navigation Featured Company Featured Company Featured Company Featured Company <NODE id="87" />Technavio<NODE id="96" /> Announces Top Five Vendors in the Global <NODE id="138" />Micro-Electro-Mechanical Systems Magnetic Sensors<NODE id="187" /> Market 2016-2020 <NODE id="205" />Business Wire<NODE id="218" /> Wednesday, February 3rd 2016 <NODE id="248" />Technavio<NODE id="257" /> has announced the top five leading vendors in <NODE id="304" />their<NODE id="309" /> recent <NODE id="317" />global micro-electro-mechanical systems (MEMS) <NODE id="364" />magnetic sensors<NODE id="380" /> market report<NODE id="394" />. This research <NODE id="410" />report<NODE id="416" /> also lists five other prominent vendors that are expected to impact the market during the forecast period. Competitive vendor landscape The global <NODE id="564" />MEMS magnetic sensors<NODE id="585" /> market is fragmented with the presence of small and large <NODE id="644" />semiconductor<NODE id="657" /> vendors. MEMS technology is increasingly being integrated with <NODE id="721" />magnetic sensors<NODE id="737" /> to offer low-cost, high-precision products. Miniaturization of <NODE id="801" />magnetic sensors<NODE id="817" /> has significant growth potential as most OEMs are looking to save space by opting for smaller components. Over the next few years, the competitive environment in the market is expected to intensify due to the entry of new vendors, a rise in product extensions, technological innovations, and mergers and acquisitions (M&amp;A). A lead analyst for the <NODE id="1165" />sensors<NODE id="1172" /> industry at <NODE id="1185" />Technavio<NODE id="1194" />, Asif Gani says 'To survive and succeed in this competitive environment, vendors need to distinguish their products and service offerings through a clear and unique value proposition. Vendors must also be aware of emerging technologies that could have an impact on their product lines.' The top five global <NODE id="1502" />MEMS magnetic sensors<NODE id="1523" /> <NODE id="1524" />vendors<NODE id="1531" /> are: <NODE id="1537" />Asahi Kasei Microsystems<NODE id="1561" /> <NODE id="1562" />Asahi Kasei Microsystems<NODE id="1586" /> products are used in <NODE id="1608" />optical disc drives<NODE id="1627" /> and <NODE id="1632" />air conditioner fans<NODE id="1652" />, <NODE id="1654" />digital camera<NODE id="1668" /> image-stabilization mechanisms, <NODE id="1701" />pointer control devices<NODE id="1724" />, <NODE id="1726" />mobile phone<NODE id="1738" /> open and close detection switches<NODE id="1772" />, and <NODE id="1778" />automobile power windows<NODE id="1802" />. The <NODE id="1808" />company<NODE id="1815" /> <NODE id="1816" />offers<NODE id="1822" /> a broad <NODE id="1831" />range<NODE id="1836" /> of advanced <NODE id="1849" />magnetic sensor<NODE id="1864" /> products<NODE id="1873" /> and makes vital contributions to <NODE id="1907" />smartphones<NODE id="1918" /> and other portable electronic devices. The company launched a <NODE id="1981" />6-axis electronic compass<NODE id="2006" /> for <NODE id="2011" />mobile devices<NODE id="2025" /> and <NODE id="2030" />GPS-enabled <NODE id="2042" />digital cameras<NODE id="2057" /> which reduces the number of required components by half and enhances the process efficiency of incorporating <NODE id="2167" />electronic compasses<NODE id="2187" /> in products. <NODE id="2201" />Allegro Microsystems<NODE id="2221" /> <NODE id="2222" />Allegro Microsystems<NODE id="2242" /> is the second-most prominent <NODE id="2272" />vendor<NODE id="2278" /> in the <NODE id="2286" />MEMS magnetic sensors <NODE id="2308" />market<NODE id="2314" />. In September 2015, the <NODE id="2339" />company<NODE id="2346" /> launched a <NODE id="2358" />two-wire Hall-effect latch A1245<NODE id="2390" />, <NODE id="2392" />which<NODE id="2397" /> offers enhanced magnetic sensitivity and attains magnetic stability over the full operating temperature range of -40°C to 150°C. In November 2015, the <NODE id="2549" />company<NODE id="2556" /> announced a unique <NODE id="2576" />dual-channel latch<NODE id="2594" /> with 2D sensing for determining position and direction. <NODE id="2651" />Honeywell<NODE id="2660" /> In May 2014, <NODE id="2674" />Honeywell<NODE id="2683" /> <NODE id="2684" />introduced<NODE id="2694" /> the industry’s first <NODE id="2716" />Nanopower Anisotropic Magnetoresistive sensor integrated circuits<NODE id="2781" /> (<NODE id="2783" />ICs<NODE id="2786" />). The high sensitivity of these <NODE id="2819" />ICs<NODE id="2822" /> allows design engineers to reduce system costs. These <NODE id="2877" />ICs<NODE id="2880" /> are used in <NODE id="2893" />dishwashers<NODE id="2904" />; <NODE id="2906" />microwaves<NODE id="2916" />; <NODE id="2918" />washing machines<NODE id="2934" />; <NODE id="2936" />refrigerators<NODE id="2949" /> and <NODE id="2954" />coffee machines<NODE id="2969" />; consumer electronics such as <NODE id="3000" />notebook computers<NODE id="3018" />, <NODE id="3020" />tablets<NODE id="3027" />, and <NODE id="3033" />cordless speakers<NODE id="3050" />; and battery-operated applications including <NODE id="3096" />water<NODE id="3101" /> and <NODE id="3106" />gas meters<NODE id="3116" />, <NODE id="3118" />electricity meters<NODE id="3136" />, <NODE id="3138" />industrial smoke detectors<NODE id="3164" />, <NODE id="3166" />exercise equipment<NODE id="3184" />, <NODE id="3186" />security systems<NODE id="3202" />, and <NODE id="3208" />handheld computers<NODE id="3226" />. In August 2014, the <NODE id="3248" />company<NODE id="3255" /> <NODE id="3256" />launched<NODE id="3264" /> <NODE id="3265" />its<NODE id="3268" /> <NODE id="3269" />linear Hall-effect magnetic position sensor <NODE id="3313" />IC<NODE id="3315" />, expanding <NODE id="3327" />its<NODE id="3330" /> existing product portfolio and enhancing <NODE id="3372" />its<NODE id="3375" /> share in the market. <NODE id="3397" />Infineon Technologies<NODE id="3418" /> <NODE id="3419" />Infineon Technologies<NODE id="3440" /> <NODE id="3441" />launched<NODE id="3449" /> a highly accurate <NODE id="3468" />3D magnetic sensor<NODE id="3486" /> with low power consumption for consumer and industrial applications in May 2015. The <NODE id="3572" />sensor<NODE id="3578" /> introduces magnetic sensing to new applications by making the <NODE id="3641" />sensors<NODE id="3648" /> smaller, more robust, and more accurate. These <NODE id="3696" />sensors<NODE id="3703" /> have allowed for smaller and more energy-efficient <NODE id="3755" />e-meters<NODE id="3763" />. In October 2014, the <NODE id="3786" />company<NODE id="3793" /> <NODE id="3794" />introduced<NODE id="3804" /> <NODE id="3805" />dual-sensor package devices<NODE id="3832" /> for safety-critical automotive applications. Contacts <NODE id="3887" />Technavio Research<NODE id="3905" /> Jesse Maida Media &amp; Marketing Executive US: +1 630 333 9501 UK: +44 208 123 1770 www.technavio.com Copyright (2016) <NODE id="4022" />Business Wire<NODE id="4035" />. All Rights Reserved.
</TEXT>
<Meta>
<feature featureName="id" featureValue="vico/89bd7dde-1c63-305f-b293-d90dfc25968f" />
<feature featureName="source" featureValue="sensor_corpus" />
<feature featureName="lang" featureValue="en" />
<feature featureName="pubDate" featureValue="2016-02-04T02:16:24Z" />
<feature featureName="indexDate" featureValue="2016-07-13T11:27:23.274Z" />
<feature featureName="uri" featureValue="http://www.virtual-strategy.com/2016/02/03/technavio-announces-top-five-vendors-global-micro-electro-mechanical-systems-magnetic-sen" />
<feature featureName="solrEventType" featureValue="None" /></Meta><Entities>
<Entity id="0" startPos="87" endPos="96" type="organization" surface="Technavio" />
<Entity id="1" startPos="138" endPos="187" type="product" surface="Micro-Electro-Mechanical Systems Magnetic Sensors" />
<Entity id="2" startPos="205" endPos="218" type="organization" surface="Business Wire" />
<Entity id="3" startPos="248" endPos="257" type="organization" surface="Technavio" />
<Entity id="4" startPos="304" endPos="309" type="organization" surface="their" />
<Entity id="5" startPos="317" endPos="394" type="product" surface="global micro-electro-mechanical systems (MEMS) magnetic sensors market report" />
<Entity id="6" startPos="364" endPos="380" type="product" surface="magnetic sensors" />
<Entity id="7" startPos="410" endPos="416" type="product" surface="report" />
<Entity id="8" startPos="564" endPos="585" type="product" surface="MEMS magnetic sensors" />
<Entity id="9" startPos="644" endPos="657" type="product" surface="semiconductor" />
<Entity id="10" startPos="721" endPos="737" type="product" surface="magnetic sensors" />
<Entity id="11" startPos="801" endPos="817" type="product" surface="magnetic sensors" />
<Entity id="12" startPos="1165" endPos="1172" type="product" surface="sensors" />
<Entity id="13" startPos="1185" endPos="1194" type="organization" surface="Technavio" />
<Entity id="14" startPos="1502" endPos="1523" type="product" surface="MEMS magnetic sensors" />
<Entity id="15" startPos="1524" endPos="1531" type="trigger" surface="vendors" />
<Entity id="16" startPos="1537" endPos="1561" type="organization" surface="Asahi Kasei Microsystems" />
<Entity id="17" startPos="1562" endPos="1586" type="organization" surface="Asahi Kasei Microsystems" />
<Entity id="18" startPos="1608" endPos="1627" type="product" surface="optical disc drives" />
<Entity id="19" startPos="1632" endPos="1652" type="product" surface="air conditioner fans" />
<Entity id="20" startPos="1654" endPos="1668" type="product" surface="digital camera" />
<Entity id="21" startPos="1701" endPos="1724" type="product" surface="pointer control devices" />
<Entity id="22" startPos="1726" endPos="1738" type="product" surface="mobile phone" />
<Entity id="23" startPos="1726" endPos="1772" type="product" surface="mobile phone open and close detection switches" />
<Entity id="24" startPos="1778" endPos="1802" type="product" surface="automobile power windows" />
<Entity id="25" startPos="1808" endPos="1815" type="organization" surface="company" />
<Entity id="26" startPos="1816" endPos="1822" type="trigger" surface="offers" />
<Entity id="27" startPos="1831" endPos="1836" type="trigger" surface="range" />
<Entity id="28" startPos="1849" endPos="1864" type="product" surface="magnetic sensor" />
<Entity id="29" startPos="1849" endPos="1873" type="product" surface="magnetic sensor products" />
<Entity id="30" startPos="1907" endPos="1918" type="product" surface="smartphones" />
<Entity id="31" startPos="1981" endPos="2006" type="product" surface="6-axis electronic compass" />
<Entity id="32" startPos="2011" endPos="2025" type="product" surface="mobile devices" />
<Entity id="33" startPos="2030" endPos="2057" type="product" surface="GPS-enabled digital cameras" />
<Entity id="34" startPos="2042" endPos="2057" type="product" surface="digital cameras" />
<Entity id="35" startPos="2167" endPos="2187" type="product" surface="electronic compasses" />
<Entity id="36" startPos="2201" endPos="2221" type="organization" surface="Allegro Microsystems" />
<Entity id="37" startPos="2222" endPos="2242" type="organization" surface="Allegro Microsystems" />
<Entity id="38" startPos="2272" endPos="2278" type="trigger" surface="vendor" />
<Entity id="39" startPos="2286" endPos="2314" type="product" surface="MEMS magnetic sensors market" />
<Entity id="40" startPos="2308" endPos="2314" type="trigger" surface="market" />
<Entity id="41" startPos="2339" endPos="2346" type="organization" surface="company" />
<Entity id="42" startPos="2358" endPos="2390" type="product" surface="two-wire Hall-effect latch A1245" />
<Entity id="43" startPos="2392" endPos="2397" type="product" surface="which" />
<Entity id="44" startPos="2549" endPos="2556" type="organization" surface="company" />
<Entity id="45" startPos="2576" endPos="2594" type="product" surface="dual-channel latch" />
<Entity id="46" startPos="2651" endPos="2660" type="organization" surface="Honeywell" />
<Entity id="47" startPos="2674" endPos="2683" type="organization" surface="Honeywell" />
<Entity id="48" startPos="2684" endPos="2694" type="trigger" surface="introduced" />
<Entity id="49" startPos="2716" endPos="2781" type="product" surface="Nanopower Anisotropic Magnetoresistive sensor integrated circuits" />
<Entity id="50" startPos="2783" endPos="2786" type="product" surface="ICs" />
<Entity id="51" startPos="2819" endPos="2822" type="product" surface="ICs" />
<Entity id="52" startPos="2877" endPos="2880" type="product" surface="ICs" />
<Entity id="53" startPos="2893" endPos="2904" type="product" surface="dishwashers" />
<Entity id="54" startPos="2906" endPos="2916" type="product" surface="microwaves" />
<Entity id="55" startPos="2918" endPos="2934" type="product" surface="washing machines" />
<Entity id="56" startPos="2936" endPos="2949" type="product" surface="refrigerators" />
<Entity id="57" startPos="2954" endPos="2969" type="product" surface="coffee machines" />
<Entity id="58" startPos="3000" endPos="3018" type="product" surface="notebook computers" />
<Entity id="59" startPos="3020" endPos="3027" type="product" surface="tablets" />
<Entity id="60" startPos="3033" endPos="3050" type="product" surface="cordless speakers" />
<Entity id="61" startPos="3096" endPos="3101" type="product" surface="water" />
<Entity id="62" startPos="3106" endPos="3116" type="product" surface="gas meters" />
<Entity id="63" startPos="3118" endPos="3136" type="product" surface="electricity meters" />
<Entity id="64" startPos="3138" endPos="3164" type="product" surface="industrial smoke detectors" />
<Entity id="65" startPos="3166" endPos="3184" type="product" surface="exercise equipment" />
<Entity id="66" startPos="3186" endPos="3202" type="product" surface="security systems" />
<Entity id="67" startPos="3208" endPos="3226" type="product" surface="handheld computers" />
<Entity id="68" startPos="3248" endPos="3255" type="organization" surface="company" />
<Entity id="69" startPos="3256" endPos="3264" type="trigger" surface="launched" />
<Entity id="70" startPos="3265" endPos="3268" type="organization" surface="its" />
<Entity id="71" startPos="3269" endPos="3315" type="product" surface="linear Hall-effect magnetic position sensor IC" />
<Entity id="72" startPos="3313" endPos="3315" type="product" surface="IC" />
<Entity id="73" startPos="3327" endPos="3330" type="organization" surface="its" />
<Entity id="74" startPos="3372" endPos="3375" type="organization" surface="its" />
<Entity id="75" startPos="3397" endPos="3418" type="organization" surface="Infineon Technologies" />
<Entity id="76" startPos="3419" endPos="3440" type="organization" surface="Infineon Technologies" />
<Entity id="77" startPos="3441" endPos="3449" type="trigger" surface="launched" />
<Entity id="78" startPos="3468" endPos="3486" type="product" surface="3D magnetic sensor" />
<Entity id="79" startPos="3572" endPos="3578" type="product" surface="sensor" />
<Entity id="80" startPos="3641" endPos="3648" type="product" surface="sensors" />
<Entity id="81" startPos="3696" endPos="3703" type="product" surface="sensors" />
<Entity id="82" startPos="3755" endPos="3763" type="product" surface="e-meters" />
<Entity id="83" startPos="3786" endPos="3793" type="organization" surface="company" />
<Entity id="84" startPos="3794" endPos="3804" type="trigger" surface="introduced" />
<Entity id="85" startPos="3805" endPos="3832" type="product" surface="dual-sensor package devices" />
<Entity id="86" startPos="3887" endPos="3905" type="organization" surface="Technavio Research" />
<Entity id="87" startPos="4022" endPos="4035" type="organization" surface="Business Wire" /></Entities><Relations>
<Relation id="88" NAME="CompanyProvidesProduct">
<Entity id="5" label="product" />
<Entity id="3" label="company" />
</Relation>
<Relation id="89" NAME="CompanyProvidesProduct">
<Entity id="14" label="product" />
<Entity id="16" label="company" />
<Entity id="15" label="trigger" />
</Relation>
<Relation id="90" NAME="CompanyProvidesProduct">
<Entity id="29" label="product" />
<Entity id="25" label="company" />
<Entity id="26" label="trigger" />
<Entity id="27" label="trigger" />
</Relation>
<Relation id="91" NAME="CompanyProvidesProduct">
<Entity id="39" label="product" />
<Entity id="37" label="company" />
<Entity id="38" label="trigger" />
<Entity id="40" label="trigger" />
</Relation>
<Relation id="92" NAME="CompanyProvidesProduct">
<Entity id="49" label="product" />
<Entity id="47" label="company" />
<Entity id="48" label="trigger" />
</Relation>
<Relation id="93" NAME="CompanyProvidesProduct">
<Entity id="71" label="product" />
<Entity id="68" label="company" />
<Entity id="69" label="trigger" />
</Relation>
<Relation id="94" NAME="CompanyProvidesProduct">
<Entity id="78" label="product" />
<Entity id="76" label="company" />
<Entity id="77" label="trigger" />
</Relation>
<Relation id="95" NAME="CompanyProvidesProduct">
<Entity id="85" label="product" />
<Entity id="83" label="company" />
<Entity id="84" label="trigger" />
</Relation>
<Relation id="96" NAME="identity">
<Entity id="0" label="source" />
<Entity id="86" label="target" />
<Entity id="4" label="target" />
<Entity id="3" label="target" />
<Entity id="13" label="target" />
</Relation>
<Relation id="97" NAME="identity">
<Entity id="1" label="source" />
<Entity id="14" label="target" />
<Entity id="6" label="target" />
<Entity id="11" label="target" />
<Entity id="8" label="target" />
<Entity id="10" label="target" />
<Entity id="39" label="target" />
<Entity id="28" label="target" />
</Relation>
<Relation id="98" NAME="identity">
<Entity id="2" label="source" />
<Entity id="87" label="target" />
</Relation>
<Relation id="99" NAME="identity">
<Entity id="5" label="source" />
<Entity id="7" label="target" />
</Relation>
<Relation id="100" NAME="identity">
<Entity id="16" label="source" />
<Entity id="17" label="target" />
<Entity id="25" label="target" />
</Relation>
<Relation id="101" NAME="identity">
<Entity id="20" label="source" />
<Entity id="34" label="target" />
</Relation>
<Relation id="102" NAME="identity">
<Entity id="22" label="source" />
<Entity id="30" label="target" />
<Entity id="32" label="target" />
</Relation>
<Relation id="103" NAME="identity">
<Entity id="36" label="source" />
<Entity id="41" label="target" />
<Entity id="44" label="target" />
<Entity id="37" label="target" />
</Relation>
<Relation id="104" NAME="identity">
<Entity id="42" label="source" />
<Entity id="43" label="target" />
</Relation>
<Relation id="105" NAME="identity">
<Entity id="46" label="source" />
<Entity id="68" label="target" />
<Entity id="74" label="target" />
<Entity id="70" label="target" />
<Entity id="47" label="target" />
</Relation>
<Relation id="106" NAME="identity">
<Entity id="49" label="source" />
<Entity id="52" label="target" />
<Entity id="50" label="target" />
<Entity id="51" label="target" />
<Entity id="72" label="target" />
</Relation>
<Relation id="107" NAME="identity">
<Entity id="75" label="source" />
<Entity id="83" label="target" />
<Entity id="76" label="target" />
</Relation>
<Relation id="108" NAME="identity">
<Entity id="78" label="source" />
<Entity id="81" label="target" />
<Entity id="79" label="target" />
<Entity id="80" label="target" />
</Relation></Relations>
</Document>
