<?xml version="1.0" encoding="UTF-8"?>
<Document>
<TEXT><NODE id="0" />Gridco Systems<NODE id="14" /> Introduces Industry's First Integrated <NODE id="54" />Power Regulating Transformer<NODE id="82" /> for DER Integration and Energy Efficiency (CVR/VVO) Easy-to-deploy, utility-grade system designed to address multiple grid applications WOBURN, Mass., and ORLANDO, Fla., Feb. 9, 2016 /<NODE id="267" />PRNewswire<NODE id="277" />/ -- <NODE id="282" />Gridco Systems<NODE id="296" />, a <NODE id="300" />leader<NODE id="306" /> in <NODE id="310" />agile grid infrastructure solutions<NODE id="345" />, today announced the <NODE id="367" />launch<NODE id="373" /> of a new <NODE id="383" />product<NODE id="390" />, the <NODE id="396" />Gridco Systems<NODE id="410" /> Power Regulating Transformer™<NODE id="440" /> (<NODE id="442" />PRT<NODE id="445" />) . The <NODE id="453" />single-phase 50kVa pad-mounted multi-function device<NODE id="505" /> is designed for North American distribution utility use in edge-of-grid applications for more actionable control. The first commercially available product of its kind, the <NODE id="678" />PRT<NODE id="681" /> combines a best-in-class pad-mounted distribution transformer with a power electronics-based <NODE id="775" />Gridco Systems<NODE id="789" /> In-line Power Regulator™<NODE id="814" /> (<NODE id="816" />IPR<NODE id="819" />) , packaged in an integrated assembly for installation on existing distribution transformer pads. The <NODE id="922" />PRT-50<NODE id="928" /> provides distribution utilities with a new tool to more effectively integrate Distributed Energy Resources (DER), enhance Conservation Voltage Reduction (CVR) and peak demand management programs, assure power quality to sensitive customer equipment, and increase overall system reliability. Applications DER Integration: manage power fluctuations, including voltage rise and harmonics, caused by variable residential and utility-scale DER Enhanced Power Quality: compensate for sags, swells and harmonics to prevent impact to sensitive customer equipment, extend customer and utility asset life, and prevent system-wide failures CVR/VVO: enhance new or existing CVR/VVO schemes to achieve the highest possible system efficiency, energy savings, and peak demand reduction to alleviate capacity constraints, without relying on third-party programs or customer behavioral changes Features and Benefits Load Voltage Regulation: continuously regulates load voltage across a wide range (boost and buck, ± 10%), in both forward and reverse power flow Sag/Swell Mitigation: fast response protects sensitive loads from voltage sags and swells caused by grid disturbances High Efficiency: power electronics subsystem has greater than 99% efficiency, thanks to the low-loss topology of <NODE id="2204" />Gridco<NODE id="2210" />'s<NODE id="2212" /> <NODE id="2213" />IPR<NODE id="2216" /> Reactive Power Compensation<NODE id="2244" />: regulates power factor by dynamically injecting or absorbing reactive power Harmonic Cancellation: actively corrects source-current and load-voltage harmonic distortion Dynamic and Precise: responds in sub-cycle timescales and operates continuously and precisely Power Quality Monitoring: enables high-resolution PQ monitoring via integrated voltage and current sensors Transformer Monitoring: provides top oil temperature information and tracks loading conditions Pad-Compliant Footprint: installs as a conventional distribution transformer using standard concrete pad designs, utilizing existing transformer locations Operational Flexibility: operates autonomously or can be integrated into utility SCADA/DMS systems and/or the <NODE id="2976" />Gridco Systems<NODE id="2990" /> Grid Management and Analytics Platform™<NODE id="3030" /> (<NODE id="3032" />GMAP<NODE id="3036" />) using the built-in <NODE id="3057" />Gridco Systems<NODE id="3071" /> Distributed Grid Controller™<NODE id="3100" /> (<NODE id="3102" />DGC<NODE id="3105" />) Utility-Grade: purpose-built to withstand outdoor environments for 25 years, employing ruggedized and passively cooled power electronics for high reliability and maintenance-free operation; supports non-disruptive failure-to-normal and in-field replacement of active regulation subsystem With <NODE id="3400" />our<NODE id="3403" /> flexible product architecture, <NODE id="3435" />we<NODE id="3437" /> can now provide utility customers the benefits of In-line Power Regulators in a form factor ideally suited to underground distribution networks, said Naimish Patel, CEO at <NODE id="3610" />Gridco Systems<NODE id="3624" />. <NODE id="3626" />We<NODE id="3628" /> are committed to working closely with utilities and world-class partners to deliver cost-effective and easily deployable solutions that address the challenges of today while laying the foundation for tomorrow. To learn more about the <NODE id="3863" />company<NODE id="3870" />'s full suite of utility solutions, including the <NODE id="3920" />PRT<NODE id="3923" />, visit <NODE id="3931" />Gridco Systems<NODE id="3945" /> at DistribuTECH 2016 , booth #2125, and online at http://gridcosystems.com/ . Additionally, the <NODE id="4042" />company<NODE id="4049" /> will be presenting on a panel entitled: Rethinking the Grid Edge - New Approaches and Strategies to Secondary Management for Improved Grid Efficiency and DER Hosting Capacity, on Thursday, February 11th. About <NODE id="4260" />Gridco Systems<NODE id="4274" /> <NODE id="4275" />Gridco Systems<NODE id="4289" /> is a <NODE id="4295" />leader<NODE id="4301" /> in <NODE id="4305" />agile grid infrastructure solutions<NODE id="4340" />, enabling utilities to more effectively integrate renewable and distributed generation, increase energy efficiency, manage peak capacity, and improve system reliability. The <NODE id="4515" />Gridco Systems<NODE id="4529" /> emPower™ Solution<NODE id="4547" /> combines modular power electronics, advanced controls, distributed networking, and power system analytics to deliver the industry's only end-to-end hardware and software platform purpose built to solve utilities' current and emerging distribution challenges in a distributed, dynamic, and decoupled fashion. To learn more, please visit http://gridcosystems.com/ . <NODE id="4912" />Gridco Systems<NODE id="4926" />® is a registered trademark of <NODE id="4957" />Gridco Systems<NODE id="4971" />. <NODE id="4973" />Gridco Systems<NODE id="4987" /> Power Regulating Transformer™<NODE id="5017" /> (<NODE id="5019" />PRT<NODE id="5022" />), <NODE id="5025" />Gridco Systems<NODE id="5039" /> emPower™ Solution<NODE id="5057" />, <NODE id="5059" />Gridco Systems<NODE id="5073" /> Grid Management and Analytics Platform™<NODE id="5113" /> (<NODE id="5115" />GMAP<NODE id="5119" />) and the <NODE id="5129" />Gridco Systems<NODE id="5143" /> Distributed Grid Controller™<NODE id="5172" /> (<NODE id="5174" />DGC<NODE id="5177" />) are <NODE id="5183" />trademarks<NODE id="5193" /> of <NODE id="5197" />Gridco Systems<NODE id="5211" />. Media and Analyst inquiries: Joanna Hamblin Marketing Manager <NODE id="5275" />Gridco Systems<NODE id="5289" /> 339-298-3055 jhamblin@gridcosystems.com Photo - http://photos.prnewswire.com/prnh/20160209/331118 To view the original version on <NODE id="5420" />PR Newswire<NODE id="5431" />, visit: http://www.prnewswire.com/news-releases/gridco-systems-introduces-industrys-first-integrated-power-regulating-transformer-for-der-integration-and-energy-efficiency-cvrvvo-300217400.html distribution transformer
</TEXT>
<Meta>
<feature featureName="id" featureValue="vico/dcbfc533-cfc3-3e84-bdca-ffafeab2675a" />
<feature featureName="source" featureValue="sensor_corpus" />
<feature featureName="lang" featureValue="en" />
<feature featureName="pubDate" featureValue="2016-02-09T17:56:38Z" />
<feature featureName="indexDate" featureValue="2016-07-13T11:59:03.908Z" />
<feature featureName="uri" featureValue="http://finance.yahoo.com/news/gridco-systems-introduces-industrys-first-160000806.html" />
<feature featureName="solrEventType" featureValue="None" /></Meta><Entities>
<Entity id="0" startPos="0" endPos="14" type="organization" surface="Gridco Systems" />
<Entity id="1" startPos="54" endPos="82" type="product" surface="Power Regulating Transformer" />
<Entity id="2" startPos="267" endPos="277" type="organization" surface="PRNewswire" />
<Entity id="3" startPos="282" endPos="296" type="organization" surface="Gridco Systems" />
<Entity id="4" startPos="300" endPos="306" type="trigger" surface="leader" />
<Entity id="5" startPos="310" endPos="345" type="product" surface="agile grid infrastructure solutions" />
<Entity id="6" startPos="367" endPos="373" type="trigger" surface="launch" />
<Entity id="7" startPos="383" endPos="390" type="trigger" surface="product" />
<Entity id="8" startPos="396" endPos="410" type="organization" surface="Gridco Systems" />
<Entity id="9" startPos="396" endPos="440" type="product" surface="Gridco Systems Power Regulating Transformer™" />
<Entity id="10" startPos="442" endPos="445" type="product" surface="PRT" />
<Entity id="11" startPos="453" endPos="505" type="product" surface="single-phase 50kVa pad-mounted multi-function device" />
<Entity id="12" startPos="678" endPos="681" type="product" surface="PRT" />
<Entity id="13" startPos="775" endPos="789" type="organization" surface="Gridco Systems" />
<Entity id="14" startPos="775" endPos="814" type="product" surface="Gridco Systems In-line Power Regulator™" />
<Entity id="15" startPos="816" endPos="819" type="product" surface="IPR" />
<Entity id="16" startPos="922" endPos="928" type="product" surface="PRT-50" />
<Entity id="17" startPos="2204" endPos="2210" type="organization" surface="Gridco" />
<Entity id="18" startPos="2210" endPos="2212" type="trigger" surface="'s" />
<Entity id="19" startPos="2213" endPos="2216" type="product" surface="IPR" />
<Entity id="20" startPos="2213" endPos="2244" type="product" surface="IPR Reactive Power Compensation" />
<Entity id="21" startPos="2976" endPos="2990" type="organization" surface="Gridco Systems" />
<Entity id="22" startPos="2976" endPos="3030" type="product" surface="Gridco Systems Grid Management and Analytics Platform™" />
<Entity id="23" startPos="3032" endPos="3036" type="product" surface="GMAP" />
<Entity id="24" startPos="3057" endPos="3071" type="organization" surface="Gridco Systems" />
<Entity id="25" startPos="3057" endPos="3100" type="product" surface="Gridco Systems Distributed Grid Controller™" />
<Entity id="26" startPos="3102" endPos="3105" type="product" surface="DGC" />
<Entity id="27" startPos="3400" endPos="3403" type="organization" surface="our" />
<Entity id="28" startPos="3435" endPos="3437" type="organization" surface="we" />
<Entity id="29" startPos="3610" endPos="3624" type="organization" surface="Gridco Systems" />
<Entity id="30" startPos="3626" endPos="3628" type="organization" surface="We" />
<Entity id="31" startPos="3863" endPos="3870" type="organization" surface="company" />
<Entity id="32" startPos="3920" endPos="3923" type="product" surface="PRT" />
<Entity id="33" startPos="3931" endPos="3945" type="organization" surface="Gridco Systems" />
<Entity id="34" startPos="4042" endPos="4049" type="organization" surface="company" />
<Entity id="35" startPos="4260" endPos="4274" type="organization" surface="Gridco Systems" />
<Entity id="36" startPos="4275" endPos="4289" type="organization" surface="Gridco Systems" />
<Entity id="37" startPos="4295" endPos="4301" type="trigger" surface="leader" />
<Entity id="38" startPos="4305" endPos="4340" type="product" surface="agile grid infrastructure solutions" />
<Entity id="39" startPos="4515" endPos="4529" type="organization" surface="Gridco Systems" />
<Entity id="40" startPos="4515" endPos="4547" type="product" surface="Gridco Systems emPower™ Solution" />
<Entity id="41" startPos="4912" endPos="4926" type="organization" surface="Gridco Systems" />
<Entity id="42" startPos="4957" endPos="4971" type="organization" surface="Gridco Systems" />
<Entity id="43" startPos="4973" endPos="4987" type="organization" surface="Gridco Systems" />
<Entity id="44" startPos="4973" endPos="5017" type="product" surface="Gridco Systems Power Regulating Transformer™" />
<Entity id="45" startPos="5019" endPos="5022" type="product" surface="PRT" />
<Entity id="46" startPos="5025" endPos="5039" type="organization" surface="Gridco Systems" />
<Entity id="47" startPos="5025" endPos="5057" type="product" surface="Gridco Systems emPower™ Solution" />
<Entity id="48" startPos="5059" endPos="5073" type="organization" surface="Gridco Systems" />
<Entity id="49" startPos="5059" endPos="5113" type="product" surface="Gridco Systems Grid Management and Analytics Platform™" />
<Entity id="50" startPos="5115" endPos="5119" type="product" surface="GMAP" />
<Entity id="51" startPos="5129" endPos="5143" type="organization" surface="Gridco Systems" />
<Entity id="52" startPos="5129" endPos="5172" type="product" surface="Gridco Systems Distributed Grid Controller™" />
<Entity id="53" startPos="5174" endPos="5177" type="product" surface="DGC" />
<Entity id="54" startPos="5183" endPos="5193" type="trigger" surface="trademarks" />
<Entity id="55" startPos="5197" endPos="5211" type="organization" surface="Gridco Systems" />
<Entity id="56" startPos="5275" endPos="5289" type="organization" surface="Gridco Systems" />
<Entity id="57" startPos="5420" endPos="5431" type="organization" surface="PR Newswire" /></Entities><Relations>
<Relation id="58" NAME="CompanyProvidesProduct">
<Entity id="9" label="product" />
<Entity id="3" label="company" />
<Entity id="7" label="trigger" />
<Entity id="6" label="trigger" />
</Relation>
<Relation id="59" NAME="CompanyProvidesProduct">
<Entity id="5" label="product" />
<Entity id="3" label="company" />
<Entity id="4" label="trigger" />
</Relation>
<Relation id="60" NAME="CompanyProvidesProduct">
<Entity id="9" label="product" />
<Entity id="8" label="company" />
</Relation>
<Relation id="61" NAME="CompanyProvidesProduct">
<Entity id="14" label="product" />
<Entity id="13" label="company" />
</Relation>
<Relation id="62" NAME="CompanyProvidesProduct">
<Entity id="20" label="product" />
<Entity id="17" label="company" />
<Entity id="18" label="trigger" />
</Relation>
<Relation id="63" NAME="CompanyProvidesProduct">
<Entity id="22" label="product" />
<Entity id="21" label="company" />
</Relation>
<Relation id="64" NAME="CompanyProvidesProduct">
<Entity id="25" label="product" />
<Entity id="24" label="company" />
</Relation>
<Relation id="65" NAME="CompanyProvidesProduct">
<Entity id="38" label="product" />
<Entity id="36" label="company" />
<Entity id="37" label="trigger" />
</Relation>
<Relation id="66" NAME="CompanyProvidesProduct">
<Entity id="40" label="product" />
<Entity id="39" label="company" />
</Relation>
<Relation id="67" NAME="CompanyProvidesProduct">
<Entity id="44" label="product" />
<Entity id="43" label="company" />
</Relation>
<Relation id="68" NAME="CompanyProvidesProduct">
<Entity id="49" label="product" />
<Entity id="44" label="product" />
<Entity id="47" label="product" />
<Entity id="52" label="product" />
<Entity id="55" label="company" />
<Entity id="54" label="trigger" />
</Relation>
<Relation id="69" NAME="CompanyProvidesProduct">
<Entity id="47" label="product" />
<Entity id="46" label="company" />
</Relation>
<Relation id="70" NAME="CompanyProvidesProduct">
<Entity id="49" label="product" />
<Entity id="48" label="company" />
</Relation>
<Relation id="71" NAME="CompanyProvidesProduct">
<Entity id="52" label="product" />
<Entity id="51" label="company" />
</Relation>
<Relation id="72" NAME="identity">
<Entity id="0" label="source" />
<Entity id="17" label="target" />
<Entity id="28" label="target" />
<Entity id="41" label="target" />
<Entity id="39" label="target" />
<Entity id="29" label="target" />
<Entity id="36" label="target" />
<Entity id="13" label="target" />
<Entity id="46" label="target" />
<Entity id="33" label="target" />
<Entity id="51" label="target" />
<Entity id="24" label="target" />
<Entity id="56" label="target" />
<Entity id="48" label="target" />
<Entity id="31" label="target" />
<Entity id="35" label="target" />
<Entity id="43" label="target" />
<Entity id="42" label="target" />
<Entity id="55" label="target" />
<Entity id="8" label="target" />
<Entity id="3" label="target" />
<Entity id="21" label="target" />
<Entity id="27" label="target" />
<Entity id="30" label="target" />
</Relation>
<Relation id="73" NAME="identity">
<Entity id="1" label="source" />
<Entity id="10" label="target" />
<Entity id="45" label="target" />
<Entity id="12" label="target" />
<Entity id="44" label="target" />
<Entity id="9" label="target" />
<Entity id="11" label="target" />
<Entity id="16" label="target" />
<Entity id="32" label="target" />
</Relation>
<Relation id="74" NAME="identity">
<Entity id="2" label="source" />
<Entity id="57" label="target" />
</Relation>
<Relation id="75" NAME="identity">
<Entity id="5" label="source" />
<Entity id="38" label="target" />
</Relation>
<Relation id="76" NAME="identity">
<Entity id="14" label="source" />
<Entity id="19" label="target" />
<Entity id="15" label="target" />
</Relation>
<Relation id="77" NAME="identity">
<Entity id="22" label="source" />
<Entity id="49" label="target" />
<Entity id="50" label="target" />
<Entity id="23" label="target" />
</Relation>
<Relation id="78" NAME="identity">
<Entity id="25" label="source" />
<Entity id="53" label="target" />
<Entity id="52" label="target" />
<Entity id="26" label="target" />
</Relation>
<Relation id="79" NAME="identity">
<Entity id="40" label="source" />
<Entity id="47" label="target" />
</Relation></Relations>
</Document>
