<?xml version="1.0" encoding="UTF-8"?>
<Document>
<TEXT>Search results for Checkout/Digital-and-Amateur-Photographers-can-now-lea-feed30943.aspx Related searches: Digital and Amateur Photographers can now learn Photoshop online at <NODE id="175" />Paypertut.com<NODE id="188" /> Valencia, CA - <NODE id="204" />Pay Per Tutorial<NODE id="220" /> has <NODE id="225" />launched<NODE id="233" /> a new online <NODE id="247" />Photoshop<NODE id="256" /> CS3<NODE id="260" /> Tutorial<NODE id="269" /> to help people learn <NODE id="291" />Photoshop<NODE id="300" /> and learn digital photography. This is an easy to follow online video course and in fact first of its kind with some of its uniq.. Views: 119 Commercial Photography: The White and The Black In the last few years photography has changed drastically. All thanks to digital cameras, now every person who owns one claims to be a professional photographer. Well, this digital shift has brought its own share of the good and the bad, th.. Views: 61 Key strategies Wendell Fernandes will make your wedding completely unique! Since child years, every lady dreams about a wedding. Times passes, you are getting older...Your dreams come true. Local church, spectacular environment, your nice close friends, well-designed wedding gown, fantastic wedding cake, wonderful.. Views: 29 Buy <NODE id="1076" />Canon<NODE id="1081" /> 5D Mark 2 Digital Cameras<NODE id="1107" /> <NODE id="1108" />at<NODE id="1110" /> <NODE id="1111" />CamerasDirect<NODE id="1124" /> <NODE id="1125" />CamerasDirect<NODE id="1138" /> now <NODE id="1143" />offers<NODE id="1149" /> <NODE id="1150" />Canon<NODE id="1155" /> 5D mark 2 digital cameras<NODE id="1181" /> aimed especially at the pros and serious amateur photographers. <NODE id="1246" />It<NODE id="1248" /> certainly has <NODE id="1263" />its<NODE id="1266" /> share of features that are specifically aimed at the pros. Still, <NODE id="1333" />its<NODE id="1336" /> comprehensive set of electro.. Views: 15 best wedding, industrial, professional, modelling photographers in chennai We are Provide Professional wedding photographers Chennai,Best Indian wedding photographer Chennai,Industrial Photographers Chennai,Quality wedding photography Chennai. We at Omega Modelling Studio, custom design your images to produce a ex.. Views: 254 Selling Your Digital Photos Online For A Profit Photography is a great way to capture those memorable moments or to express your creativity, but there are a lot of people more than willing to pay for your pictures. Digital photography has made transferring pictures from one place to anot.. Views: 852 <NODE id="2009" />CamerasDirect<NODE id="2022" /> Announces <NODE id="2033" />Availability<NODE id="2045" /> Of <NODE id="2049" />Canon<NODE id="2054" /> 650D Digital SLR Cameras<NODE id="2079" /> <NODE id="2080" />CamerasDirect<NODE id="2093" />, the renowned <NODE id="2108" />online store<NODE id="2120" /> for <NODE id="2125" />cameras<NODE id="2132" /> and <NODE id="2137" />camera accessories<NODE id="2155" />, <NODE id="2157" />announces<NODE id="2166" /> <NODE id="2167" />availability<NODE id="2179" /> of <NODE id="2183" />Canon<NODE id="2188" /> 650D digital SLR cameras<NODE id="2213" />. <NODE id="2215" />It<NODE id="2217" /> is one of the best <NODE id="2237" />cameras<NODE id="2244" /> for budding photographers that offers ease of use for new comers. The Cano.. Views: 73 All Good Friend Camera Offers Detailed ND Filter Guide for Professional Photographers USA - Amateur photographers including many professionals ones as well often struggle with landscape photography because of bad lighting conditions. ND filters or neutral density filters are the photography tools that come very handy under s.. Views: 45 <NODE id="2671" />Apex Web Media<NODE id="2685" /> <NODE id="2686" />Releases<NODE id="2694" /> <NODE id="2695" />Photographers Photoshop CS3 Training Video<NODE id="2737" /> Denver, CO July 27, 2008 -- <NODE id="2766" />Apex Web Media<NODE id="2780" />'s latest <NODE id="2790" />Adobe<NODE id="2795" /> Photoshop<NODE id="2805" /> CS3<NODE id="2809" /> for Photographers Training DVD cove.. Views: 268 New Avenues in Wedding Photography Toronto Launched New advancements towards the science and arts of photography have made Toronto wedding photographers as well as the wedding photographers Toronto to move ahead and give their best clicks in wedding and engagement ceremonies in Toronto as we.. Views: 193 Wedding Photographers in Miami November 16, 2012 –<NODE id="3215" />SoulEchoStudios<NODE id="3230" /> is all set to make your wedding the most memorable one while capturing all the precious moments in camera during this occasion at the right time. For just every Wedding Photographers in Miami, photograph.. Views: 179 How to Find Metadata in Digital Photos Using Free XMP Explorer Software <NODE id="3520" />LogicMighty<NODE id="3531" /> <NODE id="3532" />announces<NODE id="3541" /> a new software tool called <NODE id="3569" />XMP Explorer<NODE id="3581" /> designed to help professional and amateur photographers handle metadata embedded in digital photographs. The <NODE id="3691" />tool<NODE id="3695" /> is free to use and <NODE id="3715" />available<NODE id="3724" /> to download <NODE id="3737" />from<NODE id="3741" /> the <NODE id="3746" />LogicMighty<NODE id="3757" /> we.. Views: 207 Enjoy <NODE id="3780" />Digital TV<NODE id="3790" /> and <NODE id="3795" />Mp3 Player<NODE id="3805" /> with <NODE id="3811" />Elonex<NODE id="3817" /> Digital Photo Frame<NODE id="3837" /> LNX/PFD8501 <NODE id="3850" />Elonex<NODE id="3856" /> digital photo frame<NODE id="3876" />, Buy <NODE id="3882" />Elonex<NODE id="3888" /> 7 digital tv mp3 photo frame<NODE id="3917" />, Shopping UK cheapest <NODE id="3940" />Elonex<NODE id="3946" /> 7 digital tv mp3 photo frame<NODE id="3975" /> radio white lnx/pfd8501-<NODE id="4000" />Dclstore.co.uk<NODE id="4014" />. <NODE id="4016" />Elonex<NODE id="4022" /> Digital Photo Frame<NODE id="4042" /> will enhance the home, kitchen, bedroom, <NODE id="4084" />car<NODE id="4087" />.. Views: 434 <NODE id="4101" />CamerasDirect<NODE id="4114" /> <NODE id="4115" />Launches<NODE id="4123" /> <NODE id="4124" />Canon<NODE id="4129" /> 600D Digital SLR Cameras<NODE id="4154" /> <NODE id="4155" />CamerasDirect<NODE id="4168" />, the renowned <NODE id="4183" />one stop shop<NODE id="4196" /> for <NODE id="4201" />camera<NODE id="4207" /> and <NODE id="4212" />camera accessories<NODE id="4230" />, <NODE id="4232" />launches<NODE id="4240" /> <NODE id="4241" />Canon<NODE id="4246" /> 600D digital SLR cameras<NODE id="4271" />. The feature packed <NODE id="4292" />camera<NODE id="4298" /> allows photographers to capture stunning images. The <NODE id="4352" />Canon<NODE id="4357" /> 600D<NODE id="4362" /> is small and convenient to carry.. Views: 9 Hire professional photographers Melbourne for special occasions What is the best way to remember an occasion? You may talk about it for hours but the effect of some photographs can say more than thousands of words. And it is not those ordinary photographs that tell the best stories. Photographs that are.. Views: 150 Canadian Photographer Overpowers <NODE id="4758" />Digital Cams<NODE id="4770" /> FOR IMMEDIATE RELEASE Toronto, Ontario-May 8, 2012- In todays age many people might think that with all the advances in technology there is no need to hire portraits photographers in Canada. It falls in a question, Why should we hire a prof.. Views: 80 Panasonic Capturing the Very Best of Australia in <NODE id="5074" />LUMIX<NODE id="5079" /> Life Sydney, Australia (Syndacast), April 8 2010 -- <NODE id="5132" />Panasonic<NODE id="5141" /> will publish the work of local <NODE id="5173" />LUMIX<NODE id="5178" /> amateur photographers alongside professionals in a book that will showcase the best of Australian life. <NODE id="5283" />LUMIX<NODE id="5288" /> Life – Focus on Australia launched .. Views: 277 <NODE id="5338" />PhotographyCashCow.com<NODE id="5360" />: Get Photography Tips To Make Money By Selling Your Photos Online Can You Take a Simple Photograph? If yes, you could easily make $200 - $2,000 a week taking photographs in your own backyard... on your family vacations... or anywhere in the world you care to travel… Or imagine if, every time you went on v.. Views: 216 <NODE id="5681" />CamerasDirect<NODE id="5694" /> <NODE id="5695" />Offers<NODE id="5701" /> <NODE id="5702" />Canon<NODE id="5707" /> PowerShot SX50 Digital Compact Cameras<NODE id="5746" /> Equipped With Excellent Features <NODE id="5780" />CamerasDirect<NODE id="5793" /> <NODE id="5794" />offers<NODE id="5800" /> <NODE id="5801" />Canon<NODE id="5806" /> PowerShot SX50 digital compact camera<NODE id="5844" /> that is equipped with excellent features. The <NODE id="5891" />Canon<NODE id="5896" /> PowerShot SX50 HS digital compact cameras<NODE id="5938" /> are the world’s first, 50x optical zoom in compact camera. <NODE id="5998" />CamerasDirect<NODE id="6011" /> offers t.. Views: 133 <NODE id="6034" />Mercury<NODE id="6041" /> Cyberpix S-555V<NODE id="6057" /> 5.1 Mega Pixel with Large 2.0 <NODE id="6088" />Mercury<NODE id="6095" /> CyberPix S-555V Digital Camera<NODE id="6126" /> features a 5.1 Megapixel <NODE id="6152" />CMOS sensor<NODE id="6163" />, supporting up to 10 Megapixel resolutions by Interpolation. <NODE id="6225" />It<NODE id="6227" /> has a large 2.0 <NODE id="6244" />LCD<NODE id="6247" /> for great viewing pleasure! <NODE id="6276" />Mercury<NODE id="6283" /> Cyberpix S-555V<NODE id="6299" /> works as a 5:1 Digital Came.. Views: 239 <NODE id="6341" />Western Digital<NODE id="6356" /> Caviar Green 1TB WDH1CS10000E<NODE id="6386" /> - Extra Storage for Your <NODE id="6412" />Computer<NODE id="6420" /> Buy <NODE id="6425" />western digital<NODE id="6440" /> wdh1cs10000e<NODE id="6453" />, <NODE id="6455" />western digital<NODE id="6470" /> 1tb my book home edition, UK cheapest <NODE id="6509" />wdh1cs10000e <NODE id="6522" />western digital<NODE id="6537" /> 1tb my book home edition external hard drive<NODE id="6582" />-<NODE id="6583" />Dclstore.co.uk<NODE id="6597" />. <NODE id="6599" />Western Digital<NODE id="6614" /> Caviar Green 1TB WDH1CS10000E<NODE id="6644" /> is easy to set .. Views: 269 <NODE id="6674" />BeyondMegaPixels<NODE id="6690" /> <NODE id="6691" />Launches<NODE id="6699" /> <NODE id="6700" />Photo Sharing Platform<NODE id="6722" /> <NODE id="6723" />Beyondmegapixels<NODE id="6739" />, premiere online digital photography guide, has <NODE id="6788" />launched<NODE id="6796" /> a unique <NODE id="6806" />photo sharing platform<NODE id="6828" /> for the photographers of the world. The main objective is to help budding photographers get better exposure by displaying their talent.. Views: 81 <NODE id="6976" />CamerasDirect<NODE id="6989" /> <NODE id="6990" />Offers<NODE id="6996" /> <NODE id="6997" />Nikon<NODE id="7002" /> D800 Digital SLR Cameras<NODE id="7027" /> Packed With Excellent Features <NODE id="7059" />CamerasDirect<NODE id="7072" /> <NODE id="7073" />offers<NODE id="7079" /> <NODE id="7080" />Nikon<NODE id="7085" /> D800 digital SLR cameras<NODE id="7110" /> packed with excellent features. The <NODE id="7147" />Nikon<NODE id="7152" /> D800<NODE id="7157" /> is much awaited replacement for the <NODE id="7194" />Nikon<NODE id="7199" /> D700<NODE id="7204" />. The stunning <NODE id="7219" />camera<NODE id="7225" /> is packed with a full frame <NODE id="7254" />36.3 megapixel sensor<NODE id="7275" /> and an ISO range from .. Views: 140 The Top Ten Wedding Photographers in LA May 3, 2014 - Everyone wants to find the perfect photographer to record all of the precious moments of their big day, however, with everything else to arrange, it can cause a lot of stress trying to find the best photographers in the LA are.. Views: 7 <NODE id="7604" />Western Digital<NODE id="7619" /> WDBAAF0010HBK-EESN<NODE id="7638" /> is a Smart and Energy Efficient Drive <NODE id="7677" />Western Digital<NODE id="7692" /> 1tb, Buy <NODE id="7702" />Western Digital<NODE id="7717" /> 1tb hard drive<NODE id="7732" />, Shopping UK cheapest <NODE id="7755" />Western Digital<NODE id="7770" /> 1tb my book essential edition wdbaaf0010hbk<NODE id="7814" />-eesn-<NODE id="7820" />Dclstore.co.uk<NODE id="7834" />. <NODE id="7836" />Western Digital<NODE id="7851" /> 1tb My Book Essential Edition WDBAAF0010HBK Hard Drive<NODE id="7906" /> is an ele.. Views: 450 Privacy Policy
</TEXT>
<Meta>
<feature featureName="id" featureValue="vico/d5a3047f-2f3b-383f-8878-2d924ac7b495" />
<feature featureName="source" featureValue="sensor_corpus" />
<feature featureName="lang" featureValue="en" />
<feature featureName="pubDate" featureValue="2016-01-24T05:05:41Z" />
<feature featureName="indexDate" featureValue="2016-07-13T11:56:20.64Z" />
<feature featureName="uri" featureValue="http://www.techprspider.com/SearchRSS.aspx?q=Checkout/Digital-and-Amateur-Photographers-can-now-lea-feed30943.aspx" />
<feature featureName="solrEventType" featureValue="None" /></Meta><Entities>
<Entity id="0" startPos="175" endPos="188" type="organization" surface="Paypertut.com" />
<Entity id="1" startPos="204" endPos="220" type="organization" surface="Pay Per Tutorial" />
<Entity id="2" startPos="225" endPos="233" type="trigger" surface="launched" />
<Entity id="3" startPos="247" endPos="256" type="product" surface="Photoshop" />
<Entity id="4" startPos="247" endPos="260" type="product" surface="Photoshop CS3" />
<Entity id="5" startPos="247" endPos="269" type="product" surface="Photoshop CS3 Tutorial" />
<Entity id="6" startPos="291" endPos="300" type="product" surface="Photoshop" />
<Entity id="7" startPos="1076" endPos="1081" type="organization" surface="Canon" />
<Entity id="8" startPos="1076" endPos="1107" type="product" surface="Canon 5D Mark 2 Digital Cameras" />
<Entity id="9" startPos="1108" endPos="1110" type="trigger" surface="at" />
<Entity id="10" startPos="1111" endPos="1124" type="organization" surface="CamerasDirect" />
<Entity id="11" startPos="1125" endPos="1138" type="organization" surface="CamerasDirect" />
<Entity id="12" startPos="1143" endPos="1149" type="trigger" surface="offers" />
<Entity id="13" startPos="1150" endPos="1155" type="organization" surface="Canon" />
<Entity id="14" startPos="1150" endPos="1181" type="product" surface="Canon 5D mark 2 digital cameras" />
<Entity id="15" startPos="1246" endPos="1248" type="product" surface="It" />
<Entity id="16" startPos="1263" endPos="1266" type="product" surface="its" />
<Entity id="17" startPos="1333" endPos="1336" type="product" surface="its" />
<Entity id="18" startPos="2009" endPos="2022" type="organization" surface="CamerasDirect" />
<Entity id="19" startPos="2033" endPos="2045" type="trigger" surface="Availability" />
<Entity id="20" startPos="2049" endPos="2054" type="organization" surface="Canon" />
<Entity id="21" startPos="2049" endPos="2079" type="product" surface="Canon 650D Digital SLR Cameras" />
<Entity id="22" startPos="2080" endPos="2093" type="organization" surface="CamerasDirect" />
<Entity id="23" startPos="2108" endPos="2120" type="trigger" surface="online store" />
<Entity id="24" startPos="2125" endPos="2132" type="product" surface="cameras" />
<Entity id="25" startPos="2137" endPos="2155" type="product" surface="camera accessories" />
<Entity id="26" startPos="2157" endPos="2166" type="trigger" surface="announces" />
<Entity id="27" startPos="2167" endPos="2179" type="trigger" surface="availability" />
<Entity id="28" startPos="2183" endPos="2188" type="organization" surface="Canon" />
<Entity id="29" startPos="2183" endPos="2213" type="product" surface="Canon 650D digital SLR cameras" />
<Entity id="30" startPos="2215" endPos="2217" type="product" surface="It" />
<Entity id="31" startPos="2237" endPos="2244" type="product" surface="cameras" />
<Entity id="32" startPos="2671" endPos="2685" type="organization" surface="Apex Web Media" />
<Entity id="33" startPos="2686" endPos="2694" type="trigger" surface="Releases" />
<Entity id="34" startPos="2695" endPos="2737" type="product" surface="Photographers Photoshop CS3 Training Video" />
<Entity id="35" startPos="2766" endPos="2780" type="organization" surface="Apex Web Media" />
<Entity id="36" startPos="2790" endPos="2795" type="organization" surface="Adobe" />
<Entity id="37" startPos="2790" endPos="2805" type="product" surface="Adobe Photoshop" />
<Entity id="38" startPos="2790" endPos="2809" type="product" surface="Adobe Photoshop CS3" />
<Entity id="39" startPos="3215" endPos="3230" type="organization" surface="SoulEchoStudios" />
<Entity id="40" startPos="3520" endPos="3531" type="organization" surface="LogicMighty" />
<Entity id="41" startPos="3532" endPos="3541" type="trigger" surface="announces" />
<Entity id="42" startPos="3569" endPos="3581" type="product" surface="XMP Explorer" />
<Entity id="43" startPos="3691" endPos="3695" type="product" surface="tool" />
<Entity id="44" startPos="3715" endPos="3724" type="trigger" surface="available" />
<Entity id="45" startPos="3737" endPos="3741" type="trigger" surface="from" />
<Entity id="46" startPos="3746" endPos="3757" type="organization" surface="LogicMighty" />
<Entity id="47" startPos="3780" endPos="3790" type="product" surface="Digital TV" />
<Entity id="48" startPos="3795" endPos="3805" type="product" surface="Mp3 Player" />
<Entity id="49" startPos="3811" endPos="3817" type="organization" surface="Elonex" />
<Entity id="50" startPos="3811" endPos="3837" type="product" surface="Elonex Digital Photo Frame" />
<Entity id="51" startPos="3850" endPos="3856" type="organization" surface="Elonex" />
<Entity id="52" startPos="3850" endPos="3876" type="product" surface="Elonex digital photo frame" />
<Entity id="53" startPos="3882" endPos="3888" type="organization" surface="Elonex" />
<Entity id="54" startPos="3882" endPos="3917" type="product" surface="Elonex 7 digital tv mp3 photo frame" />
<Entity id="55" startPos="3940" endPos="3946" type="organization" surface="Elonex" />
<Entity id="56" startPos="3940" endPos="3975" type="product" surface="Elonex 7 digital tv mp3 photo frame" />
<Entity id="57" startPos="4000" endPos="4014" type="organization" surface="Dclstore.co.uk" />
<Entity id="58" startPos="4016" endPos="4022" type="organization" surface="Elonex" />
<Entity id="59" startPos="4016" endPos="4042" type="product" surface="Elonex Digital Photo Frame" />
<Entity id="60" startPos="4084" endPos="4087" type="product" surface="car" />
<Entity id="61" startPos="4101" endPos="4114" type="organization" surface="CamerasDirect" />
<Entity id="62" startPos="4115" endPos="4123" type="trigger" surface="Launches" />
<Entity id="63" startPos="4124" endPos="4129" type="organization" surface="Canon" />
<Entity id="64" startPos="4124" endPos="4154" type="product" surface="Canon 600D Digital SLR Cameras" />
<Entity id="65" startPos="4155" endPos="4168" type="organization" surface="CamerasDirect" />
<Entity id="66" startPos="4183" endPos="4196" type="trigger" surface="one stop shop" />
<Entity id="67" startPos="4201" endPos="4207" type="product" surface="camera" />
<Entity id="68" startPos="4212" endPos="4230" type="product" surface="camera accessories" />
<Entity id="69" startPos="4232" endPos="4240" type="trigger" surface="launches" />
<Entity id="70" startPos="4241" endPos="4246" type="organization" surface="Canon" />
<Entity id="71" startPos="4241" endPos="4271" type="product" surface="Canon 600D digital SLR cameras" />
<Entity id="72" startPos="4292" endPos="4298" type="product" surface="camera" />
<Entity id="73" startPos="4352" endPos="4357" type="organization" surface="Canon" />
<Entity id="74" startPos="4352" endPos="4362" type="product" surface="Canon 600D" />
<Entity id="75" startPos="4758" endPos="4770" type="product" surface="Digital Cams" />
<Entity id="76" startPos="5074" endPos="5079" type="organization" surface="LUMIX" />
<Entity id="77" startPos="5132" endPos="5141" type="organization" surface="Panasonic" />
<Entity id="78" startPos="5173" endPos="5178" type="organization" surface="LUMIX" />
<Entity id="79" startPos="5283" endPos="5288" type="organization" surface="LUMIX" />
<Entity id="80" startPos="5338" endPos="5360" type="organization" surface="PhotographyCashCow.com" />
<Entity id="81" startPos="5681" endPos="5694" type="organization" surface="CamerasDirect" />
<Entity id="82" startPos="5695" endPos="5701" type="trigger" surface="Offers" />
<Entity id="83" startPos="5702" endPos="5707" type="organization" surface="Canon" />
<Entity id="84" startPos="5702" endPos="5746" type="product" surface="Canon PowerShot SX50 Digital Compact Cameras" />
<Entity id="85" startPos="5780" endPos="5793" type="organization" surface="CamerasDirect" />
<Entity id="86" startPos="5794" endPos="5800" type="trigger" surface="offers" />
<Entity id="87" startPos="5801" endPos="5806" type="organization" surface="Canon" />
<Entity id="88" startPos="5801" endPos="5844" type="product" surface="Canon PowerShot SX50 digital compact camera" />
<Entity id="89" startPos="5891" endPos="5896" type="organization" surface="Canon" />
<Entity id="90" startPos="5891" endPos="5938" type="product" surface="Canon PowerShot SX50 HS digital compact cameras" />
<Entity id="91" startPos="5998" endPos="6011" type="organization" surface="CamerasDirect" />
<Entity id="92" startPos="6034" endPos="6041" type="organization" surface="Mercury" />
<Entity id="93" startPos="6034" endPos="6057" type="product" surface="Mercury Cyberpix S-555V" />
<Entity id="94" startPos="6088" endPos="6095" type="organization" surface="Mercury" />
<Entity id="95" startPos="6088" endPos="6126" type="product" surface="Mercury CyberPix S-555V Digital Camera" />
<Entity id="96" startPos="6152" endPos="6163" type="product" surface="CMOS sensor" />
<Entity id="97" startPos="6225" endPos="6227" type="product" surface="It" />
<Entity id="98" startPos="6244" endPos="6247" type="product" surface="LCD" />
<Entity id="99" startPos="6276" endPos="6283" type="organization" surface="Mercury" />
<Entity id="100" startPos="6276" endPos="6299" type="product" surface="Mercury Cyberpix S-555V" />
<Entity id="101" startPos="6341" endPos="6356" type="organization" surface="Western Digital" />
<Entity id="102" startPos="6341" endPos="6386" type="product" surface="Western Digital Caviar Green 1TB WDH1CS10000E" />
<Entity id="103" startPos="6412" endPos="6420" type="product" surface="Computer" />
<Entity id="104" startPos="6425" endPos="6440" type="organization" surface="western digital" />
<Entity id="105" startPos="6425" endPos="6453" type="product" surface="western digital wdh1cs10000e" />
<Entity id="106" startPos="6455" endPos="6470" type="organization" surface="western digital" />
<Entity id="107" startPos="6509" endPos="6582" type="product" surface="wdh1cs10000e western digital 1tb my book home edition external hard drive" />
<Entity id="108" startPos="6522" endPos="6537" type="organization" surface="western digital" />
<Entity id="109" startPos="6583" endPos="6597" type="organization" surface="Dclstore.co.uk" />
<Entity id="110" startPos="6599" endPos="6614" type="organization" surface="Western Digital" />
<Entity id="111" startPos="6599" endPos="6644" type="product" surface="Western Digital Caviar Green 1TB WDH1CS10000E" />
<Entity id="112" startPos="6674" endPos="6690" type="organization" surface="BeyondMegaPixels" />
<Entity id="113" startPos="6691" endPos="6699" type="trigger" surface="Launches" />
<Entity id="114" startPos="6700" endPos="6722" type="product" surface="Photo Sharing Platform" />
<Entity id="115" startPos="6723" endPos="6739" type="organization" surface="Beyondmegapixels" />
<Entity id="116" startPos="6788" endPos="6796" type="trigger" surface="launched" />
<Entity id="117" startPos="6806" endPos="6828" type="product" surface="photo sharing platform" />
<Entity id="118" startPos="6976" endPos="6989" type="organization" surface="CamerasDirect" />
<Entity id="119" startPos="6990" endPos="6996" type="trigger" surface="Offers" />
<Entity id="120" startPos="6997" endPos="7002" type="organization" surface="Nikon" />
<Entity id="121" startPos="6997" endPos="7027" type="product" surface="Nikon D800 Digital SLR Cameras" />
<Entity id="122" startPos="7059" endPos="7072" type="organization" surface="CamerasDirect" />
<Entity id="123" startPos="7073" endPos="7079" type="trigger" surface="offers" />
<Entity id="124" startPos="7080" endPos="7085" type="organization" surface="Nikon" />
<Entity id="125" startPos="7080" endPos="7110" type="product" surface="Nikon D800 digital SLR cameras" />
<Entity id="126" startPos="7147" endPos="7152" type="organization" surface="Nikon" />
<Entity id="127" startPos="7147" endPos="7157" type="product" surface="Nikon D800" />
<Entity id="128" startPos="7194" endPos="7199" type="organization" surface="Nikon" />
<Entity id="129" startPos="7194" endPos="7204" type="product" surface="Nikon D700" />
<Entity id="130" startPos="7219" endPos="7225" type="product" surface="camera" />
<Entity id="131" startPos="7254" endPos="7275" type="product" surface="36.3 megapixel sensor" />
<Entity id="132" startPos="7604" endPos="7619" type="organization" surface="Western Digital" />
<Entity id="133" startPos="7604" endPos="7638" type="product" surface="Western Digital WDBAAF0010HBK-EESN" />
<Entity id="134" startPos="7677" endPos="7692" type="organization" surface="Western Digital" />
<Entity id="135" startPos="7702" endPos="7717" type="organization" surface="Western Digital" />
<Entity id="136" startPos="7702" endPos="7732" type="product" surface="Western Digital 1tb hard drive" />
<Entity id="137" startPos="7755" endPos="7770" type="organization" surface="Western Digital" />
<Entity id="138" startPos="7755" endPos="7814" type="product" surface="Western Digital 1tb my book essential edition wdbaaf0010hbk" />
<Entity id="139" startPos="7820" endPos="7834" type="organization" surface="Dclstore.co.uk" />
<Entity id="140" startPos="7836" endPos="7851" type="organization" surface="Western Digital" />
<Entity id="141" startPos="7836" endPos="7906" type="product" surface="Western Digital 1tb My Book Essential Edition WDBAAF0010HBK Hard Drive" /></Entities><Relations>
<Relation id="142" NAME="CompanyProvidesProduct">
<Entity id="5" label="product" />
<Entity id="1" label="company" />
<Entity id="2" label="trigger" />
</Relation>
<Relation id="143" NAME="CompanyProvidesProduct">
<Entity id="8" label="product" />
<Entity id="7" label="company" />
</Relation>
<Relation id="144" NAME="CompanyProvidesProduct">
<Entity id="8" label="product" />
<Entity id="10" label="company" />
<Entity id="9" label="trigger" />
</Relation>
<Relation id="145" NAME="CompanyProvidesProduct">
<Entity id="14" label="product" />
<Entity id="11" label="company" />
<Entity id="12" label="trigger" />
</Relation>
<Relation id="146" NAME="CompanyProvidesProduct">
<Entity id="14" label="product" />
<Entity id="13" label="company" />
</Relation>
<Relation id="147" NAME="CompanyProvidesProduct">
<Entity id="21" label="product" />
<Entity id="18" label="company" />
<Entity id="19" label="trigger" />
</Relation>
<Relation id="148" NAME="CompanyProvidesProduct">
<Entity id="21" label="product" />
<Entity id="20" label="company" />
</Relation>
<Relation id="149" NAME="CompanyProvidesProduct">
<Entity id="29" label="product" />
<Entity id="22" label="company" />
<Entity id="26" label="trigger" />
<Entity id="27" label="trigger" />
</Relation>
<Relation id="150" NAME="CompanyProvidesProduct">
<Entity id="25" label="product" />
<Entity id="24" label="product" />
<Entity id="22" label="company" />
<Entity id="23" label="trigger" />
</Relation>
<Relation id="151" NAME="CompanyProvidesProduct">
<Entity id="29" label="product" />
<Entity id="28" label="company" />
</Relation>
<Relation id="152" NAME="CompanyProvidesProduct">
<Entity id="34" label="product" />
<Entity id="32" label="company" />
<Entity id="33" label="trigger" />
</Relation>
<Relation id="153" NAME="CompanyProvidesProduct">
<Entity id="38" label="product" />
<Entity id="36" label="company" />
</Relation>
<Relation id="154" NAME="CompanyProvidesProduct">
<Entity id="42" label="product" />
<Entity id="40" label="company" />
<Entity id="41" label="trigger" />
</Relation>
<Relation id="155" NAME="CompanyProvidesProduct">
<Entity id="43" label="product" />
<Entity id="46" label="company" />
<Entity id="45" label="trigger" />
<Entity id="44" label="trigger" />
</Relation>
<Relation id="156" NAME="CompanyProvidesProduct">
<Entity id="50" label="product" />
<Entity id="49" label="company" />
</Relation>
<Relation id="157" NAME="CompanyProvidesProduct">
<Entity id="52" label="product" />
<Entity id="51" label="company" />
</Relation>
<Relation id="158" NAME="CompanyProvidesProduct">
<Entity id="54" label="product" />
<Entity id="53" label="company" />
</Relation>
<Relation id="159" NAME="CompanyProvidesProduct">
<Entity id="56" label="product" />
<Entity id="55" label="company" />
</Relation>
<Relation id="160" NAME="CompanyProvidesProduct">
<Entity id="59" label="product" />
<Entity id="58" label="company" />
</Relation>
<Relation id="161" NAME="CompanyProvidesProduct">
<Entity id="64" label="product" />
<Entity id="61" label="company" />
<Entity id="62" label="trigger" />
</Relation>
<Relation id="162" NAME="CompanyProvidesProduct">
<Entity id="64" label="product" />
<Entity id="63" label="company" />
</Relation>
<Relation id="163" NAME="CompanyProvidesProduct">
<Entity id="67" label="product" />
<Entity id="68" label="product" />
<Entity id="65" label="company" />
<Entity id="66" label="trigger" />
</Relation>
<Relation id="164" NAME="CompanyProvidesProduct">
<Entity id="71" label="product" />
<Entity id="65" label="company" />
<Entity id="69" label="trigger" />
</Relation>
<Relation id="165" NAME="CompanyProvidesProduct">
<Entity id="71" label="product" />
<Entity id="70" label="company" />
</Relation>
<Relation id="166" NAME="CompanyProvidesProduct">
<Entity id="74" label="product" />
<Entity id="73" label="company" />
</Relation>
<Relation id="167" NAME="CompanyProvidesProduct">
<Entity id="84" label="product" />
<Entity id="81" label="company" />
</Relation>
<Relation id="168" NAME="CompanyProvidesProduct">
<Entity id="84" label="product" />
<Entity id="83" label="company" />
</Relation>
<Relation id="169" NAME="CompanyProvidesProduct">
<Entity id="88" label="product" />
<Entity id="85" label="company" />
</Relation>
<Relation id="170" NAME="CompanyProvidesProduct">
<Entity id="88" label="product" />
<Entity id="87" label="company" />
</Relation>
<Relation id="171" NAME="CompanyProvidesProduct">
<Entity id="90" label="product" />
<Entity id="89" label="company" />
</Relation>
<Relation id="172" NAME="CompanyProvidesProduct">
<Entity id="93" label="product" />
<Entity id="92" label="company" />
</Relation>
<Relation id="173" NAME="CompanyProvidesProduct">
<Entity id="94" label="company" />
</Relation>
<Relation id="174" NAME="CompanyProvidesProduct">
<Entity id="100" label="product" />
<Entity id="99" label="company" />
</Relation>
<Relation id="175" NAME="CompanyProvidesProduct">
<Entity id="102" label="product" />
<Entity id="101" label="company" />
</Relation>
<Relation id="176" NAME="CompanyProvidesProduct">
<Entity id="105" label="product" />
<Entity id="104" label="company" />
</Relation>
<Relation id="177" NAME="CompanyProvidesProduct">
<Entity id="107" label="product" />
<Entity id="109" label="company" />
</Relation>
<Relation id="178" NAME="CompanyProvidesProduct">
<Entity id="111" label="product" />
<Entity id="110" label="company" />
</Relation>
<Relation id="179" NAME="CompanyProvidesProduct">
<Entity id="114" label="product" />
<Entity id="112" label="company" />
<Entity id="113" label="trigger" />
</Relation>
<Relation id="180" NAME="CompanyProvidesProduct">
<Entity id="117" label="product" />
<Entity id="115" label="company" />
<Entity id="116" label="trigger" />
</Relation>
<Relation id="181" NAME="CompanyProvidesProduct">
<Entity id="121" label="product" />
<Entity id="118" label="company" />
<Entity id="119" label="trigger" />
</Relation>
<Relation id="182" NAME="CompanyProvidesProduct">
<Entity id="121" label="product" />
<Entity id="120" label="company" />
</Relation>
<Relation id="183" NAME="CompanyProvidesProduct">
<Entity id="125" label="product" />
<Entity id="122" label="company" />
<Entity id="123" label="trigger" />
</Relation>
<Relation id="184" NAME="CompanyProvidesProduct">
<Entity id="125" label="product" />
<Entity id="124" label="company" />
</Relation>
<Relation id="185" NAME="CompanyProvidesProduct">
<Entity id="127" label="product" />
<Entity id="126" label="company" />
</Relation>
<Relation id="186" NAME="CompanyProvidesProduct">
<Entity id="129" label="product" />
<Entity id="128" label="company" />
</Relation>
<Relation id="187" NAME="CompanyProvidesProduct">
<Entity id="133" label="product" />
<Entity id="132" label="company" />
</Relation>
<Relation id="188" NAME="CompanyProvidesProduct">
<Entity id="141" label="product" />
<Entity id="140" label="company" />
</Relation>
<Relation id="189" NAME="Identity">
<Entity id="7" label="source" />
<Entity id="20" label="target" />
<Entity id="63" label="target" />
<Entity id="83" label="target" />
<Entity id="89" label="target" />
<Entity id="73" label="target" />
<Entity id="87" label="target" />
<Entity id="13" label="target" />
<Entity id="28" label="target" />
<Entity id="70" label="target" />
</Relation>
<Relation id="190" NAME="Identity">
<Entity id="10" label="source" />
<Entity id="11" label="target" />
<Entity id="85" label="target" />
<Entity id="91" label="target" />
<Entity id="81" label="target" />
<Entity id="118" label="target" />
<Entity id="18" label="target" />
<Entity id="22" label="target" />
<Entity id="122" label="target" />
<Entity id="65" label="target" />
<Entity id="61" label="target" />
</Relation>
<Relation id="191" NAME="Identity">
<Entity id="32" label="source" />
<Entity id="35" label="target" />
</Relation>
<Relation id="192" NAME="Identity">
<Entity id="40" label="source" />
<Entity id="46" label="target" />
</Relation>
<Relation id="193" NAME="Identity">
<Entity id="76" label="source" />
<Entity id="78" label="target" />
<Entity id="79" label="target" />
</Relation>
<Relation id="194" NAME="Identity">
<Entity id="92" label="source" />
<Entity id="99" label="target" />
<Entity id="94" label="target" />
</Relation>
<Relation id="195" NAME="Identity">
<Entity id="101" label="source" />
<Entity id="137" label="target" />
<Entity id="110" label="target" />
<Entity id="134" label="target" />
<Entity id="135" label="target" />
<Entity id="108" label="target" />
<Entity id="106" label="target" />
<Entity id="132" label="target" />
<Entity id="104" label="target" />
<Entity id="140" label="target" />
</Relation>
<Relation id="196" NAME="Identity">
<Entity id="120" label="source" />
<Entity id="124" label="target" />
<Entity id="128" label="target" />
<Entity id="126" label="target" />
</Relation>
<Relation id="197" NAME="identity">
<Entity id="4" label="source" />
<Entity id="38" label="target" />
</Relation>
<Relation id="198" NAME="identity">
<Entity id="3" label="source" />
<Entity id="37" label="target" />
<Entity id="6" label="target" />
</Relation>
<Relation id="199" NAME="identity">
<Entity id="8" label="source" />
<Entity id="15" label="target" />
<Entity id="14" label="target" />
<Entity id="17" label="target" />
<Entity id="16" label="target" />
</Relation>
<Relation id="200" NAME="identity">
<Entity id="21" label="source" />
<Entity id="30" label="target" />
<Entity id="29" label="target" />
</Relation>
<Relation id="201" NAME="identity">
<Entity id="24" label="source" />
<Entity id="67" label="target" />
<Entity id="75" label="target" />
<Entity id="31" label="target" />
</Relation>
<Relation id="202" NAME="identity">
<Entity id="25" label="source" />
<Entity id="68" label="target" />
</Relation>
<Relation id="203" NAME="identity">
<Entity id="42" label="source" />
<Entity id="43" label="target" />
</Relation>
<Relation id="204" NAME="identity">
<Entity id="49" label="source" />
<Entity id="53" label="target" />
<Entity id="58" label="target" />
<Entity id="51" label="target" />
<Entity id="55" label="target" />
</Relation>
<Relation id="205" NAME="identity">
<Entity id="50" label="source" />
<Entity id="56" label="target" />
<Entity id="54" label="target" />
<Entity id="52" label="target" />
<Entity id="59" label="target" />
</Relation>
<Relation id="206" NAME="identity">
<Entity id="57" label="source" />
<Entity id="109" label="target" />
</Relation>
<Relation id="207" NAME="identity">
<Entity id="64" label="source" />
<Entity id="71" label="target" />
<Entity id="74" label="target" />
<Entity id="72" label="target" />
</Relation>
<Relation id="208" NAME="identity">
<Entity id="84" label="source" />
<Entity id="90" label="target" />
<Entity id="88" label="target" />
</Relation>
<Relation id="209" NAME="identity">
<Entity id="93" label="source" />
<Entity id="95" label="target" />
<Entity id="100" label="target" />
<Entity id="97" label="target" />
</Relation>
<Relation id="210" NAME="identity">
<Entity id="105" label="source" />
<Entity id="107" label="target" />
<Entity id="111" label="target" />
</Relation>
<Relation id="211" NAME="identity">
<Entity id="112" label="source" />
<Entity id="115" label="target" />
</Relation>
<Relation id="212" NAME="identity">
<Entity id="114" label="source" />
<Entity id="117" label="target" />
</Relation>
<Relation id="213" NAME="identity">
<Entity id="121" label="source" />
<Entity id="125" label="target" />
<Entity id="127" label="target" />
</Relation>
<Relation id="214" NAME="identity">
<Entity id="133" label="source" />
<Entity id="141" label="target" />
<Entity id="138" label="target" />
<Entity id="136" label="target" />
</Relation></Relations>
</Document>
