<?xml version="1.0" encoding="UTF-8"?>
<Document>
<TEXT><NODE id="0" />Cornerstone Communications, LTD<NODE id="31" /> of Rockville, Maryland Is Awarded <NODE id="66" />Parkifi<NODE id="73" />'s North American Agency Contract Agency selected as a direct result of experience and a clear understanding of <NODE id="185" />Parkifi<NODE id="192" />’s market <NODE id="202" />Parkifi<NODE id="209" /> is changing the way we look at smart cities, big data, the Internet of Things (IoT), and parking operations. Denver, Colorado and Rockville, Maryland (<NODE id="361" />PRWEB<NODE id="366" />) February 04, 2016 <NODE id="386" />Cornerstone Communications, LTD<NODE id="417" /> was selected by <NODE id="434" />Parkifi<NODE id="441" /> as its North American public relations and marketing strategy agency of record. <NODE id="522" />Cornerstone<NODE id="533" /> was awarded the <NODE id="550" />Parkifi<NODE id="557" /> contract because of <NODE id="578" />its<NODE id="581" /> significant <NODE id="594" />expertise<NODE id="603" /> in the <NODE id="611" />technology<NODE id="621" />, <NODE id="623" />traffic<NODE id="630" />, <NODE id="632" />parking<NODE id="639" />, <NODE id="641" />municipality<NODE id="653" />, and <NODE id="659" />property management verticals<NODE id="688" />. Headquartered in Denver, Colorado, <NODE id="725" />Parkifi<NODE id="732" /> is a fast-growing technology company focused on <NODE id="781" />providing<NODE id="790" /> their customers with <NODE id="812" />real-time parking data<NODE id="834" />. This real-time, spot-level <NODE id="863" />data<NODE id="867" /> enables parking managers to run their operation more efficiently and drivers to find a parking space faster. <NODE id="977" />Parkifi<NODE id="984" /> has <NODE id="989" />their<NODE id="994" /> <NODE id="995" />smart sensors<NODE id="1008" /> installed across the nation and continues to see consistent growth. '<NODE id="1078" />Parkifi<NODE id="1085" /> is changing the way we look at smart cities, big data, the Internet of Things (IoT) and parking operations , said Brooke Greenwald, President, <NODE id="1229" />Cornerstone Communications, LTD<NODE id="1260" />. 'The <NODE id="1267" />data<NODE id="1271" /> and <NODE id="1276" />analytics<NODE id="1285" /> <NODE id="1286" />Parkifi<NODE id="1293" /> <NODE id="1294" />offers<NODE id="1300" /> <NODE id="1301" />its<NODE id="1304" /> customers enables them to better understand how their parking inventory is being utilized on a daily basis, as well as historically. <NODE id="1438" />Parkifi<NODE id="1445" /> was founded on the premise that if technology helps solve the food delivery woes of the world, why can’t it help us solve parking inefficiencies?' <NODE id="1593" />Parkifi<NODE id="1600" /> uses <NODE id="1606" />their<NODE id="1611" /> unique <NODE id="1619" />sensors<NODE id="1626" /> to detect occupancy in individual parking spaces while delivering such <NODE id="1698" />data<NODE id="1702" />, along with weather, event and other valuable <NODE id="1749" />data<NODE id="1753" />, to parking operators in real time. The <NODE id="1794" />sensor<NODE id="1800" />, equipped with Bluetooth connectivity, also communicates with users’ <NODE id="1870" />smartphones<NODE id="1881" /> via a third party mobile app, directing them to open parking spaces. '<NODE id="1952" />We<NODE id="1954" /> are thrilled to be working with <NODE id="1987" />Cornerstone Communications, LTD<NODE id="2018" />,' said Ryan Sullivan, CEO and Co-Founder. '<NODE id="2062" />Our<NODE id="2065" /> goal is to equip parking operators with tools they’ve never had before, in order to grow their top line, while also creating a far better experience for drivers trying to find parking. <NODE id="2251" />Parkifi<NODE id="2258" /> is more than a <NODE id="2274" />parking sensor<NODE id="2288" /> <NODE id="2289" />company<NODE id="2296" />, <NODE id="2298" />we<NODE id="2300" /> are changing the way cities operate. With <NODE id="2343" />our<NODE id="2346" /> <NODE id="2347" />sensors<NODE id="2354" />, <NODE id="2356" />we<NODE id="2358" /> can reduce city traffic and parking hassles by directing drivers to a parking space, all through <NODE id="2456" />our<NODE id="2459" /> partner mobile apps on their <NODE id="2489" />smartphone<NODE id="2499" />. <NODE id="2501" />Our<NODE id="2504" /> real-time dashboard provides the robust <NODE id="2545" />data<NODE id="2549" /> operators need to solve the pervasive parking problems that make <NODE id="2615" />our<NODE id="2618" /> cities inefficient. <NODE id="2639" />We<NODE id="2641" />’re looking forward to what working with <NODE id="2682" />Cornerstone<NODE id="2693" /> will mean for <NODE id="2708" />Parkifi<NODE id="2715" />’s national presence.' About <NODE id="2744" />Parkifi<NODE id="2751" /> <NODE id="2752" />Parkifi<NODE id="2759" />, a real-<NODE id="2768" />time parking spot occupancy<NODE id="2795" /> <NODE id="2796" />platform<NODE id="2804" />, <NODE id="2806" />provides<NODE id="2814" /> <NODE id="2815" />real-time occupancy data<NODE id="2839" /> tailored for parking and property management. <NODE id="2886" />Parkifi<NODE id="2893" /> <NODE id="2894" />installs<NODE id="2902" /> <NODE id="2903" />smart sensors<NODE id="2916" /> in individual parking spaces to <NODE id="2949" />monitor<NODE id="2956" /> <NODE id="2957" />occupancy<NODE id="2966" />, <NODE id="2968" />average parking times<NODE id="2989" />, <NODE id="2991" />pricing optimization trends<NODE id="3018" /> and <NODE id="3023" />outcomes<NODE id="3031" />, <NODE id="3033" />violations<NODE id="3043" /> and more. For more information visit http://www.parkifi.com About <NODE id="3110" />Cornerstone Communications, LTD<NODE id="3141" /> <NODE id="3142" />Cornerstone Communications, LTD<NODE id="3173" /> is a <NODE id="3179" />public relations<NODE id="3195" />, <NODE id="3197" />marketing strategy<NODE id="3215" />, and <NODE id="3221" />integrated communications<NODE id="3246" /> <NODE id="3247" />agency<NODE id="3253" /> focusing on the technology, consumer, telecommunications, and business-to-business vertical markets. <NODE id="3355" />Cornerstone<NODE id="3366" /> has extensive experience working with organizations of all sizes, from startup to Fortune 1000. For more information on <NODE id="3487" />Cornerstone<NODE id="3498" />, please contact Brooke Greenwald at brooke(at)cornerstonepr.net or visit http://www.cornerstonepr.net . Share article on social media or email: View article via:
</TEXT>
<Meta>
<feature featureName="id" featureValue="vico/95ac48ea-e7fb-32b9-ba81-50e823621b66" />
<feature featureName="source" featureValue="sensor_corpus" />
<feature featureName="lang" featureValue="en" />
<feature featureName="pubDate" featureValue="2016-02-04T23:26:59Z" />
<feature featureName="indexDate" featureValue="2016-07-13T11:31:55.563Z" />
<feature featureName="uri" featureValue="http://www.prweb.com/releases/2016/02/prweb13196785.htm" />
<feature featureName="solrEventType" featureValue="None" /></Meta><Entities>
<Entity id="0" startPos="0" endPos="31" type="organization" surface="Cornerstone Communications, LTD" />
<Entity id="1" startPos="66" endPos="73" type="organization" surface="Parkifi" />
<Entity id="2" startPos="185" endPos="192" type="organization" surface="Parkifi" />
<Entity id="3" startPos="202" endPos="209" type="organization" surface="Parkifi" />
<Entity id="4" startPos="361" endPos="366" type="organization" surface="PRWEB" />
<Entity id="5" startPos="386" endPos="417" type="organization" surface="Cornerstone Communications, LTD" />
<Entity id="6" startPos="434" endPos="441" type="organization" surface="Parkifi" />
<Entity id="7" startPos="522" endPos="533" type="organization" surface="Cornerstone" />
<Entity id="8" startPos="550" endPos="557" type="organization" surface="Parkifi" />
<Entity id="9" startPos="578" endPos="581" type="organization" surface="its" />
<Entity id="10" startPos="594" endPos="603" type="trigger" surface="expertise" />
<Entity id="11" startPos="611" endPos="621" type="product" surface="technology" />
<Entity id="12" startPos="623" endPos="630" type="product" surface="traffic" />
<Entity id="13" startPos="632" endPos="639" type="product" surface="parking" />
<Entity id="14" startPos="641" endPos="653" type="product" surface="municipality" />
<Entity id="15" startPos="659" endPos="688" type="product" surface="property management verticals" />
<Entity id="16" startPos="725" endPos="732" type="organization" surface="Parkifi" />
<Entity id="17" startPos="781" endPos="790" type="trigger" surface="providing" />
<Entity id="18" startPos="812" endPos="834" type="product" surface="real-time parking data" />
<Entity id="19" startPos="863" endPos="867" type="product" surface="data" />
<Entity id="20" startPos="977" endPos="984" type="organization" surface="Parkifi" />
<Entity id="21" startPos="989" endPos="994" type="organization" surface="their" />
<Entity id="22" startPos="995" endPos="1008" type="product" surface="smart sensors" />
<Entity id="23" startPos="1078" endPos="1085" type="organization" surface="Parkifi" />
<Entity id="24" startPos="1229" endPos="1260" type="organization" surface="Cornerstone Communications, LTD" />
<Entity id="25" startPos="1267" endPos="1271" type="product" surface="data" />
<Entity id="26" startPos="1276" endPos="1285" type="product" surface="analytics" />
<Entity id="27" startPos="1286" endPos="1293" type="organization" surface="Parkifi" />
<Entity id="28" startPos="1294" endPos="1300" type="trigger" surface="offers" />
<Entity id="29" startPos="1301" endPos="1304" type="organization" surface="its" />
<Entity id="30" startPos="1438" endPos="1445" type="organization" surface="Parkifi" />
<Entity id="31" startPos="1593" endPos="1600" type="organization" surface="Parkifi" />
<Entity id="32" startPos="1606" endPos="1611" type="organization" surface="their" />
<Entity id="33" startPos="1619" endPos="1626" type="product" surface="sensors" />
<Entity id="34" startPos="1698" endPos="1702" type="product" surface="data" />
<Entity id="35" startPos="1749" endPos="1753" type="product" surface="data" />
<Entity id="36" startPos="1794" endPos="1800" type="product" surface="sensor" />
<Entity id="37" startPos="1870" endPos="1881" type="product" surface="smartphones" />
<Entity id="38" startPos="1952" endPos="1954" type="organization" surface="We" />
<Entity id="39" startPos="1987" endPos="2018" type="organization" surface="Cornerstone Communications, LTD" />
<Entity id="40" startPos="2062" endPos="2065" type="organization" surface="Our" />
<Entity id="41" startPos="2251" endPos="2258" type="organization" surface="Parkifi" />
<Entity id="42" startPos="2274" endPos="2288" type="product" surface="parking sensor" />
<Entity id="43" startPos="2289" endPos="2296" type="trigger" surface="company" />
<Entity id="44" startPos="2298" endPos="2300" type="organization" surface="we" />
<Entity id="45" startPos="2343" endPos="2346" type="organization" surface="our" />
<Entity id="46" startPos="2347" endPos="2354" type="product" surface="sensors" />
<Entity id="47" startPos="2356" endPos="2358" type="organization" surface="we" />
<Entity id="48" startPos="2456" endPos="2459" type="organization" surface="our" />
<Entity id="49" startPos="2489" endPos="2499" type="product" surface="smartphone" />
<Entity id="50" startPos="2501" endPos="2504" type="organization" surface="Our" />
<Entity id="51" startPos="2545" endPos="2549" type="product" surface="data" />
<Entity id="52" startPos="2615" endPos="2618" type="organization" surface="our" />
<Entity id="53" startPos="2639" endPos="2641" type="organization" surface="We" />
<Entity id="54" startPos="2682" endPos="2693" type="organization" surface="Cornerstone" />
<Entity id="55" startPos="2708" endPos="2715" type="organization" surface="Parkifi" />
<Entity id="56" startPos="2744" endPos="2751" type="organization" surface="Parkifi" />
<Entity id="57" startPos="2752" endPos="2759" type="organization" surface="Parkifi" />
<Entity id="58" startPos="2768" endPos="2795" type="product" surface="time parking spot occupancy" />
<Entity id="59" startPos="2796" endPos="2804" type="trigger" surface="platform" />
<Entity id="60" startPos="2806" endPos="2814" type="trigger" surface="provides" />
<Entity id="61" startPos="2815" endPos="2839" type="product" surface="real-time occupancy data" />
<Entity id="62" startPos="2886" endPos="2893" type="organization" surface="Parkifi" />
<Entity id="63" startPos="2894" endPos="2902" type="trigger" surface="installs" />
<Entity id="64" startPos="2903" endPos="2916" type="product" surface="smart sensors" />
<Entity id="65" startPos="2949" endPos="2956" type="trigger" surface="monitor" />
<Entity id="66" startPos="2957" endPos="2966" type="product" surface="occupancy" />
<Entity id="67" startPos="2968" endPos="2989" type="product" surface="average parking times" />
<Entity id="68" startPos="2991" endPos="3018" type="product" surface="pricing optimization trends" />
<Entity id="69" startPos="3023" endPos="3031" type="product" surface="outcomes" />
<Entity id="70" startPos="3033" endPos="3043" type="product" surface="violations" />
<Entity id="71" startPos="3110" endPos="3141" type="organization" surface="Cornerstone Communications, LTD" />
<Entity id="72" startPos="3142" endPos="3173" type="organization" surface="Cornerstone Communications, LTD" />
<Entity id="73" startPos="3179" endPos="3195" type="product" surface="public relations" />
<Entity id="74" startPos="3197" endPos="3215" type="product" surface="marketing strategy" />
<Entity id="75" startPos="3221" endPos="3246" type="product" surface="integrated communications" />
<Entity id="76" startPos="3247" endPos="3253" type="trigger" surface="agency" />
<Entity id="77" startPos="3355" endPos="3366" type="organization" surface="Cornerstone" />
<Entity id="78" startPos="3487" endPos="3498" type="organization" surface="Cornerstone" /></Entities><Relations>
<Relation id="79" NAME="CompanyProvidesProduct">
<Entity id="15" label="product" />
<Entity id="12" label="product" />
<Entity id="13" label="product" />
<Entity id="11" label="product" />
<Entity id="14" label="product" />
<Entity id="9" label="company" />
<Entity id="10" label="trigger" />
</Relation>
<Relation id="80" NAME="CompanyProvidesProduct">
<Entity id="18" label="product" />
<Entity id="16" label="company" />
<Entity id="17" label="trigger" />
</Relation>
<Relation id="81" NAME="CompanyProvidesProduct">
<Entity id="22" label="product" />
<Entity id="21" label="trigger" />
</Relation>
<Relation id="82" NAME="CompanyProvidesProduct">
<Entity id="26" label="product" />
<Entity id="25" label="product" />
<Entity id="27" label="company" />
<Entity id="28" label="trigger" />
</Relation>
<Relation id="83" NAME="CompanyProvidesProduct">
<Entity id="33" label="product" />
<Entity id="31" label="company" />
<Entity id="32" label="trigger" />
</Relation>
<Relation id="84" NAME="CompanyProvidesProduct">
<Entity id="42" label="product" />
<Entity id="41" label="company" />
<Entity id="43" label="trigger" />
</Relation>
<Relation id="85" NAME="CompanyProvidesProduct">
<Entity id="58" label="product" />
<Entity id="57" label="company" />
<Entity id="59" label="trigger" />
</Relation>
<Relation id="86" NAME="CompanyProvidesProduct">
<Entity id="61" label="product" />
<Entity id="57" label="company" />
<Entity id="60" label="trigger" />
</Relation>
<Relation id="87" NAME="CompanyProvidesProduct">
<Entity id="64" label="product" />
<Entity id="62" label="company" />
<Entity id="63" label="trigger" />
</Relation>
<Relation id="88" NAME="CompanyProvidesProduct">
<Entity id="67" label="product" />
<Entity id="70" label="product" />
<Entity id="66" label="product" />
<Entity id="69" label="product" />
<Entity id="68" label="product" />
<Entity id="62" label="company" />
<Entity id="65" label="trigger" />
</Relation>
<Relation id="89" NAME="CompanyProvidesProduct">
<Entity id="73" label="product" />
<Entity id="74" label="product" />
<Entity id="75" label="product" />
<Entity id="72" label="company" />
<Entity id="76" label="trigger" />
</Relation>
<Relation id="90" NAME="identity">
<Entity id="0" label="source" />
<Entity id="7" label="target" />
<Entity id="71" label="target" />
<Entity id="9" label="target" />
<Entity id="39" label="target" />
<Entity id="24" label="target" />
<Entity id="54" label="target" />
<Entity id="5" label="target" />
<Entity id="78" label="target" />
<Entity id="77" label="target" />
<Entity id="72" label="target" />
</Relation>
<Relation id="91" NAME="identity">
<Entity id="1" label="source" />
<Entity id="16" label="target" />
<Entity id="56" label="target" />
<Entity id="20" label="target" />
<Entity id="8" label="target" />
<Entity id="40" label="target" />
<Entity id="38" label="target" />
<Entity id="21" label="target" />
<Entity id="31" label="target" />
<Entity id="2" label="target" />
<Entity id="41" label="target" />
<Entity id="50" label="target" />
<Entity id="48" label="target" />
<Entity id="53" label="target" />
<Entity id="29" label="target" />
<Entity id="3" label="target" />
<Entity id="27" label="target" />
<Entity id="57" label="target" />
<Entity id="30" label="target" />
<Entity id="62" label="target" />
<Entity id="55" label="target" />
<Entity id="6" label="target" />
<Entity id="23" label="target" />
<Entity id="45" label="target" />
<Entity id="32" label="target" />
<Entity id="52" label="target" />
<Entity id="47" label="target" />
<Entity id="44" label="target" />
</Relation>
<Relation id="92" NAME="identity">
<Entity id="18" label="source" />
<Entity id="35" label="target" />
<Entity id="34" label="target" />
<Entity id="19" label="target" />
</Relation></Relations>
</Document>
