<?xml version="1.0" encoding="UTF-8"?>
<Document>
<TEXT><NODE id="0" />Oppenheimer<NODE id="11" /> Reiterates Buy Rating for <NODE id="38" />Sensata Technologies Holding<NODE id="66" /> (<NODE id="68" />ST<NODE id="70" />) Posted by Hasmir Abdula on Feb 8th, 2016 // No Comments <NODE id="128" />Sensata Technologies Holding<NODE id="156" /> (<NODE id="158" />NYSE<NODE id="162" />:<NODE id="163" />ST<NODE id="165" />) ‘s stock had its buy rating reiterated by <NODE id="209" />Oppenheimer<NODE id="220" /> in a report released on Thursday, <NODE id="255" />MarketBeat<NODE id="265" /> reports. <NODE id="275" />They<NODE id="279" /> presently have a $45.00 price target on the stock, down from <NODE id="341" />their<NODE id="346" /> prior price target of $56.00. <NODE id="377" />Oppenheimer<NODE id="388" />'s price objective would indicate a potential upside of 40.49% from the <NODE id="460" />company<NODE id="467" />'s previous close. In other <NODE id="495" />Sensata Technologies Holding<NODE id="523" /> news, SVP Martin J. Carter sold 66,000 shares of the <NODE id="577" />business<NODE id="585" />'s stock in a transaction on Tuesday, November 17th. The shares were sold at an average price of $43.87, for a total transaction of $2,895,420.00. Following the transaction, the senior vice president now owns 38,080 shares in the <NODE id="815" />company<NODE id="822" />, valued at $1,670,569.60. The transaction was disclosed in a document filed with the <NODE id="908" />Securities &amp; Exchange Commission<NODE id="940" />, which is available at this hyperlink . <NODE id="981" />ST<NODE id="983" /> has been the topic of several other research reports. <NODE id="1038" />Zacks Investment Research<NODE id="1063" /> raised shares of <NODE id="1081" />Sensata Technologies Holding<NODE id="1109" /> from a sell rating to a hold rating in a report on Monday, October 12th. <NODE id="1183" />Citigroup Inc.<NODE id="1197" /> downgraded shares of <NODE id="1219" />Sensata Technologies Holding<NODE id="1247" /> from a buy rating to a neutral rating in a report on Wednesday, October 7th. <NODE id="1325" />Stifel Nicolaus<NODE id="1340" /> lowered <NODE id="1349" />their<NODE id="1354" /> target price on shares of <NODE id="1381" />Sensata Technologies Holding<NODE id="1409" /> from $54.00 to $50.00 and set a buy rating on the stock in a report on Monday, January 11th. <NODE id="1503" />RBC Capital<NODE id="1514" /> lowered <NODE id="1523" />their<NODE id="1528" /> target price on shares of <NODE id="1555" />Sensata Technologies Holding<NODE id="1583" /> from $50.00 to $45.00 and set a sector perform rating on the stock in a report on Friday, January 15th. Finally, <NODE id="1697" />Wells Fargo<NODE id="1708" /> downgraded shares of <NODE id="1730" />Sensata Technologies Holding<NODE id="1758" /> from an outperform rating to a market perform rating and set a $37.03 target price on the stock. in a report on Thursday, January 21st. Nine research analysts have rated the stock with a hold rating and seven have issued a buy rating to the <NODE id="2000" />company<NODE id="2007" />. The <NODE id="2013" />company<NODE id="2020" /> presently has an average rating of Hold and a consensus target price of $48.00. <NODE id="2101" />Sensata Technologies Holding<NODE id="2129" /> ( <NODE id="2132" />NYSE<NODE id="2136" />:<NODE id="2137" />ST<NODE id="2139" /> ) traded down 4.08% during trading on Thursday, hitting $32.00. 1,011,525 shares of the <NODE id="2228" />company<NODE id="2235" /> traded hands. The <NODE id="2254" />company<NODE id="2261" />'s 50 day moving average is $39.64 and its 200-day moving average is $44.97. The stock has a market capitalization of $5.45 billion and a PE ratio of 15.76. <NODE id="2418" />Sensata Technologies Holding<NODE id="2446" /> has a 52 week low of $31.60 and a 52 week high of $55.53. <NODE id="2505" />Sensata Technologies Holding<NODE id="2533" /> (<NODE id="2535" />NYSE<NODE id="2539" />:<NODE id="2540" />ST<NODE id="2542" />) last issued its quarterly earnings results on Tuesday, February 2nd. The <NODE id="2617" />company<NODE id="2624" /> reported $0.66 earnings per share for the quarter, beating the consensus estimate of $0.65 by $0.01. The <NODE id="2730" />firm<NODE id="2734" /> had revenue of $726.50 million for the quarter, compared to analysts' expectations of $722.45 million. During the same period in the prior year, the <NODE id="2884" />firm<NODE id="2888" /> earned $0.57 EPS. <NODE id="2907" />Sensata Technologies Holding<NODE id="2935" />'s revenue for the quarter was up 3.0% compared to the same quarter last year. Analysts predict that <NODE id="3036" />Sensata Technologies Holding<NODE id="3064" /> will post $2.85 earnings per share for the current year. A number of hedge funds and institutional investors have recently bought and sold shares of the stock. <NODE id="3225" />Harvey Investment Co. LLC<NODE id="3250" /> boosted <NODE id="3259" />its<NODE id="3262" /> position in <NODE id="3275" />Sensata Technologies Holding<NODE id="3303" /> by 10.5% in the fourth quarter. <NODE id="3336" />Harvey Investment Co. LLC<NODE id="3361" /> now owns 396,095 shares of the <NODE id="3393" />company<NODE id="3400" />'s stock worth $18,244,000 after buying an additional 37,650 shares during the period. <NODE id="3487" />Cantillon Capital Management LLC<NODE id="3519" /> boosted <NODE id="3528" />its<NODE id="3531" /> position in <NODE id="3544" />Sensata Technologies Holding<NODE id="3572" /> by 0.5% in the fourth quarter. <NODE id="3604" />Cantillon Capital Management LLC<NODE id="3636" /> now owns 5,997,486 shares of the <NODE id="3670" />company<NODE id="3677" />'s stock worth $276,244,000 after buying an additional 27,984 shares during the period. <NODE id="3765" />Korea Investment CORP<NODE id="3786" /> boosted <NODE id="3795" />its<NODE id="3798" /> position in <NODE id="3811" />Sensata Technologies Holding<NODE id="3839" /> by 21.9% in the fourth quarter. <NODE id="3872" />Korea Investment CORP<NODE id="3893" /> now owns 550,553 shares of the <NODE id="3925" />company<NODE id="3932" />'s stock worth $25,358,000 after buying an additional 98,900 shares during the period. <NODE id="4019" />State Board of Administration of Florida Retirement System<NODE id="4077" /> purchased a new position in <NODE id="4106" />Sensata Technologies Holding<NODE id="4134" /> during the fourth quarter worth $282,000. Finally, <NODE id="4186" />Scout Investments Inc.<NODE id="4208" /> boosted <NODE id="4217" />its<NODE id="4220" /> position in <NODE id="4233" />Sensata Technologies Holding<NODE id="4261" /> by 16.8% in the fourth quarter. <NODE id="4294" />Scout Investments Inc.<NODE id="4316" /> now owns 6,816 shares of the <NODE id="4346" />company<NODE id="4353" />'s stock worth $314,000 after buying an additional 980 shares during the period. <NODE id="4434" />Sensata Technologies Holding N.V.<NODE id="4467" /> is a global <NODE id="4480" />industrial technology<NODE id="4501" /> <NODE id="4502" />company<NODE id="4509" />. The <NODE id="4515" />Company<NODE id="4522" /> is engaged in the <NODE id="4541" />development<NODE id="4552" />, <NODE id="4554" />manufacture<NODE id="4565" /> and <NODE id="4570" />sale<NODE id="4574" /> of <NODE id="4578" />sensors<NODE id="4585" /> and <NODE id="4590" />controls<NODE id="4598" />. The <NODE id="4604" />Company<NODE id="4611" />'s operating <NODE id="4624" />segments<NODE id="4632" /> include <NODE id="4641" />Sensors<NODE id="4648" /> <NODE id="4649" />segment<NODE id="4656" /> and <NODE id="4661" />Controls<NODE id="4669" /> <NODE id="4670" />segment<NODE id="4677" />. The <NODE id="4683" />Company<NODE id="4690" /> <NODE id="4691" />produce<NODE id="4698" /> <NODE id="4699" />sensors<NODE id="4706" /> and <NODE id="4711" />controls<NODE id="4719" /> for applications such as thermal circuit breakers in aircraft, pressure sensors in automotive systems, and bimetal current and temperature control devices in <NODE id="4878" />electric motors<NODE id="4893" />. document.write(‘ ‘); Receive News &amp; Ratings for <NODE id="4943" />Sensata Technologies Holding<NODE id="4971" /> Daily - Enter your email address below to receive a concise daily summary of the latest news and analysts' ratings for <NODE id="5091" />Sensata Technologies Holding<NODE id="5119" /> and related companies with <NODE id="5147" />MarketBeat.com<NODE id="5161" />'s FREE daily email newsletter . « Previous <NODE id="5205" />Shutterfly, Inc.<NODE id="5221" /> (<NODE id="5223" />SFLY<NODE id="5227" />) Price Target Cut to $46.00 Advertisement
</TEXT>
<Meta>
<feature featureName="id" featureValue="vico/6ed67b75-0576-3fba-9664-bca060566a94" />
<feature featureName="source" featureValue="sensor_corpus" />
<feature featureName="lang" featureValue="en" />
<feature featureName="pubDate" featureValue="2016-02-08T20:10:20Z" />
<feature featureName="indexDate" featureValue="2016-07-13T11:17:06.292Z" />
<feature featureName="uri" featureValue="http://www.mideasttime.com/oppenheimer-reiterates-buy-rating-for-sensata-technologies-holding-st/699656/" />
<feature featureName="solrEventType" featureValue="None" /></Meta><Entities>
<Entity id="0" startPos="0" endPos="11" type="organization" surface="Oppenheimer" />
<Entity id="1" startPos="38" endPos="66" type="organization" surface="Sensata Technologies Holding" />
<Entity id="2" startPos="68" endPos="70" type="organization" surface="ST" />
<Entity id="3" startPos="128" endPos="156" type="organization" surface="Sensata Technologies Holding" />
<Entity id="4" startPos="158" endPos="162" type="organization" surface="NYSE" />
<Entity id="5" startPos="163" endPos="165" type="organization" surface="ST" />
<Entity id="6" startPos="209" endPos="220" type="organization" surface="Oppenheimer" />
<Entity id="7" startPos="255" endPos="265" type="organization" surface="MarketBeat" />
<Entity id="8" startPos="275" endPos="279" type="organization" surface="They" />
<Entity id="9" startPos="341" endPos="346" type="organization" surface="their" />
<Entity id="10" startPos="377" endPos="388" type="organization" surface="Oppenheimer" />
<Entity id="11" startPos="460" endPos="467" type="organization" surface="company" />
<Entity id="12" startPos="495" endPos="523" type="organization" surface="Sensata Technologies Holding" />
<Entity id="13" startPos="577" endPos="585" type="organization" surface="business" />
<Entity id="14" startPos="815" endPos="822" type="organization" surface="company" />
<Entity id="15" startPos="908" endPos="940" type="organization" surface="Securities &amp; Exchange Commission" />
<Entity id="16" startPos="981" endPos="983" type="organization" surface="ST" />
<Entity id="17" startPos="1038" endPos="1063" type="organization" surface="Zacks Investment Research" />
<Entity id="18" startPos="1081" endPos="1109" type="organization" surface="Sensata Technologies Holding" />
<Entity id="19" startPos="1183" endPos="1197" type="organization" surface="Citigroup Inc." />
<Entity id="20" startPos="1219" endPos="1247" type="organization" surface="Sensata Technologies Holding" />
<Entity id="21" startPos="1325" endPos="1340" type="organization" surface="Stifel Nicolaus" />
<Entity id="22" startPos="1349" endPos="1354" type="organization" surface="their" />
<Entity id="23" startPos="1381" endPos="1409" type="organization" surface="Sensata Technologies Holding" />
<Entity id="24" startPos="1503" endPos="1514" type="organization" surface="RBC Capital" />
<Entity id="25" startPos="1523" endPos="1528" type="organization" surface="their" />
<Entity id="26" startPos="1555" endPos="1583" type="organization" surface="Sensata Technologies Holding" />
<Entity id="27" startPos="1697" endPos="1708" type="organization" surface="Wells Fargo" />
<Entity id="28" startPos="1730" endPos="1758" type="organization" surface="Sensata Technologies Holding" />
<Entity id="29" startPos="2000" endPos="2007" type="organization" surface="company" />
<Entity id="30" startPos="2013" endPos="2020" type="organization" surface="company" />
<Entity id="31" startPos="2101" endPos="2129" type="organization" surface="Sensata Technologies Holding" />
<Entity id="32" startPos="2132" endPos="2136" type="organization" surface="NYSE" />
<Entity id="33" startPos="2137" endPos="2139" type="organization" surface="ST" />
<Entity id="34" startPos="2228" endPos="2235" type="organization" surface="company" />
<Entity id="35" startPos="2254" endPos="2261" type="organization" surface="company" />
<Entity id="36" startPos="2418" endPos="2446" type="organization" surface="Sensata Technologies Holding" />
<Entity id="37" startPos="2505" endPos="2533" type="organization" surface="Sensata Technologies Holding" />
<Entity id="38" startPos="2535" endPos="2539" type="organization" surface="NYSE" />
<Entity id="39" startPos="2540" endPos="2542" type="organization" surface="ST" />
<Entity id="40" startPos="2617" endPos="2624" type="organization" surface="company" />
<Entity id="41" startPos="2730" endPos="2734" type="organization" surface="firm" />
<Entity id="42" startPos="2884" endPos="2888" type="organization" surface="firm" />
<Entity id="43" startPos="2907" endPos="2935" type="organization" surface="Sensata Technologies Holding" />
<Entity id="44" startPos="3036" endPos="3064" type="organization" surface="Sensata Technologies Holding" />
<Entity id="45" startPos="3225" endPos="3250" type="organization" surface="Harvey Investment Co. LLC" />
<Entity id="46" startPos="3259" endPos="3262" type="organization" surface="its" />
<Entity id="47" startPos="3275" endPos="3303" type="organization" surface="Sensata Technologies Holding" />
<Entity id="48" startPos="3336" endPos="3361" type="organization" surface="Harvey Investment Co. LLC" />
<Entity id="49" startPos="3393" endPos="3400" type="organization" surface="company" />
<Entity id="50" startPos="3487" endPos="3519" type="organization" surface="Cantillon Capital Management LLC" />
<Entity id="51" startPos="3528" endPos="3531" type="organization" surface="its" />
<Entity id="52" startPos="3544" endPos="3572" type="organization" surface="Sensata Technologies Holding" />
<Entity id="53" startPos="3604" endPos="3636" type="organization" surface="Cantillon Capital Management LLC" />
<Entity id="54" startPos="3670" endPos="3677" type="organization" surface="company" />
<Entity id="55" startPos="3765" endPos="3786" type="organization" surface="Korea Investment CORP" />
<Entity id="56" startPos="3795" endPos="3798" type="organization" surface="its" />
<Entity id="57" startPos="3811" endPos="3839" type="organization" surface="Sensata Technologies Holding" />
<Entity id="58" startPos="3872" endPos="3893" type="organization" surface="Korea Investment CORP" />
<Entity id="59" startPos="3925" endPos="3932" type="organization" surface="company" />
<Entity id="60" startPos="4019" endPos="4077" type="organization" surface="State Board of Administration of Florida Retirement System" />
<Entity id="61" startPos="4106" endPos="4134" type="organization" surface="Sensata Technologies Holding" />
<Entity id="62" startPos="4186" endPos="4208" type="organization" surface="Scout Investments Inc." />
<Entity id="63" startPos="4217" endPos="4220" type="organization" surface="its" />
<Entity id="64" startPos="4233" endPos="4261" type="organization" surface="Sensata Technologies Holding" />
<Entity id="65" startPos="4294" endPos="4316" type="organization" surface="Scout Investments Inc." />
<Entity id="66" startPos="4346" endPos="4353" type="organization" surface="company" />
<Entity id="67" startPos="4434" endPos="4467" type="organization" surface="Sensata Technologies Holding N.V." />
<Entity id="68" startPos="4480" endPos="4501" type="product" surface="industrial technology" />
<Entity id="69" startPos="4502" endPos="4509" type="trigger" surface="company" />
<Entity id="70" startPos="4515" endPos="4522" type="organization" surface="Company" />
<Entity id="71" startPos="4541" endPos="4552" type="trigger" surface="development" />
<Entity id="72" startPos="4554" endPos="4565" type="trigger" surface="manufacture" />
<Entity id="73" startPos="4570" endPos="4574" type="trigger" surface="sale" />
<Entity id="74" startPos="4578" endPos="4585" type="product" surface="sensors" />
<Entity id="75" startPos="4590" endPos="4598" type="product" surface="controls" />
<Entity id="76" startPos="4604" endPos="4611" type="organization" surface="Company" />
<Entity id="77" startPos="4624" endPos="4632" type="trigger" surface="segments" />
<Entity id="78" startPos="4641" endPos="4648" type="product" surface="Sensors" />
<Entity id="79" startPos="4649" endPos="4656" type="trigger" surface="segment" />
<Entity id="80" startPos="4661" endPos="4669" type="product" surface="Controls" />
<Entity id="81" startPos="4670" endPos="4677" type="trigger" surface="segment" />
<Entity id="82" startPos="4683" endPos="4690" type="organization" surface="Company" />
<Entity id="83" startPos="4691" endPos="4698" type="trigger" surface="produce" />
<Entity id="84" startPos="4699" endPos="4706" type="product" surface="sensors" />
<Entity id="85" startPos="4711" endPos="4719" type="product" surface="controls" />
<Entity id="86" startPos="4878" endPos="4893" type="product" surface="electric motors" />
<Entity id="87" startPos="4943" endPos="4971" type="organization" surface="Sensata Technologies Holding" />
<Entity id="88" startPos="5091" endPos="5119" type="organization" surface="Sensata Technologies Holding" />
<Entity id="89" startPos="5147" endPos="5161" type="organization" surface="MarketBeat.com" />
<Entity id="90" startPos="5205" endPos="5221" type="organization" surface="Shutterfly, Inc." />
<Entity id="91" startPos="5223" endPos="5227" type="organization" surface="SFLY" /></Entities><Relations>
<Relation id="92" NAME="CompanyProvidesProduct">
<Entity id="68" label="product" />
<Entity id="67" label="company" />
<Entity id="69" label="trigger" />
</Relation>
<Relation id="93" NAME="CompanyProvidesProduct">
<Entity id="74" label="product" />
<Entity id="75" label="product" />
<Entity id="70" label="company" />
<Entity id="71" label="trigger" />
<Entity id="73" label="trigger" />
<Entity id="72" label="trigger" />
</Relation>
<Relation id="94" NAME="CompanyProvidesProduct">
<Entity id="78" label="product" />
<Entity id="80" label="product" />
<Entity id="76" label="company" />
<Entity id="79" label="trigger" />
<Entity id="77" label="trigger" />
<Entity id="81" label="trigger" />
</Relation>
<Relation id="95" NAME="CompanyProvidesProduct">
<Entity id="85" label="product" />
<Entity id="84" label="product" />
<Entity id="82" label="company" />
<Entity id="83" label="trigger" />
</Relation>
<Relation id="96" NAME="Identity">
<Entity id="0" label="source" />
<Entity id="10" label="target" />
<Entity id="6" label="target" />
</Relation>
<Relation id="97" NAME="Identity">
<Entity id="1" label="source" />
<Entity id="12" label="target" />
<Entity id="87" label="target" />
<Entity id="47" label="target" />
<Entity id="35" label="target" />
<Entity id="88" label="target" />
<Entity id="29" label="target" />
<Entity id="3" label="target" />
<Entity id="14" label="target" />
<Entity id="2" label="target" />
<Entity id="9" label="target" />
<Entity id="20" label="target" />
<Entity id="18" label="target" />
<Entity id="11" label="target" />
<Entity id="39" label="target" />
<Entity id="37" label="target" />
<Entity id="42" label="target" />
<Entity id="67" label="target" />
<Entity id="33" label="target" />
<Entity id="54" label="target" />
<Entity id="5" label="target" />
<Entity id="41" label="target" />
<Entity id="57" label="target" />
<Entity id="28" label="target" />
<Entity id="36" label="target" />
<Entity id="52" label="target" />
<Entity id="40" label="target" />
<Entity id="64" label="target" />
<Entity id="13" label="target" />
<Entity id="8" label="target" />
<Entity id="30" label="target" />
<Entity id="70" label="target" />
<Entity id="26" label="target" />
<Entity id="43" label="target" />
<Entity id="16" label="target" />
<Entity id="31" label="target" />
<Entity id="76" label="target" />
<Entity id="34" label="target" />
<Entity id="61" label="target" />
<Entity id="23" label="target" />
<Entity id="66" label="target" />
<Entity id="44" label="target" />
<Entity id="59" label="target" />
<Entity id="82" label="target" />
<Entity id="49" label="target" />
</Relation>
<Relation id="98" NAME="Identity">
<Entity id="21" label="source" />
<Entity id="22" label="target" />
</Relation>
<Relation id="99" NAME="Identity">
<Entity id="24" label="source" />
<Entity id="25" label="target" />
</Relation>
<Relation id="100" NAME="Identity">
<Entity id="45" label="source" />
<Entity id="48" label="target" />
<Entity id="46" label="target" />
</Relation>
<Relation id="101" NAME="Identity">
<Entity id="50" label="source" />
<Entity id="51" label="target" />
<Entity id="53" label="target" />
</Relation>
<Relation id="102" NAME="Identity">
<Entity id="55" label="source" />
<Entity id="58" label="target" />
<Entity id="56" label="target" />
</Relation>
<Relation id="103" NAME="Identity">
<Entity id="62" label="source" />
<Entity id="63" label="target" />
<Entity id="65" label="target" />
</Relation>
<Relation id="104" NAME="identity">
<Entity id="4" label="source" />
<Entity id="38" label="target" />
<Entity id="32" label="target" />
</Relation>
<Relation id="105" NAME="identity">
<Entity id="74" label="source" />
<Entity id="78" label="target" />
<Entity id="84" label="target" />
</Relation>
<Relation id="106" NAME="identity">
<Entity id="75" label="source" />
<Entity id="85" label="target" />
<Entity id="80" label="target" />
</Relation>
<Relation id="107" NAME="identity">
<Entity id="90" label="source" />
<Entity id="91" label="target" />
</Relation></Relations>
</Document>
