<?xml version="1.0" encoding="UTF-8"?>
<Document>
<TEXT>Utilities: Where Data Flows Like Water at the Speed of Light | @ThingsExpo #IoT More than a decade ago, the choices were few to address the needs of data gathering By Scott Allen Article Rating: February 3, 2016 10:10 AM EST More than a decade ago, the choices were few to address the needs of data gathering and recording. Water and wastewater utilities, for example, had to be able to use a ‘fits all' unit with set parameters and make their systems adaptable to the technology of the day. Since then, many municipal water systems such as those in Southern Utah, have had to broaden the area from which they gather, use and reclaim water. Most growing areas are even facing the dilemma of higher demands on services while trying to stay within shrinking budgets and manpower cutbacks. This is because in the past, many viewed electronic data gathering as a ‘want' instead of a ‘need' until now. As with any limited resource, scarcity often drives innovation as people are tasked to make due with less. Such is the current state and convergence of water/wastewater utilities and the internet of things - an emerging paradigm in which more data and information can be gathered and acted upon during the processes of collecting, treating, monitoring and distributing water. With the unprecedented demand for cities and municipalities to maximize water resource allocation, local government officials began implementing smarter methods to address the challenges of today and hurdle the potential obstacles in the future. By using new technology in the form of <NODE id="1558" />sensors<NODE id="1565" />, IoT networking and data analytics, city officials, local citizens and businesses are now more accurately predicting everything from crop yields to at-home water conservation . This technological evolution is part of a much larger undertaking that has both garnered international attention and prompted action all the way to the federal level of the United States government (Image courtesy <NODE id="1957" />Flickr<NODE id="1963" /> Creative Commons) Smart Cities Initiative Connected In response to the new Smart Cities Initiatives, cities around the country are starting to take advantage of the $160+ million in federal research and technical collaborations to help their local communities tackle key challenges such as reducing traffic congestion, fighting crime, fostering economic growth, creating jobs, managing the effects of a changing climate, and improving the delivery of city services and quality of life. According to a White House fact sheet on Smart Cities, emerging technologies have created the potential for an ‘Internet of Things,' a ubiquitous network of connected devices, <NODE id="2626" />smart <NODE id="2632" />sensors<NODE id="2639" />, and big data analytics. The United States has the opportunity to be a global leader in this field, and cities represent strong potential test beds for development and deployment of IoT applications. Given the growth of these highly connected networks, Smart Cities are using wireless communication technologies to build critical infrastructure and support public services. According to the research firm <NODE id="3045" />Gartner<NODE id="3052" />, an estimated 1.1 billion connected things were used by Smart Cities in 2015, with this total rising to 9.7 billion by 2020 . What is on the Horizon for Utilities? As Smart Cities initiatives continue grabbing headlines and captivating imaginations, public utilities and its customers have the most to gain in the short-term. Coordination and collaboration amongst a cities' local government and utility operators, researchers and technology vendors is going to be key to bring these smart initiatives to light. Next week for example, Orlando, Florida is going to be a destination of choice for many involved in these smart city transformations as DistribuTECH 2016 will bring approximately 12,000 people together from more than 60 countries across the globe to keep the focus on the future of electric power delivery and a smart utilities infrastructure. - See more at: http://wavelengths.freewave.com/industrial-iot/data-flowing-utilities/#s... More than a decade ago, the choices were few to address the needs of data gathering and recording. Water and wastewater utilities, for example, had to be able to use a ‘fits all' unit with set parameters and make their systems adaptable to the technology of the day. Since then, many municipal water systems such as those in Southern Utah , have had to broaden the area from which they gather, use and reclaim water. Most growing areas are even facing the dilemma of higher demands on services while trying to stay within shrinking budgets and manpower cutbacks. This is because in the past, many viewed electronic data gathering as a ‘want' instead of a ‘need' until now. As with any limited resource, scarcity often drives innovation as people are tasked to make due with less. Such is the current state and convergence of water/wastewater utilities and the internet of things - an emerging paradigm in which more data and information can be gathered and acted upon during the processes of collecting, treating, monitoring and distributing water. With the unprecedented demand for cities and municipalities to maximize water resource allocation, local government officials began implementing smarter methods to address the challenges of today and hurdle the potential obstacles in the future. By using new technology in the form of <NODE id="5334" />sensors<NODE id="5341" />, IoT networking and data analytics, city officials, local citizens and businesses are now more accurately predicting everything from crop yields to at-home water conservation . This technological evolution is part of a much larger undertaking that has both garnered international attention and prompted action all the way to the federal level of the United States government. Smart Cities Initiative Connected In response to the new Smart Cities Initiatives, cities around the country are starting to take advantage of the $160+ million in federal research and technical collaborations to help their local communities tackle key challenges such as reducing traffic congestion, fighting crime, fostering economic growth, creating jobs, managing the effects of a changing climate, and improving the delivery of city services and quality of life. According to a White House fact sheet on Smart Cities, emerging technologies have created the potential for an ‘Internet of Things,' a ubiquitous network of connected devices, <NODE id="6362" />smart <NODE id="6368" />sensors<NODE id="6375" />, and big data analytics. The United States has the opportunity to be a global leader in this field, and cities represent strong potential test beds for development and deployment of IoT applications. Given the growth of these highly connected networks, Smart Cities are using wireless communication technologies to build critical infrastructure and support public services. According to the research firm <NODE id="6781" />Gartner<NODE id="6788" />,  an estimated 1.1 billion connected things were used by Smart Cities in 2015, with this total rising to 9.7 billion by 2020 . What is on the Horizon for Utilities? As Smart Cities initiatives continue grabbing headlines and captivating imaginations, public utilities and its customers have the most to gain in the short-term. Coordination and collaboration amongst a cities' local government and utility operators, researchers and technology vendors is going to be key to bring these smart initiatives to light. Next week for example, Orlando, Florida is going to be a destination of choice for many involved in these smart city transformations as DistribuTECH 2016 will bring approximately 12,000 people together from more than 60 countries across the globe to keep the focus on the future of electric power delivery and a smart utilities infrastructure. - See more at: http://wavelengths.freewave.com/industrial-iot/data-flowing-utilities/#s... Published February 3, 2016 Copyright 2016 <NODE id="7779" />SYS-CON Media, Inc.<NODE id="7798" /> - All Rights Reserved. Syndicated stories and blog feeds, all rights reserved by the author. Cloud Expo &amp; DevOps Summit 2015 East KEYNOTES
</TEXT>
<Meta>
<feature featureName="id" featureValue="vico/906b7767-bec2-30fa-9cd6-10aa31fd24cd" />
<feature featureName="source" featureValue="sensor_corpus" />
<feature featureName="lang" featureValue="en" />
<feature featureName="pubDate" featureValue="2016-02-03T21:43:52Z" />
<feature featureName="indexDate" featureValue="2016-07-13T11:29:54.97Z" />
<feature featureName="uri" featureValue="http://www.sys-con.com/node/3661247" />
<feature featureName="solrEventType" featureValue="None" /></Meta><Entities>
<Entity id="0" startPos="1558" endPos="1565" type="product" surface="sensors" />
<Entity id="1" startPos="1957" endPos="1963" type="organization" surface="Flickr" />
<Entity id="2" startPos="2626" endPos="2639" type="product" surface="smart sensors" />
<Entity id="3" startPos="2632" endPos="2639" type="product" surface="sensors" />
<Entity id="4" startPos="3045" endPos="3052" type="organization" surface="Gartner" />
<Entity id="5" startPos="5334" endPos="5341" type="product" surface="sensors" />
<Entity id="6" startPos="6362" endPos="6375" type="product" surface="smart sensors" />
<Entity id="7" startPos="6368" endPos="6375" type="product" surface="sensors" />
<Entity id="8" startPos="6781" endPos="6788" type="organization" surface="Gartner" />
<Entity id="9" startPos="7779" endPos="7798" type="organization" surface="SYS-CON Media, Inc." /></Entities><Relations>
<Relation id="10" NAME="identity">
<Entity id="0" label="source" />
<Entity id="5" label="target" />
<Entity id="7" label="target" />
<Entity id="3" label="target" />
</Relation>
<Relation id="11" NAME="identity">
<Entity id="2" label="source" />
<Entity id="6" label="target" />
</Relation>
<Relation id="12" NAME="identity">
<Entity id="4" label="source" />
<Entity id="8" label="target" />
</Relation></Relations>
</Document>
