<?xml version="1.0" encoding="UTF-8"?>
<Document>
<TEXT>ADVANCE IN TURN Published on Tuesday 9 February 2016 06:31 Ten Second Review The <NODE id="81" />Lexus<NODE id="86" /> IS<NODE id="89" /> offers superb build quality and, when equipment levels are taken into consideration, a value proposition that the big three German manufacturers find hard to approach. The latest <NODE id="269" />Advance<NODE id="276" /> edition reinforces the approach with a whole heap of extras at a very small incremental cost. Get it while the getting's good. Background <NODE id="415" />Lexus<NODE id="420" /> must really wonder what <NODE id="445" />it<NODE id="447" /> has to do to succeed. If you wrote the template for the perfect compact executive <NODE id="530" />car<NODE id="533" />, it would include peerless reliability, strong equipment levels, a driver-focused rear-wheel drive chassis and sleek styling. <NODE id="660" />Lexus<NODE id="665" /> <NODE id="666" />build<NODE id="671" /> a <NODE id="674" />car<NODE id="677" /> to just that formula and what does the British public do by way of reward? We go out and give our money to <NODE id="785" />BMW<NODE id="788" />. Or <NODE id="793" />Audi<NODE id="797" />. Or <NODE id="802" />Mercedes<NODE id="810" />. Rather than give up, <NODE id="833" />Lexus<NODE id="838" /> has gamely stuck to <NODE id="859" />its<NODE id="862" /> task. The <NODE id="873" />second generation IS<NODE id="893" /> offered still higher quality and more grown-up styling. It's to this recipe that <NODE id="975" />it<NODE id="977" /> has <NODE id="982" />introduced<NODE id="992" /> the <NODE id="997" />Advance<NODE id="1004" />, a trim level offered on <NODE id="1030" />IS<NODE id="1032" />220d<NODE id="1036" /> and <NODE id="1041" />IS<NODE id="1043" />250<NODE id="1046" /> models that throws so much extra equipment into the equation that it makes a <NODE id="1124" />Lexus<NODE id="1129" /> dealer an almost mandatory port of call if you're shopping in this hard-fought corner of the market. Driving Experience The biggest failing in the make up of the <NODE id="1292" />Lexus<NODE id="1297" /> IS<NODE id="1300" /> is its narrow and rather unspectacular engine line up, and none of that changes in <NODE id="1384" />Advance<NODE id="1391" /> trim. Most buyers will go for the <NODE id="1426" />IS<NODE id="1428" /> 200d<NODE id="1433" /> and it's a solid diesel engine, but there's nothing about it to worry the German opposition. Fast steering and strong front end grip make the <NODE id="1576" />IS<NODE id="1578" /> a fine <NODE id="1586" />car<NODE id="1589" /> to hustle down a twisty road. The suspension is firm and rather un-Lexus like which is great for spirited driving but can become wearing at lower speeds on poor surfaces. Prominent road noise is an issue, too, exacerbated by the particularly low levels of engine and wind noise. The <NODE id="1873" />IS<NODE id="1875" />200d<NODE id="1879" /> isn't quite as fast as the louder <NODE id="1914" />IS<NODE id="1916" />220d<NODE id="1920" /> variant it replaced, so rest to sixty now takes 9.9s rather than 8.9s. Go for the <NODE id="2003" />IS<NODE id="2005" />250<NODE id="2008" /> and you'll have an altogether silkier petrol engine that packs a 205bhp punch and can accelerate to 60mph in just 8.2 seconds. <NODE id="2136" />Lexus<NODE id="2141" />'s<NODE id="2143" /> advanced handling and safety system <NODE id="2180" />Vehicle Integrated Dynamics Management<NODE id="2218" /> (<NODE id="2220" />VDIM<NODE id="2224" />) is standard on all models and co-ordinates the operation of the car's ABS, Electronic Brakeforce Distribution (EBD), Traction Control (TRC) and Vehicle Stability Control (VSC) with the Electric Power Steering (EPS), providing smooth, optimum assistance as the <NODE id="2486" />car<NODE id="2489" /> reaches its performance limits. Design and Build This generation <NODE id="2555" />Lexus<NODE id="2560" /> IS<NODE id="2563" /> was introduced in 2006 but it still looks a very crisp and contemporary piece of design. There's an inherent rightness to <NODE id="2686" />its<NODE id="2689" /> dimensions that has sometimes eluded a few of its rivals. The taut, muscular looking bodywork with origami-sharp swage lines and very painstakingly finished detailing is sporty and unapologetically Japanese. Try imagining this car wearing an <NODE id="2932" />Audi<NODE id="2936" /> or <NODE id="2940" />Saab<NODE id="2944" /> badge. It's quite impossible. As ever, the interior is constructed with customary <NODE id="3027" />Lexus<NODE id="3032" /> quality. Some of the materials lack the luxurious feel common to German rivals but there's never any doubt that the <NODE id="3149" />IS<NODE id="3151" /> will stand the test of time. The instruments are clear and the large buttons make the various systems easy to operate. In terms of space, those in the front are well catered for but the rear seating area and boot are less amply proportioned. You get 378 litres of room in the boot compared to 460 litres in a <NODE id="3461" />BMW<NODE id="3464" /> 3 Series<NODE id="3473" /> but the <NODE id="3482" />Lexus<NODE id="3487" /> counters with a sizeable 65-litre fuel tank compared to the mean 53-litres it would take to brim the <NODE id="3589" />BMW<NODE id="3592" />. Market and Model The <NODE id="3615" />Advance<NODE id="3622" /> trim level builds on the specification of the already well appointed <NODE id="3692" />SE<NODE id="3694" /> variant. So taking the <NODE id="3718" />SE<NODE id="3720" /> as a starting point <NODE id="3741" />SE<NODE id="3743" />, the new <NODE id="3753" />IS<NODE id="3755" /> 250<NODE id="3759" /> and <NODE id="3764" />200d Advance<NODE id="3776" /> models add a hard disc drive (HDD) satellite navigation system, rear parking camera, heated electrically adjustable front seats, front and rear parking sensors, cruise control, rain-sensing windscreen wipers and an auto-dimming rear view mirror. Totting up that little lot should tack at least £2,500 onto the price of the <NODE id="4100" />SE<NODE id="4102" /> model but the <NODE id="4117" />Advance <NODE id="4125" />IS<NODE id="4127" /> 250<NODE id="4131" /> costs just an extra £340 over <NODE id="4162" />its<NODE id="4165" /> <NODE id="4166" />SE<NODE id="4168" /> sibling. That seems extremely strong value, but as with all special edition models, they're harder to haggle a bargain on that the 'regular' versions, so try both and see what you come up with. Compared to <NODE id="4375" />its<NODE id="4378" /> direct rivals, the <NODE id="4398" />IS<NODE id="4400" /> Advance<NODE id="4408" /> seems right on the money. Take the <NODE id="4444" />IS<NODE id="4446" />200d Advance<NODE id="4458" />, which weighs in at £24,995 (just £130 over <NODE id="4503" />its<NODE id="4506" /> <NODE id="4507" />SE<NODE id="4509" /> equivalent). That wouldn't net you the less powerful and markedly less well equipped <NODE id="4595" />BMW<NODE id="4598" /> 318d ES<NODE id="4606" />. Likewise, the £26,495 <NODE id="4630" />IS<NODE id="4632" />250<NODE id="4635" /> shapes up very well against the more expensive <NODE id="4683" />Audi<NODE id="4687" /> A4 1.8 TFSI S Line<NODE id="4706" />, a <NODE id="4710" />car<NODE id="4713" /> with 45 fewer bhp that can't match the equipment of the <NODE id="4770" />Lexus<NODE id="4775" />. Cost of Ownership What advantage the <NODE id="4814" />Lexus<NODE id="4819" /> gains in terms of equipment and an attractive upfront price over <NODE id="4885" />its<NODE id="4888" /> German rivals it promptly hands back due to higher rates of depreciation. It's an inescapable fact that badges count in the compact executive sector and the <NODE id="5046" />Lexus<NODE id="5051" /> IS<NODE id="5054" />, while a good used buy in terms of reliability, can't cling onto <NODE id="5120" />its<NODE id="5123" /> value quite as well as <NODE id="5147" />BMW<NODE id="5150" />, <NODE id="5152" />Mercedes<NODE id="5160" /> or <NODE id="5164" />Audi<NODE id="5168" /> rivals. Against offerings from <NODE id="5200" />Volvo<NODE id="5205" />, <NODE id="5207" />Alfa Romeo<NODE id="5217" /> and <NODE id="5222" />Saab<NODE id="5226" /> <NODE id="5227" />it<NODE id="5229" /> stands up very well. It's a similar story when it comes to economy and emissions. The <NODE id="5316" />IS<NODE id="5318" />200d Advance<NODE id="5330" /> posts 134g/km of CO2 and 55.4 mpg, exactly the same figures as 170bhp worth of <NODE id="5410" />Audi<NODE id="5414" /> A4 2.0 TDI<NODE id="5425" /> diesel. The <NODE id="5438" />IS<NODE id="5440" />250 Advance<NODE id="5451" /> scores 33.6mpg and 194g/km where a <NODE id="5487" />BMW<NODE id="5490" /> 325i<NODE id="5495" /> will net 39.2mpg and emit 168g/km. Therefore you'll need to make a very careful calculation when it comes to running costs in order to find out whether the <NODE id="5652" />Lexus<NODE id="5657" /> <NODE id="5658" />IS<NODE id="5660" /> Advance<NODE id="5668" /> works for you on the balance sheet Summary The <NODE id="5716" />Lexus<NODE id="5721" /> <NODE id="5722" />IS<NODE id="5724" /> Advance<NODE id="5732" /> isn't a <NODE id="5741" />car<NODE id="5744" /> <NODE id="5745" />that<NODE id="5749" />'s going to work out for everyone. If you're part of that niche that doesn't hanker after a prestige German badge but value unimpeachable build quality and plenty of standard equipment, the <NODE id="5939" />Lexus<NODE id="5944" /> could well appeal. Although the residual values may not look instantly impressive, the value proposition of the <NODE id="6057" />IS<NODE id="6059" /> Advance<NODE id="6067" /> is such that if you specified <NODE id="6098" />its<NODE id="6101" /> rivals to this level, you'd need to add around £3,000 to their asking price, which skews the calculation back to the credit of the Japanese <NODE id="6242" />car<NODE id="6245" />. The <NODE id="6251" />Advance<NODE id="6258" /> is a model that will increasingly appeal to private buyers. <NODE id="6319" />It<NODE id="6321" /> needs to as well, because the CO2 emissions of both <NODE id="6374" />cars<NODE id="6378" /> are starting to look unattractive to business users. As a private buy that will be kept for a few years, the <NODE id="6488" />Lexus<NODE id="6493" /> seems a better bet. Think of it as one for the long game. <NODE id="6552" />Ripley and Heanor News<NODE id="6574" /> Recommends
</TEXT>
<Meta>
<feature featureName="id" featureValue="vico/e5e76957-c496-344f-b2f5-980434e71f1d" />
<feature featureName="source" featureValue="sensor_corpus" />
<feature featureName="lang" featureValue="en" />
<feature featureName="pubDate" featureValue="2016-02-09T07:31:23Z" />
<feature featureName="indexDate" featureValue="2016-07-13T12:02:31.59Z" />
<feature featureName="uri" featureValue="http://www.ripleyandheanornews.co.uk/motors/reviews/lexus/advance-in-turn-1-5141811" />
<feature featureName="solrEventType" featureValue="None" /></Meta><Entities>
<Entity id="0" startPos="81" endPos="86" type="organization" surface="Lexus" />
<Entity id="1" startPos="81" endPos="89" type="product" surface="Lexus IS" />
<Entity id="2" startPos="269" endPos="276" type="product" surface="Advance" />
<Entity id="3" startPos="415" endPos="420" type="organization" surface="Lexus" />
<Entity id="4" startPos="445" endPos="447" type="organization" surface="it" />
<Entity id="5" startPos="530" endPos="533" type="product" surface="car" />
<Entity id="6" startPos="660" endPos="665" type="organization" surface="Lexus" />
<Entity id="7" startPos="666" endPos="671" type="trigger" surface="build" />
<Entity id="8" startPos="674" endPos="677" type="product" surface="car" />
<Entity id="9" startPos="785" endPos="788" type="organization" surface="BMW" />
<Entity id="10" startPos="793" endPos="797" type="organization" surface="Audi" />
<Entity id="11" startPos="802" endPos="810" type="organization" surface="Mercedes" />
<Entity id="12" startPos="833" endPos="838" type="organization" surface="Lexus" />
<Entity id="13" startPos="859" endPos="862" type="organization" surface="its" />
<Entity id="14" startPos="873" endPos="893" type="product" surface="second generation IS" />
<Entity id="15" startPos="975" endPos="977" type="organization" surface="it" />
<Entity id="16" startPos="982" endPos="992" type="trigger" surface="introduced" />
<Entity id="17" startPos="997" endPos="1004" type="product" surface="Advance" />
<Entity id="18" startPos="1030" endPos="1032" type="product" surface="IS" />
<Entity id="19" startPos="1030" endPos="1036" type="product" surface="IS220d" />
<Entity id="20" startPos="1041" endPos="1043" type="product" surface="IS" />
<Entity id="21" startPos="1041" endPos="1046" type="product" surface="IS250" />
<Entity id="22" startPos="1124" endPos="1129" type="organization" surface="Lexus" />
<Entity id="23" startPos="1292" endPos="1297" type="organization" surface="Lexus" />
<Entity id="24" startPos="1292" endPos="1300" type="product" surface="Lexus IS" />
<Entity id="25" startPos="1384" endPos="1391" type="product" surface="Advance" />
<Entity id="26" startPos="1426" endPos="1428" type="product" surface="IS" />
<Entity id="27" startPos="1426" endPos="1433" type="product" surface="IS 200d" />
<Entity id="28" startPos="1576" endPos="1578" type="product" surface="IS" />
<Entity id="29" startPos="1586" endPos="1589" type="product" surface="car" />
<Entity id="30" startPos="1873" endPos="1875" type="product" surface="IS" />
<Entity id="31" startPos="1873" endPos="1879" type="product" surface="IS200d" />
<Entity id="32" startPos="1914" endPos="1916" type="product" surface="IS" />
<Entity id="33" startPos="1914" endPos="1920" type="product" surface="IS220d" />
<Entity id="34" startPos="2003" endPos="2005" type="product" surface="IS" />
<Entity id="35" startPos="2003" endPos="2008" type="product" surface="IS250" />
<Entity id="36" startPos="2136" endPos="2141" type="organization" surface="Lexus" />
<Entity id="37" startPos="2141" endPos="2143" type="trigger" surface="'s" />
<Entity id="38" startPos="2180" endPos="2218" type="product" surface="Vehicle Integrated Dynamics Management" />
<Entity id="39" startPos="2220" endPos="2224" type="product" surface="VDIM" />
<Entity id="40" startPos="2486" endPos="2489" type="product" surface="car" />
<Entity id="41" startPos="2555" endPos="2560" type="organization" surface="Lexus" />
<Entity id="42" startPos="2555" endPos="2563" type="product" surface="Lexus IS" />
<Entity id="43" startPos="2686" endPos="2689" type="product" surface="its" />
<Entity id="44" startPos="2932" endPos="2936" type="organization" surface="Audi" />
<Entity id="45" startPos="2940" endPos="2944" type="organization" surface="Saab" />
<Entity id="46" startPos="3027" endPos="3032" type="organization" surface="Lexus" />
<Entity id="47" startPos="3149" endPos="3151" type="product" surface="IS" />
<Entity id="48" startPos="3461" endPos="3464" type="organization" surface="BMW" />
<Entity id="49" startPos="3461" endPos="3473" type="product" surface="BMW 3 Series" />
<Entity id="50" startPos="3482" endPos="3487" type="organization" surface="Lexus" />
<Entity id="51" startPos="3589" endPos="3592" type="organization" surface="BMW" />
<Entity id="52" startPos="3615" endPos="3622" type="product" surface="Advance" />
<Entity id="53" startPos="3692" endPos="3694" type="product" surface="SE" />
<Entity id="54" startPos="3718" endPos="3720" type="product" surface="SE" />
<Entity id="55" startPos="3741" endPos="3743" type="product" surface="SE" />
<Entity id="56" startPos="3753" endPos="3755" type="product" surface="IS" />
<Entity id="57" startPos="3753" endPos="3759" type="product" surface="IS 250" />
<Entity id="58" startPos="3764" endPos="3776" type="product" surface="200d Advance" />
<Entity id="59" startPos="4100" endPos="4102" type="product" surface="SE" />
<Entity id="60" startPos="4117" endPos="4131" type="product" surface="Advance IS 250" />
<Entity id="61" startPos="4125" endPos="4127" type="product" surface="IS" />
<Entity id="62" startPos="4162" endPos="4165" type="product" surface="its" />
<Entity id="63" startPos="4166" endPos="4168" type="product" surface="SE" />
<Entity id="64" startPos="4375" endPos="4378" type="product" surface="its" />
<Entity id="65" startPos="4398" endPos="4400" type="product" surface="IS" />
<Entity id="66" startPos="4398" endPos="4408" type="product" surface="IS Advance" />
<Entity id="67" startPos="4444" endPos="4446" type="product" surface="IS" />
<Entity id="68" startPos="4444" endPos="4458" type="product" surface="IS200d Advance" />
<Entity id="69" startPos="4503" endPos="4506" type="product" surface="its" />
<Entity id="70" startPos="4507" endPos="4509" type="product" surface="SE" />
<Entity id="71" startPos="4595" endPos="4598" type="organization" surface="BMW" />
<Entity id="72" startPos="4595" endPos="4606" type="product" surface="BMW 318d ES" />
<Entity id="73" startPos="4630" endPos="4632" type="product" surface="IS" />
<Entity id="74" startPos="4630" endPos="4635" type="product" surface="IS250" />
<Entity id="75" startPos="4683" endPos="4687" type="organization" surface="Audi" />
<Entity id="76" startPos="4683" endPos="4706" type="product" surface="Audi A4 1.8 TFSI S Line" />
<Entity id="77" startPos="4710" endPos="4713" type="product" surface="car" />
<Entity id="78" startPos="4770" endPos="4775" type="organization" surface="Lexus" />
<Entity id="79" startPos="4814" endPos="4819" type="organization" surface="Lexus" />
<Entity id="80" startPos="4885" endPos="4888" type="organization" surface="its" />
<Entity id="81" startPos="5046" endPos="5051" type="organization" surface="Lexus" />
<Entity id="82" startPos="5046" endPos="5054" type="product" surface="Lexus IS" />
<Entity id="83" startPos="5120" endPos="5123" type="product" surface="its" />
<Entity id="84" startPos="5147" endPos="5150" type="organization" surface="BMW" />
<Entity id="85" startPos="5152" endPos="5160" type="organization" surface="Mercedes" />
<Entity id="86" startPos="5164" endPos="5168" type="organization" surface="Audi" />
<Entity id="87" startPos="5200" endPos="5205" type="organization" surface="Volvo" />
<Entity id="88" startPos="5207" endPos="5217" type="organization" surface="Alfa Romeo" />
<Entity id="89" startPos="5222" endPos="5226" type="organization" surface="Saab" />
<Entity id="90" startPos="5227" endPos="5229" type="product" surface="it" />
<Entity id="91" startPos="5316" endPos="5318" type="product" surface="IS" />
<Entity id="92" startPos="5316" endPos="5330" type="product" surface="IS200d Advance" />
<Entity id="93" startPos="5410" endPos="5414" type="organization" surface="Audi" />
<Entity id="94" startPos="5410" endPos="5425" type="product" surface="Audi A4 2.0 TDI" />
<Entity id="95" startPos="5438" endPos="5440" type="product" surface="IS" />
<Entity id="96" startPos="5438" endPos="5451" type="product" surface="IS250 Advance" />
<Entity id="97" startPos="5487" endPos="5490" type="organization" surface="BMW" />
<Entity id="98" startPos="5487" endPos="5495" type="product" surface="BMW 325i" />
<Entity id="99" startPos="5652" endPos="5657" type="organization" surface="Lexus" />
<Entity id="100" startPos="5652" endPos="5668" type="product" surface="Lexus IS Advance" />
<Entity id="101" startPos="5658" endPos="5660" type="product" surface="IS" />
<Entity id="102" startPos="5716" endPos="5721" type="organization" surface="Lexus" />
<Entity id="103" startPos="5716" endPos="5732" type="product" surface="Lexus IS Advance" />
<Entity id="104" startPos="5722" endPos="5724" type="product" surface="IS" />
<Entity id="105" startPos="5741" endPos="5744" type="product" surface="car" />
<Entity id="106" startPos="5745" endPos="5749" type="product" surface="that" />
<Entity id="107" startPos="5939" endPos="5944" type="organization" surface="Lexus" />
<Entity id="108" startPos="6057" endPos="6059" type="product" surface="IS" />
<Entity id="109" startPos="6057" endPos="6067" type="product" surface="IS Advance" />
<Entity id="110" startPos="6098" endPos="6101" type="product" surface="its" />
<Entity id="111" startPos="6242" endPos="6245" type="product" surface="car" />
<Entity id="112" startPos="6251" endPos="6258" type="product" surface="Advance" />
<Entity id="113" startPos="6319" endPos="6321" type="product" surface="It" />
<Entity id="114" startPos="6374" endPos="6378" type="product" surface="cars" />
<Entity id="115" startPos="6488" endPos="6493" type="organization" surface="Lexus" />
<Entity id="116" startPos="6552" endPos="6574" type="organization" surface="Ripley and Heanor News" /></Entities><Relations>
<Relation id="117" NAME="CompanyProvidesProduct">
<Entity id="1" label="product" />
<Entity id="0" label="company" />
</Relation>
<Relation id="118" NAME="CompanyProvidesProduct">
<Entity id="8" label="product" />
<Entity id="6" label="company" />
<Entity id="7" label="trigger" />
</Relation>
<Relation id="119" NAME="CompanyProvidesProduct">
<Entity id="17" label="product" />
<Entity id="15" label="company" />
<Entity id="16" label="trigger" />
</Relation>
<Relation id="120" NAME="CompanyProvidesProduct">
<Entity id="24" label="product" />
<Entity id="23" label="company" />
</Relation>
<Relation id="121" NAME="CompanyProvidesProduct">
<Entity id="38" label="product" />
<Entity id="36" label="company" />
<Entity id="37" label="trigger" />
</Relation>
<Relation id="122" NAME="CompanyProvidesProduct">
<Entity id="42" label="product" />
<Entity id="41" label="company" />
</Relation>
<Relation id="123" NAME="CompanyProvidesProduct">
<Entity id="49" label="product" />
<Entity id="48" label="company" />
</Relation>
<Relation id="124" NAME="CompanyProvidesProduct">
<Entity id="72" label="product" />
<Entity id="71" label="company" />
</Relation>
<Relation id="125" NAME="CompanyProvidesProduct">
<Entity id="76" label="product" />
<Entity id="75" label="company" />
</Relation>
<Relation id="126" NAME="CompanyProvidesProduct">
<Entity id="82" label="product" />
<Entity id="81" label="company" />
</Relation>
<Relation id="127" NAME="CompanyProvidesProduct">
<Entity id="94" label="product" />
<Entity id="93" label="company" />
</Relation>
<Relation id="128" NAME="CompanyProvidesProduct">
<Entity id="98" label="product" />
<Entity id="97" label="company" />
</Relation>
<Relation id="129" NAME="CompanyProvidesProduct">
<Entity id="100" label="product" />
<Entity id="99" label="company" />
</Relation>
<Relation id="130" NAME="CompanyProvidesProduct">
<Entity id="103" label="product" />
<Entity id="102" label="company" />
</Relation>
<Relation id="131" NAME="Identity">
<Entity id="0" label="source" />
<Entity id="3" label="target" />
<Entity id="6" label="target" />
<Entity id="41" label="target" />
<Entity id="36" label="target" />
<Entity id="79" label="target" />
<Entity id="107" label="target" />
<Entity id="115" label="target" />
<Entity id="102" label="target" />
<Entity id="15" label="target" />
<Entity id="78" label="target" />
<Entity id="23" label="target" />
<Entity id="22" label="target" />
<Entity id="99" label="target" />
<Entity id="13" label="target" />
<Entity id="4" label="target" />
<Entity id="12" label="target" />
<Entity id="81" label="target" />
<Entity id="80" label="target" />
<Entity id="46" label="target" />
<Entity id="50" label="target" />
</Relation>
<Relation id="132" NAME="Identity">
<Entity id="9" label="source" />
<Entity id="97" label="target" />
<Entity id="48" label="target" />
<Entity id="71" label="target" />
<Entity id="84" label="target" />
<Entity id="51" label="target" />
</Relation>
<Relation id="133" NAME="Identity">
<Entity id="10" label="source" />
<Entity id="93" label="target" />
<Entity id="86" label="target" />
<Entity id="75" label="target" />
<Entity id="44" label="target" />
</Relation>
<Relation id="134" NAME="Identity">
<Entity id="11" label="source" />
<Entity id="85" label="target" />
</Relation>
<Relation id="135" NAME="Identity">
<Entity id="45" label="source" />
<Entity id="89" label="target" />
</Relation>
<Relation id="136" NAME="identity">
<Entity id="1" label="source" />
<Entity id="34" label="target" />
<Entity id="83" label="target" />
<Entity id="73" label="target" />
<Entity id="47" label="target" />
<Entity id="56" label="target" />
<Entity id="18" label="target" />
<Entity id="95" label="target" />
<Entity id="24" label="target" />
<Entity id="91" label="target" />
<Entity id="101" label="target" />
<Entity id="26" label="target" />
<Entity id="67" label="target" />
<Entity id="14" label="target" />
<Entity id="82" label="target" />
<Entity id="30" label="target" />
<Entity id="104" label="target" />
<Entity id="65" label="target" />
<Entity id="108" label="target" />
<Entity id="20" label="target" />
<Entity id="32" label="target" />
<Entity id="42" label="target" />
<Entity id="61" label="target" />
<Entity id="28" label="target" />
<Entity id="43" label="target" />
</Relation>
<Relation id="137" NAME="identity">
<Entity id="2" label="source" />
<Entity id="17" label="target" />
<Entity id="100" label="target" />
<Entity id="66" label="target" />
<Entity id="112" label="target" />
<Entity id="25" label="target" />
<Entity id="64" label="target" />
<Entity id="69" label="target" />
<Entity id="58" label="target" />
<Entity id="92" label="target" />
<Entity id="60" label="target" />
<Entity id="68" label="target" />
<Entity id="103" label="target" />
<Entity id="113" label="target" />
<Entity id="96" label="target" />
<Entity id="52" label="target" />
<Entity id="109" label="target" />
<Entity id="110" label="target" />
<Entity id="106" label="target" />
</Relation>
<Relation id="138" NAME="identity">
<Entity id="5" label="source" />
<Entity id="111" label="target" />
<Entity id="114" label="target" />
<Entity id="29" label="target" />
<Entity id="40" label="target" />
<Entity id="8" label="target" />
</Relation>
<Relation id="139" NAME="identity">
<Entity id="19" label="source" />
<Entity id="33" label="target" />
</Relation>
<Relation id="140" NAME="identity">
<Entity id="21" label="source" />
<Entity id="57" label="target" />
<Entity id="74" label="target" />
<Entity id="60" label="target" />
<Entity id="35" label="target" />
<Entity id="96" label="target" />
</Relation>
<Relation id="141" NAME="identity">
<Entity id="38" label="source" />
<Entity id="39" label="target" />
</Relation>
<Relation id="142" NAME="identity">
<Entity id="53" label="source" />
<Entity id="63" label="target" />
<Entity id="59" label="target" />
<Entity id="54" label="target" />
<Entity id="55" label="target" />
<Entity id="70" label="target" />
</Relation></Relations>
</Document>
