<?xml version="1.0" encoding="UTF-8"?>
<Document>
<TEXT>Home &gt; Blogs &gt; <NODE id="15" />T&amp;D World<NODE id="24" />'s The Briefing Room &gt; <NODE id="47" />Sentient Energy<NODE id="62" /> Announces <NODE id="73" />Release<NODE id="80" /> of <NODE id="84" />Ample Analytics 3.0<NODE id="103" /> to Identify Distribution Grid faults and Potential Equipment Failures <NODE id="174" />Sentient Energy<NODE id="189" /> Announces <NODE id="200" />Release<NODE id="207" /> of <NODE id="211" />Ample Analytics 3.0<NODE id="230" /> to Identify Distribution Grid faults and Potential Equipment Failures Feb 4, 2016 by Amy Fischbach in <NODE id="333" />T&amp;D World<NODE id="342" />'s The Briefing Room <NODE id="363" />Sentient Energy, Inc.<NODE id="384" /> announced the <NODE id="399" />release<NODE id="406" /> of <NODE id="410" />its<NODE id="413" /> <NODE id="414" />Ample 3.0 Analytics<NODE id="433" /> <NODE id="434" />platform<NODE id="442" />. Burlingame, Calif., February 4, 2016 – <NODE id="483" />Sentient Energy, Inc.<NODE id="504" />, a leading <NODE id="516" />provider<NODE id="524" /> of advanced <NODE id="537" />grid monitoring<NODE id="552" /> and <NODE id="557" />analytics solutions<NODE id="576" /> for electric utilities, today announced the <NODE id="621" />release<NODE id="628" /> of <NODE id="632" />its<NODE id="635" /> <NODE id="636" />Ample™ 3.0 Analytics<NODE id="656" /> <NODE id="657" />platform<NODE id="665" />. When paired with <NODE id="684" />Sentient Energy<NODE id="699" />'s<NODE id="701" /> family of intelligent <NODE id="724" />line sensors<NODE id="736" />, the <NODE id="742" />Ample Analytics<NODE id="757" /> platform provides everything needed to manage and analyze the immense amount of data captured by <NODE id="855" />Sentient<NODE id="863" /> MM3 ™ sensors<NODE id="877" /> when deployed on the distribution grid. <NODE id="918" />Ample<NODE id="923" /> can also serve as the data integration platform for <NODE id="976" />SCADA<NODE id="981" /> and <NODE id="986" />DMS<NODE id="989" />. <NODE id="991" />MM3 line sensors<NODE id="1007" /> feature <NODE id="1016" />Sentient Energy<NODE id="1031" />'s<NODE id="1033" /> <NODE id="1034" />proprietary waveform analysis<NODE id="1063" /> <NODE id="1064" />technology<NODE id="1074" /> that captures high-resolution oscillography associated with faults and network events anywhere on the distribution grid and wirelessly transmits key data or the entire waveform, as needed, to the <NODE id="1271" />Ample Analytics<NODE id="1286" /> platform for further analysis. Once this waveform data is collected, catalogued, and analyzed, it is possible to identify an event and its immediate cause -- such as vegetation, lightning, or animal intrusion. It is also possible to identify many underlying conditions that lead to failure, such as deteriorating connections or faulty equipment. The <NODE id="1637" />Ample Analytics<NODE id="1652" /> platform is a vital <NODE id="1673" />component<NODE id="1682" /> of <NODE id="1686" />our<NODE id="1689" /> comprehensive <NODE id="1704" />Grid Analytics System<NODE id="1725" /> . Together, <NODE id="1738" />Sentient Energy<NODE id="1753" /> intelligent sensors<NODE id="1773" /> and <NODE id="1778" />Ample Analytics<NODE id="1793" /> platform hold the key to accurately predicting future grid equipment failures and preventing outages before they occur, said <NODE id="1919" />Sentient Energy<NODE id="1934" /> CEO, Jim Keener. <NODE id="1952" />We<NODE id="1954" /> are confident this technology will lead to a significantly more resilient grid and a major reduction in service interruptions. <NODE id="2082" />Ample Analytics 3.0<NODE id="2101" /> has been <NODE id="2111" />deployed<NODE id="2119" /> by <NODE id="2123" />Florida Power &amp; Light<NODE id="2144" /> (<NODE id="2146" />FPL<NODE id="2149" />) as part of the <NODE id="2166" />utility<NODE id="2173" />'s <NODE id="2176" />20,000 <NODE id="2183" />MM3 sensor<NODE id="2193" /> <NODE id="2194" />project<NODE id="2201" /> covering <NODE id="2211" />its<NODE id="2214" /> entire 42,000-mile overhead service territory. This is believed to be the largest <NODE id="2297" />distribution grid sensor<NODE id="2321" /> deployment in the world ( see press release ). <NODE id="2369" />FPL<NODE id="2372" /> will <NODE id="2378" />use<NODE id="2381" /> <NODE id="2382" />Sentient Energy<NODE id="2397" />'s<NODE id="2399" /> <NODE id="2400" />Grid Analytics System<NODE id="2421" /> – <NODE id="2424" />MM3 sensors<NODE id="2435" />, <NODE id="2437" />high-resolution oscillography<NODE id="2466" />, and the <NODE id="2476" />Ample Analytics<NODE id="2491" /> platform – to detect minute disturbances on the grid and use this information to isolate faults, detect defective equipment before it fails, and analyze the unique patterns of these events to predict the likelihood of future outages. <NODE id="2726" />Sentient Energy<NODE id="2741" /> will <NODE id="2747" />showcase<NODE id="2755" /> <NODE id="2756" />Ample Analytics 3.0.<NODE id="2776" /> along with <NODE id="2788" />its<NODE id="2791" /> <NODE id="2792" />MM3 intelligent sensors<NODE id="2815" />, and <NODE id="2821" />high-resolution waveform analysis<NODE id="2854" /> at DistribuTECH 2016 – booth #849. About <NODE id="2896" />Sentient Energy, Inc.<NODE id="2917" /> <NODE id="2918" />Sentient Energy<NODE id="2933" /> makes power delivery safe, reliable and solar ready. <NODE id="2987" />We<NODE id="2989" /> <NODE id="2990" />provide<NODE id="2997" /> the industry's only <NODE id="3018" />Grid Analytics System<NODE id="3039" /> that covers the entire distribution network with quickly deployed intelligent <NODE id="3118" />sensors<NODE id="3125" /> and analytics that identify and analyze potential faults and other grid events. <NODE id="3206" />We<NODE id="3208" /> <NODE id="3209" />lead<NODE id="3213" /> the market with the largest mesh network <NODE id="3255" />line sensor<NODE id="3266" /> <NODE id="3267" />deployments<NODE id="3278" /> in North America, and partnerships with leading utility network providers including <NODE id="3363" />Silver Spring Networks<NODE id="3385" />, <NODE id="3387" />Landis + Gyr<NODE id="3399" />, and <NODE id="3405" />AT&amp;T<NODE id="3409" />. For more information, visit www.sentient-energy.com . CONTACT: John Easton 904-415-6266 jeason@sentient-energy.com Discuss this Blog Entry 0
</TEXT>
<Meta>
<feature featureName="id" featureValue="vico/052f0966-137c-3732-bd77-b61dc79f2d7a" />
<feature featureName="source" featureValue="sensor_corpus" />
<feature featureName="lang" featureValue="en" />
<feature featureName="pubDate" featureValue="2016-02-05T06:06:39Z" />
<feature featureName="indexDate" featureValue="2016-07-13T10:37:17.115Z" />
<feature featureName="uri" featureValue="http://tdworld.com/blog/sentient-energy-announces-release-ample-analytics-30-identify-distribution-grid-faults-and-pote" />
<feature featureName="solrEventType" featureValue="None" /></Meta><Entities>
<Entity id="0" startPos="15" endPos="24" type="organization" surface="T&amp;D World" />
<Entity id="1" startPos="47" endPos="62" type="organization" surface="Sentient Energy" />
<Entity id="2" startPos="73" endPos="80" type="trigger" surface="Release" />
<Entity id="3" startPos="84" endPos="103" type="product" surface="Ample Analytics 3.0" />
<Entity id="4" startPos="174" endPos="189" type="organization" surface="Sentient Energy" />
<Entity id="5" startPos="200" endPos="207" type="trigger" surface="Release" />
<Entity id="6" startPos="211" endPos="230" type="product" surface="Ample Analytics 3.0" />
<Entity id="7" startPos="333" endPos="342" type="organization" surface="T&amp;D World" />
<Entity id="8" startPos="363" endPos="384" type="organization" surface="Sentient Energy, Inc." />
<Entity id="9" startPos="399" endPos="406" type="trigger" surface="release" />
<Entity id="10" startPos="410" endPos="413" type="organization" surface="its" />
<Entity id="11" startPos="410" endPos="413" type="trigger" surface="its" />
<Entity id="12" startPos="414" endPos="433" type="product" surface="Ample 3.0 Analytics" />
<Entity id="13" startPos="434" endPos="442" type="trigger" surface="platform" />
<Entity id="14" startPos="483" endPos="504" type="organization" surface="Sentient Energy, Inc." />
<Entity id="15" startPos="516" endPos="524" type="trigger" surface="provider" />
<Entity id="16" startPos="537" endPos="552" type="product" surface="grid monitoring" />
<Entity id="17" startPos="557" endPos="576" type="product" surface="analytics solutions" />
<Entity id="18" startPos="621" endPos="628" type="trigger" surface="release" />
<Entity id="19" startPos="632" endPos="635" type="organization" surface="its" />
<Entity id="20" startPos="632" endPos="635" type="trigger" surface="its" />
<Entity id="21" startPos="636" endPos="656" type="product" surface="Ample™ 3.0 Analytics" />
<Entity id="22" startPos="657" endPos="665" type="trigger" surface="platform" />
<Entity id="23" startPos="684" endPos="699" type="organization" surface="Sentient Energy" />
<Entity id="24" startPos="699" endPos="701" type="trigger" surface="'s" />
<Entity id="25" startPos="724" endPos="736" type="product" surface="line sensors" />
<Entity id="26" startPos="742" endPos="757" type="product" surface="Ample Analytics" />
<Entity id="27" startPos="855" endPos="863" type="organization" surface="Sentient" />
<Entity id="28" startPos="855" endPos="877" type="product" surface="Sentient MM3 ™ sensors" />
<Entity id="29" startPos="918" endPos="923" type="product" surface="Ample" />
<Entity id="30" startPos="976" endPos="981" type="product" surface="SCADA" />
<Entity id="31" startPos="986" endPos="989" type="product" surface="DMS" />
<Entity id="32" startPos="991" endPos="1007" type="product" surface="MM3 line sensors" />
<Entity id="33" startPos="1016" endPos="1031" type="organization" surface="Sentient Energy" />
<Entity id="34" startPos="1031" endPos="1033" type="trigger" surface="'s" />
<Entity id="35" startPos="1034" endPos="1063" type="product" surface="proprietary waveform analysis" />
<Entity id="36" startPos="1064" endPos="1074" type="trigger" surface="technology" />
<Entity id="37" startPos="1271" endPos="1286" type="product" surface="Ample Analytics" />
<Entity id="38" startPos="1637" endPos="1652" type="product" surface="Ample Analytics" />
<Entity id="39" startPos="1673" endPos="1682" type="trigger" surface="component" />
<Entity id="40" startPos="1686" endPos="1689" type="organization" surface="our" />
<Entity id="41" startPos="1704" endPos="1725" type="product" surface="Grid Analytics System" />
<Entity id="42" startPos="1738" endPos="1753" type="organization" surface="Sentient Energy" />
<Entity id="43" startPos="1738" endPos="1773" type="product" surface="Sentient Energy intelligent sensors" />
<Entity id="44" startPos="1778" endPos="1793" type="product" surface="Ample Analytics" />
<Entity id="45" startPos="1919" endPos="1934" type="organization" surface="Sentient Energy" />
<Entity id="46" startPos="1952" endPos="1954" type="organization" surface="We" />
<Entity id="47" startPos="2082" endPos="2101" type="product" surface="Ample Analytics 3.0" />
<Entity id="48" startPos="2111" endPos="2119" type="trigger" surface="deployed" />
<Entity id="49" startPos="2123" endPos="2144" type="organization" surface="Florida Power &amp; Light" />
<Entity id="50" startPos="2146" endPos="2149" type="organization" surface="FPL" />
<Entity id="51" startPos="2166" endPos="2173" type="organization" surface="utility" />
<Entity id="52" startPos="2173" endPos="2176" type="trigger" surface="'s " />
<Entity id="53" startPos="2183" endPos="2193" type="product" surface="MM3 sensor" />
<Entity id="54" startPos="2194" endPos="2201" type="trigger" surface="project" />
<Entity id="55" startPos="2211" endPos="2214" type="organization" surface="its" />
<Entity id="56" startPos="2297" endPos="2321" type="product" surface="distribution grid sensor" />
<Entity id="57" startPos="2369" endPos="2372" type="organization" surface="FPL" />
<Entity id="58" startPos="2378" endPos="2381" type="trigger" surface="use" />
<Entity id="59" startPos="2382" endPos="2397" type="organization" surface="Sentient Energy" />
<Entity id="60" startPos="2397" endPos="2399" type="trigger" surface="'s" />
<Entity id="61" startPos="2400" endPos="2421" type="product" surface="Grid Analytics System" />
<Entity id="62" startPos="2424" endPos="2435" type="product" surface="MM3 sensors" />
<Entity id="63" startPos="2437" endPos="2466" type="product" surface="high-resolution oscillography" />
<Entity id="64" startPos="2476" endPos="2491" type="product" surface="Ample Analytics" />
<Entity id="65" startPos="2726" endPos="2741" type="organization" surface="Sentient Energy" />
<Entity id="66" startPos="2747" endPos="2755" type="trigger" surface="showcase" />
<Entity id="67" startPos="2756" endPos="2776" type="product" surface="Ample Analytics 3.0." />
<Entity id="68" startPos="2788" endPos="2791" type="organization" surface="its" />
<Entity id="69" startPos="2792" endPos="2815" type="product" surface="MM3 intelligent sensors" />
<Entity id="70" startPos="2821" endPos="2854" type="product" surface="high-resolution waveform analysis" />
<Entity id="71" startPos="2896" endPos="2917" type="organization" surface="Sentient Energy, Inc." />
<Entity id="72" startPos="2918" endPos="2933" type="organization" surface="Sentient Energy" />
<Entity id="73" startPos="2987" endPos="2989" type="organization" surface="We" />
<Entity id="74" startPos="2990" endPos="2997" type="trigger" surface="provide" />
<Entity id="75" startPos="3018" endPos="3039" type="product" surface="Grid Analytics System" />
<Entity id="76" startPos="3118" endPos="3125" type="product" surface="sensors" />
<Entity id="77" startPos="3206" endPos="3208" type="organization" surface="We" />
<Entity id="78" startPos="3209" endPos="3213" type="trigger" surface="lead" />
<Entity id="79" startPos="3255" endPos="3266" type="product" surface="line sensor" />
<Entity id="80" startPos="3267" endPos="3278" type="trigger" surface="deployments" />
<Entity id="81" startPos="3363" endPos="3385" type="organization" surface="Silver Spring Networks" />
<Entity id="82" startPos="3387" endPos="3399" type="organization" surface="Landis + Gyr" />
<Entity id="83" startPos="3405" endPos="3409" type="organization" surface="AT&amp;T" /></Entities><Relations>
<Relation id="84" NAME="CompanyProvidesProduct">
<Entity id="3" label="product" />
<Entity id="1" label="company" />
<Entity id="2" label="trigger" />
</Relation>
<Relation id="85" NAME="CompanyProvidesProduct">
<Entity id="6" label="product" />
<Entity id="4" label="company" />
<Entity id="5" label="trigger" />
</Relation>
<Relation id="86" NAME="CompanyProvidesProduct">
<Entity id="12" label="product" />
<Entity id="8" label="company" />
<Entity id="11" label="trigger" />
<Entity id="13" label="trigger" />
<Entity id="9" label="trigger" />
</Relation>
<Relation id="87" NAME="CompanyProvidesProduct">
<Entity id="21" label="product" />
<Entity id="14" label="company" />
<Entity id="18" label="trigger" />
<Entity id="20" label="trigger" />
<Entity id="22" label="trigger" />
</Relation>
<Relation id="88" NAME="CompanyProvidesProduct">
<Entity id="16" label="product" />
<Entity id="17" label="product" />
<Entity id="14" label="company" />
<Entity id="15" label="trigger" />
</Relation>
<Relation id="89" NAME="CompanyProvidesProduct">
<Entity id="25" label="product" />
<Entity id="23" label="company" />
<Entity id="24" label="trigger" />
</Relation>
<Relation id="90" NAME="CompanyProvidesProduct">
<Entity id="28" label="product" />
<Entity id="27" label="company" />
</Relation>
<Relation id="91" NAME="CompanyProvidesProduct">
<Entity id="35" label="product" />
<Entity id="33" label="company" />
<Entity id="36" label="trigger" />
<Entity id="34" label="trigger" />
</Relation>
<Relation id="92" NAME="CompanyProvidesProduct">
<Entity id="38" label="product" />
<Entity id="40" label="company" />
<Entity id="39" label="trigger" />
</Relation>
<Relation id="93" NAME="CompanyProvidesProduct">
<Entity id="41" label="product" />
<Entity id="40" label="company" />
</Relation>
<Relation id="94" NAME="CompanyProvidesProduct">
<Entity id="43" label="product" />
<Entity id="44" label="product" />
<Entity id="42" label="company" />
</Relation>
<Relation id="95" NAME="CompanyProvidesProduct">
<Entity id="47" label="product" />
<Entity id="49" label="company" />
<Entity id="48" label="trigger" />
</Relation>
<Relation id="96" NAME="CompanyProvidesProduct">
<Entity id="51" label="company" />
<Entity id="52" label="trigger" />
<Entity id="54" label="trigger" />
</Relation>
<Relation id="97" NAME="CompanyProvidesProduct">
<Entity id="61" label="product" />
<Entity id="57" label="company" />
<Entity id="58" label="trigger" />
</Relation>
<Relation id="98" NAME="CompanyProvidesProduct">
<Entity id="61" label="product" />
<Entity id="59" label="company" />
<Entity id="60" label="trigger" />
</Relation>
<Relation id="99" NAME="CompanyProvidesProduct">
<Entity id="69" label="product" />
<Entity id="70" label="product" />
<Entity id="67" label="product" />
<Entity id="65" label="company" />
<Entity id="66" label="trigger" />
</Relation>
<Relation id="100" NAME="CompanyProvidesProduct">
<Entity id="75" label="product" />
<Entity id="73" label="company" />
<Entity id="74" label="trigger" />
</Relation>
<Relation id="101" NAME="CompanyProvidesProduct">
<Entity id="79" label="product" />
<Entity id="77" label="company" />
<Entity id="80" label="trigger" />
<Entity id="78" label="trigger" />
</Relation>
<Relation id="102" NAME="identity">
<Entity id="0" label="source" />
<Entity id="7" label="target" />
</Relation>
<Relation id="103" NAME="identity">
<Entity id="1" label="source" />
<Entity id="68" label="target" />
<Entity id="8" label="target" />
<Entity id="77" label="target" />
<Entity id="45" label="target" />
<Entity id="23" label="target" />
<Entity id="65" label="target" />
<Entity id="73" label="target" />
<Entity id="33" label="target" />
<Entity id="10" label="target" />
<Entity id="14" label="target" />
<Entity id="42" label="target" />
<Entity id="27" label="target" />
<Entity id="71" label="target" />
<Entity id="59" label="target" />
<Entity id="46" label="target" />
<Entity id="4" label="target" />
<Entity id="40" label="target" />
<Entity id="19" label="target" />
<Entity id="72" label="target" />
</Relation>
<Relation id="104" NAME="identity">
<Entity id="3" label="source" />
<Entity id="29" label="target" />
<Entity id="64" label="target" />
<Entity id="47" label="target" />
<Entity id="21" label="target" />
<Entity id="26" label="target" />
<Entity id="6" label="target" />
<Entity id="67" label="target" />
<Entity id="37" label="target" />
<Entity id="38" label="target" />
<Entity id="44" label="target" />
<Entity id="12" label="target" />
</Relation>
<Relation id="105" NAME="identity">
<Entity id="25" label="source" />
<Entity id="79" label="target" />
<Entity id="53" label="target" />
<Entity id="32" label="target" />
</Relation>
<Relation id="106" NAME="identity">
<Entity id="35" label="source" />
<Entity id="63" label="target" />
<Entity id="70" label="target" />
</Relation>
<Relation id="107" NAME="identity">
<Entity id="41" label="source" />
<Entity id="75" label="target" />
<Entity id="61" label="target" />
</Relation>
<Relation id="108" NAME="identity">
<Entity id="49" label="source" />
<Entity id="51" label="target" />
<Entity id="50" label="target" />
<Entity id="57" label="target" />
<Entity id="55" label="target" />
</Relation></Relations>
</Document>
