<?xml version="1.0" encoding="UTF-8"?>
<Document>
<TEXT><NODE id="0" />BACnet International<NODE id="20" /> Welcomes New Slate of Members to Board of Directors <NODE id="73" />PRWeb<NODE id="78" /> Tuesday, January 26th 2016 New Board Committed to Advancing Successful Use of <NODE id="157" />BACnet Protocol<NODE id="172" /> Atlanta, GA (<NODE id="186" />PRWEB<NODE id="191" />) January 26, 2016 <NODE id="210" />BACnet International<NODE id="230" /> is pleased to announce the results of its recent board of directors elections. The new board is comprised of eight industry executives, including: Roland Laird, Andy McMillan, Jonathan Fulton, Brad Hill, Dennis Swoboda, Raymond Rae, Nancy Stein and Michael Wilson. The board of <NODE id="509" />BACnet International<NODE id="529" /> will continue to focus on expanding the successful use of the <NODE id="592" />BACnet<NODE id="598" /> building automation protocol<NODE id="627" />. The following individuals will serve on the 2016 <NODE id="678" />BACnet International<NODE id="698" /> Board of Directors: Roland Laird, <NODE id="733" />Reliable Controls<NODE id="750" /> [Chair] Roland Laird is the founder and president of <NODE id="804" />Reliable Controls Corporation<NODE id="833" />. Since 1986, <NODE id="847" />Reliable Controls<NODE id="864" /> has grown to more than 120 professionals, <NODE id="907" />providing<NODE id="916" /> a comprehensive <NODE id="933" />BACnet building automation system<NODE id="966" />. In his current role as president, Laird maintains an active involvement in product development with special emphasis on quality assurance. Through 2005 to 2010, he was an active participant in <NODE id="1161" />BACnet International<NODE id="1181" />’s <NODE id="1184" />BACnet<NODE id="1190" /> Testing Labs working group and the <NODE id="1226" />ASHRAE<NODE id="1232" /> SSPC 135 <NODE id="1242" />BACnet<NODE id="1248" /> Committee. Laird graduated with honors in instrumentation technology from the British Columbia Institute of Technology in 1980. Andy McMillan, <NODE id="1392" />BACnet International<NODE id="1412" /> President &amp; Managing Director Andy McMillan is president of <NODE id="1473" />BACnet International<NODE id="1493" />, where he works with users and suppliers to expand and enhance the <NODE id="1561" />BACnet<NODE id="1567" /> community. Formerly he served as president and general manager of an building automation unit of <NODE id="1665" />Philips Lighting<NODE id="1681" />. McMillan’s background includes broad open systems industry development and marketing experience, as well as strong technical knowledge of distributed automation and information management systems. McMillan has co-founded several companies and has been a featured speaker on open systems and automation at conferences in North America, Europe, Japan and Australia. McMillan co-authored a book on open systems networking and holds a dozen patents in <NODE id="2131" />sensors<NODE id="2138" />, automation and software. He has MBA and BSEE degrees from the University of Michigan and is a member of <NODE id="2244" />ASHRAE<NODE id="2250" />, <NODE id="2252" />AEE<NODE id="2255" />, <NODE id="2257" />IEEE<NODE id="2261" />. Jonathan Fulton, <NODE id="2280" />Building Control Integrators<NODE id="2308" /> (<NODE id="2310" />BCI<NODE id="2313" />) Jonathan Fulton is the founder of an Ohio-based integration firm called <NODE id="2387" />Building Control Integrators<NODE id="2415" /> (<NODE id="2417" />BCI<NODE id="2420" />), which <NODE id="2429" />specializes<NODE id="2440" /> in high-level <NODE id="2455" />BACnet integrations<NODE id="2474" />. He has been actively involved in designing, implementing and servicing <NODE id="2547" />BACnet<NODE id="2553" /> based systems since 1995. As a state of Ohio licensed HVAC and electrical contractor, he regularly deals with multiple facets of the automation industry. Fulton attended DeVry University, Moody Bible Institute and Western Theological Seminary in pursuit of technological and theological studies. He is passionate about open protocols, the spiritual development of others, and personal higher learning. Fulton is happily married with three children and concurrently serves as a pastor of a central Ohio church. Brad Hill, <NODE id="3075" />Honeywell International<NODE id="3098" /> Brad Hill is working as a project management office leader for <NODE id="3162" />Honeywell Environmental and Energy Solutions<NODE id="3206" /> where he is involved in leading the new product development of commercial building offerings. Hill joined <NODE id="3313" />Honeywell<NODE id="3322" /> in 1990 where he was involved in the design and programming of complex integrated control solutions for large projects. He began involvement with <NODE id="3469" />BACnet<NODE id="3475" /> in 1996 through the need to integrate <NODE id="3514" />BACnet<NODE id="3520" /> devices into building management systems. In 1999, Hill began product development work which included the development of a <NODE id="3644" />BACnet<NODE id="3650" /> operator workstation, where he acquired a deep knowledge of the <NODE id="3715" />BACnet<NODE id="3721" /> standard, after which time he continued on to manage and then lead <NODE id="3789" />building management product<NODE id="3816" /> developments. Hill holds an MBA, MES (Energy Studies), BCompSc (Hons), and a DipElecEng, and is a certified Six Sigma Black Belt and PMP®. Dennis Swoboda, <NODE id="3972" />Blue Ridge Technologies<NODE id="3995" /> Dennis Swoboda is the vice president of sales and marketing for <NODE id="4060" />Blue Ridge Technologies<NODE id="4083" />, a <NODE id="4087" />manufacturer<NODE id="4099" /> of Native <NODE id="4110" />BACnet<NODE id="4116" /> <NODE id="4117" />lighting control solutions<NODE id="4143" /> designed for open communication with most <NODE id="4186" />building automation systems<NODE id="4213" />. In his role, Swoboda oversees global sales and marketing initiatives for the sale and installation of <NODE id="4317" />Blue Ridge Technologies<NODE id="4340" /> <NODE id="4341" />lighting control systems<NODE id="4365" />. In addition, he works with engineers, end users, owners and controls contractors to help lower life cycle costs, increase energy savings, and reduce carbon emissions by taking control of the largest energy loads in a building. Swoboda has over 20 years of <NODE id="4623" />lighting control<NODE id="4639" /> experience, and gives frequent talks and presentations on <NODE id="4698" />energy codes<NODE id="4710" />, <NODE id="4712" />lighting<NODE id="4720" />, and <NODE id="4726" />BACnet<NODE id="4732" />. He has been a member of <NODE id="4758" />BACnet International<NODE id="4778" /> for almost a decade, and has previously served as the <NODE id="4833" />BACnet International<NODE id="4853" /> marketing committee chair.
</TEXT>
<Meta>
<feature featureName="id" featureValue="vico/10108176-81b3-3296-81f0-c081bfa92b66" />
<feature featureName="source" featureValue="sensor_corpus" />
<feature featureName="lang" featureValue="en" />
<feature featureName="pubDate" featureValue="2016-01-26T22:01:11Z" />
<feature featureName="indexDate" featureValue="2016-07-13T10:41:22.758Z" />
<feature featureName="uri" featureValue="http://www.virtual-strategy.com/2016/01/26/bacnet-international-welcomes-new-slate-members-board-directors" />
<feature featureName="solrEventType" featureValue="None" /></Meta><Entities>
<Entity id="0" startPos="0" endPos="20" type="organization" surface="BACnet International" />
<Entity id="1" startPos="73" endPos="78" type="organization" surface="PRWeb" />
<Entity id="2" startPos="157" endPos="172" type="product" surface="BACnet Protocol" />
<Entity id="3" startPos="186" endPos="191" type="organization" surface="PRWEB" />
<Entity id="4" startPos="210" endPos="230" type="organization" surface="BACnet International" />
<Entity id="5" startPos="509" endPos="529" type="organization" surface="BACnet International" />
<Entity id="6" startPos="592" endPos="598" type="organization" surface="BACnet" />
<Entity id="7" startPos="592" endPos="627" type="product" surface="BACnet building automation protocol" />
<Entity id="8" startPos="678" endPos="698" type="organization" surface="BACnet International" />
<Entity id="9" startPos="733" endPos="750" type="organization" surface="Reliable Controls" />
<Entity id="10" startPos="804" endPos="833" type="organization" surface="Reliable Controls Corporation" />
<Entity id="11" startPos="847" endPos="864" type="organization" surface="Reliable Controls" />
<Entity id="12" startPos="907" endPos="916" type="trigger" surface="providing" />
<Entity id="13" startPos="933" endPos="966" type="product" surface="BACnet building automation system" />
<Entity id="14" startPos="1161" endPos="1181" type="organization" surface="BACnet International" />
<Entity id="15" startPos="1184" endPos="1190" type="organization" surface="BACnet" />
<Entity id="16" startPos="1226" endPos="1232" type="organization" surface="ASHRAE" />
<Entity id="17" startPos="1242" endPos="1248" type="organization" surface="BACnet" />
<Entity id="18" startPos="1392" endPos="1412" type="organization" surface="BACnet International" />
<Entity id="19" startPos="1473" endPos="1493" type="organization" surface="BACnet International" />
<Entity id="20" startPos="1561" endPos="1567" type="organization" surface="BACnet" />
<Entity id="21" startPos="1665" endPos="1681" type="organization" surface="Philips Lighting" />
<Entity id="22" startPos="2131" endPos="2138" type="product" surface="sensors" />
<Entity id="23" startPos="2244" endPos="2250" type="organization" surface="ASHRAE" />
<Entity id="24" startPos="2252" endPos="2255" type="organization" surface="AEE" />
<Entity id="25" startPos="2257" endPos="2261" type="organization" surface="IEEE" />
<Entity id="26" startPos="2280" endPos="2308" type="organization" surface="Building Control Integrators" />
<Entity id="27" startPos="2310" endPos="2313" type="organization" surface="BCI" />
<Entity id="28" startPos="2387" endPos="2415" type="organization" surface="Building Control Integrators" />
<Entity id="29" startPos="2417" endPos="2420" type="organization" surface="BCI" />
<Entity id="30" startPos="2429" endPos="2440" type="trigger" surface="specializes" />
<Entity id="31" startPos="2455" endPos="2474" type="product" surface="BACnet integrations" />
<Entity id="32" startPos="2547" endPos="2553" type="organization" surface="BACnet" />
<Entity id="33" startPos="3075" endPos="3098" type="organization" surface="Honeywell International" />
<Entity id="34" startPos="3162" endPos="3206" type="organization" surface="Honeywell Environmental and Energy Solutions" />
<Entity id="35" startPos="3313" endPos="3322" type="organization" surface="Honeywell" />
<Entity id="36" startPos="3469" endPos="3475" type="product" surface="BACnet" />
<Entity id="37" startPos="3514" endPos="3520" type="organization" surface="BACnet" />
<Entity id="38" startPos="3644" endPos="3650" type="organization" surface="BACnet" />
<Entity id="39" startPos="3715" endPos="3721" type="organization" surface="BACnet" />
<Entity id="40" startPos="3789" endPos="3816" type="product" surface="building management product" />
<Entity id="41" startPos="3972" endPos="3995" type="organization" surface="Blue Ridge Technologies" />
<Entity id="42" startPos="4060" endPos="4083" type="organization" surface="Blue Ridge Technologies" />
<Entity id="43" startPos="4087" endPos="4099" type="trigger" surface="manufacturer" />
<Entity id="44" startPos="4110" endPos="4116" type="organization" surface="BACnet" />
<Entity id="45" startPos="4110" endPos="4143" type="product" surface="BACnet lighting control solutions" />
<Entity id="46" startPos="4117" endPos="4143" type="product" surface="lighting control solutions" />
<Entity id="47" startPos="4186" endPos="4213" type="product" surface="building automation systems" />
<Entity id="48" startPos="4317" endPos="4340" type="organization" surface="Blue Ridge Technologies" />
<Entity id="49" startPos="4317" endPos="4365" type="product" surface="Blue Ridge Technologies lighting control systems" />
<Entity id="50" startPos="4341" endPos="4365" type="product" surface="lighting control systems" />
<Entity id="51" startPos="4623" endPos="4639" type="product" surface="lighting control" />
<Entity id="52" startPos="4698" endPos="4710" type="product" surface="energy codes" />
<Entity id="53" startPos="4712" endPos="4720" type="product" surface="lighting" />
<Entity id="54" startPos="4726" endPos="4732" type="product" surface="BACnet" />
<Entity id="55" startPos="4758" endPos="4778" type="organization" surface="BACnet International" />
<Entity id="56" startPos="4833" endPos="4853" type="organization" surface="BACnet International" /></Entities><Relations>
<Relation id="57" NAME="CompanyProvidesProduct">
<Entity id="7" label="product" />
<Entity id="6" label="company" />
</Relation>
<Relation id="58" NAME="CompanyProvidesProduct">
<Entity id="13" label="product" />
<Entity id="11" label="company" />
<Entity id="12" label="trigger" />
</Relation>
<Relation id="59" NAME="CompanyProvidesProduct">
<Entity id="28" label="product" />
<Entity id="31" label="company" />
<Entity id="30" label="trigger" />
</Relation>
<Relation id="60" NAME="CompanyProvidesProduct">
<Entity id="46" label="product" />
<Entity id="42" label="company" />
<Entity id="43" label="trigger" />
</Relation>
<Relation id="61" NAME="CompanyProvidesProduct">
<Entity id="45" label="product" />
<Entity id="44" label="company" />
</Relation>
<Relation id="62" NAME="CompanyProvidesProduct">
<Entity id="49" label="product" />
<Entity id="48" label="company" />
</Relation>
<Relation id="63" NAME="identity">
<Entity id="0" label="source" />
<Entity id="38" label="target" />
<Entity id="17" label="target" />
<Entity id="39" label="target" />
<Entity id="6" label="target" />
<Entity id="55" label="target" />
<Entity id="18" label="target" />
<Entity id="32" label="target" />
<Entity id="44" label="target" />
<Entity id="5" label="target" />
<Entity id="14" label="target" />
<Entity id="15" label="target" />
<Entity id="56" label="target" />
<Entity id="4" label="target" />
<Entity id="19" label="target" />
<Entity id="20" label="target" />
<Entity id="8" label="target" />
<Entity id="37" label="target" />
</Relation>
<Relation id="64" NAME="identity">
<Entity id="1" label="source" />
<Entity id="3" label="target" />
</Relation>
<Relation id="65" NAME="identity">
<Entity id="2" label="source" />
<Entity id="40" label="target" />
<Entity id="47" label="target" />
<Entity id="36" label="target" />
<Entity id="13" label="target" />
<Entity id="7" label="target" />
</Relation>
<Relation id="66" NAME="identity">
<Entity id="9" label="source" />
<Entity id="11" label="target" />
<Entity id="10" label="target" />
</Relation>
<Relation id="67" NAME="identity">
<Entity id="16" label="source" />
<Entity id="23" label="target" />
</Relation>
<Relation id="68" NAME="identity">
<Entity id="26" label="source" />
<Entity id="29" label="target" />
<Entity id="28" label="target" />
<Entity id="27" label="target" />
</Relation>
<Relation id="69" NAME="identity">
<Entity id="33" label="source" />
<Entity id="34" label="target" />
<Entity id="35" label="target" />
</Relation>
<Relation id="70" NAME="identity">
<Entity id="41" label="source" />
<Entity id="42" label="target" />
<Entity id="48" label="target" />
</Relation>
<Relation id="71" NAME="identity">
<Entity id="46" label="source" />
<Entity id="50" label="target" />
<Entity id="53" label="target" />
<Entity id="51" label="target" />
</Relation></Relations>
</Document>
