<?xml version="1.0" encoding="UTF-8"?>
<Document>
<TEXT>Actualizado el 10 de febrero, 2016 - 07.00hs. <NODE id="46" />Iris Recognition<NODE id="62" /> Market Growing at 21.45% CAGR Driven by <NODE id="103" />Iris Scanners<NODE id="116" /> in <NODE id="120" />Smartphones<NODE id="131" /> to 2020 <NODE id="140" />PR Newswire<NODE id="151" /> PUNE, India, February 10, 2016 PUNE, India , February 10, 2016 /<NODE id="216" />PRNewswire<NODE id="226" />/ -- According to 2016 <NODE id="249" />iris recognition<NODE id="265" /> market <NODE id="273" />report<NODE id="279" />, combined with facial and fingerprint identification <NODE id="333" />iris recognition<NODE id="349" /> is more widely accepted for border control. Some multimodal biometrics are available with both fingerprint and <NODE id="461" />iris recognition<NODE id="477" /> technology in a single device, which allows the user to avoid purchasing two individual biometrics devices. Complete <NODE id="595" />report<NODE id="601" /> on <NODE id="605" />iris recognition<NODE id="621" /> market spread across 47 pages, analyzing 5 major companies and providing 11 data exhibits is now available at http://www.rnrmarketresearch.com/global-iris-recognition-market-2016-2020-market-report.html . The analysts forecast global <NODE id="856" />iris recognition<NODE id="872" /> market to grow at a CAGR of 21.45% during the period 2016-2020. One of the primary drivers of the market is the integration of <NODE id="1000" />iris scanners<NODE id="1013" /> in <NODE id="1017" />smartphones<NODE id="1028" />. A number of <NODE id="1042" />smartphone<NODE id="1052" /> <NODE id="1053" />vendors<NODE id="1060" /> such as <NODE id="1069" />Samsung<NODE id="1076" /> and <NODE id="1081" />LG<NODE id="1083" /> are planning to integrate <NODE id="1110" />iris scanners<NODE id="1123" /> in <NODE id="1127" />their<NODE id="1132" /> <NODE id="1133" />smartphones<NODE id="1144" /> to enhance the security features of the devices. The high cost of <NODE id="1211" />iris recognition<NODE id="1227" /> systems is a challenge to the market growth. Fingerprint recognition systems and facial recognition systems are cost-effective when compared to <NODE id="1372" />iris recognition<NODE id="1388" /> systems. This is affecting the demand for <NODE id="1431" />iris recognition<NODE id="1447" /> system.   The government sector dominated the market during 2015 with a market share of over 50%, which was followed by the transportation sector and healthcare sectors. There is high growth expected in the healthcare sector and the government sector as these sectors require advanced security for critical data protection. Order a copy of Global <NODE id="1795" />Iris Recognition<NODE id="1811" /> Market 2016-2020 <NODE id="1829" />report<NODE id="1835" /> @ http://www.rnrmarketresearch.com/contacts/purchase?rname=469306 . In 2015, North America accounted for the largest market share of over 35%. The market is expected to witness a significant growth in APAC and Latin America during the forecast period, with the increasing number of vendors in this region, which is increasing the awareness about the advantages of iris recognition systems. The global <NODE id="2237" />iris recognition<NODE id="2253" /> market is highly fragmented because of the presence of numerous small and large vendors. The providers in the market compete on the basis of price, quality, innovation, service, reputation, distribution, and promotion. The high vendor competition has led to an increased number of mergers and acquisitions in the <NODE id="2567" />iris recognition<NODE id="2583" /> market.   The key <NODE id="2602" />vendors<NODE id="2609" /> analyzed in <NODE id="2622" />iris recognition<NODE id="2638" /> <NODE id="2639" />market<NODE id="2645" /> report are: <NODE id="2658" />3M Cogent<NODE id="2667" />, <NODE id="2669" />BioEnable<NODE id="2678" />, <NODE id="2680" />Crossmatch Technologies<NODE id="2703" />, <NODE id="2705" />Iris ID<NODE id="2712" />, and <NODE id="2718" />IRITECH<NODE id="2725" />. Other prominent vendors in the market include <NODE id="2773" />4G Identity Solutions<NODE id="2794" />, <NODE id="2796" />Aditech<NODE id="2803" />, <NODE id="2805" />BI Technologies<NODE id="2820" />, <NODE id="2822" />Biomatiques Identification Solution<NODE id="2857" />, <NODE id="2859" />Easy Clocking<NODE id="2872" />, <NODE id="2874" />EyeLock<NODE id="2881" />, <NODE id="2883" />IrisGuard<NODE id="2892" />, <NODE id="2894" />M2SYS Technology<NODE id="2910" />, <NODE id="2912" />Smart Sensors<NODE id="2925" />, and <NODE id="2931" />SRI International<NODE id="2948" />. Further, the <NODE id="2963" />iris recognition<NODE id="2979" /> market report states that the high cost of <NODE id="3023" />iris recognition<NODE id="3039" /> systems is a challenge to the market growth. Another related report on biometric market titled Global <NODE id="3142" />Law Enforcement Biometrics<NODE id="3168" /> Market 2015-2019 forecasts global <NODE id="3203" />law enforcement biometrics<NODE id="3229" /> market to grow at a CAGR of 13.35% over the period 2014-2019. The law enforcement sector gradually replaced Bertillon's anthropometric system of criminal identification, which includes physical measurements of body parts, especially components of the head and face of an individual, with biometric technologies. Fingerprint identification, facial recognition, <NODE id="3590" />iris recognition<NODE id="3606" />, and DNA analysis biometric technologies are widely accepted by the law enforcement sector. Browse complete <NODE id="3715" />report<NODE id="3721" /> @ http://www.rnrmarketresearch.com/global-law-enforcement-biometrics-market-2015-2019-market-report.html . Key <NODE id="3833" />players<NODE id="3840" /> in the global <NODE id="3855" />law enforcement biometrics<NODE id="3881" /> <NODE id="3882" />market<NODE id="3888" />: <NODE id="3890" />3M Cogent<NODE id="3899" />, <NODE id="3901" />4G Identity<NODE id="3912" />, <NODE id="3914" />Cross Match Technologies<NODE id="3938" />, <NODE id="3940" />M2SYS Technology<NODE id="3956" />, <NODE id="3958" />NEC<NODE id="3961" /> and <NODE id="3966" />Safran<NODE id="3972" />. Other prominent vendors in the market are: <NODE id="4017" />Aware<NODE id="4022" />, <NODE id="4024" />Ayonix<NODE id="4030" />, <NODE id="4032" />BI² Technologies<NODE id="4048" />, <NODE id="4050" />BioEnable<NODE id="4059" />, <NODE id="4061" />BioLink Solutions<NODE id="4078" />, <NODE id="4080" />Cognitec Systems<NODE id="4096" />, <NODE id="4098" />FaceFirst<NODE id="4107" />, <NODE id="4109" />Fulcrum Biometrics<NODE id="4127" />, <NODE id="4129" />Iris ID<NODE id="4136" />, <NODE id="4138" />IRITECH<NODE id="4145" />, <NODE id="4147" />Nuance<NODE id="4153" />, <NODE id="4155" />SpeechPro<NODE id="4164" />, <NODE id="4166" />Suprema<NODE id="4173" /> and <NODE id="4178" />TENBIO<NODE id="4184" /> Explore other new <NODE id="4203" />reports<NODE id="4210" /> on Biometric Market at http://www.rnrmarketresearch.com/reports/information-technology-telecommunication/software-enterprise-computing/rich-internet-application-ria/biometric . About <NODE id="4394" />Us<NODE id="4396" />:    <NODE id="4401" />RnRMarketResearch.com<NODE id="4422" /> is your single <NODE id="4438" />source<NODE id="4444" /> for all <NODE id="4453" />market research<NODE id="4468" /> needs. <NODE id="4476" />Our<NODE id="4479" /> <NODE id="4480" />database<NODE id="4488" /> includes 500,000+ <NODE id="4507" />market research<NODE id="4522" /> <NODE id="4523" />reports<NODE id="4530" /> from over 100+ leading global publishers &amp; in-depth market research studies of over 5000 micro markets. With comprehensive information about the publishers and the industries for which they publish <NODE id="4729" />market research<NODE id="4744" /> <NODE id="4745" />reports<NODE id="4752" />, <NODE id="4754" />we<NODE id="4756" /> help you in your purchase decision by mapping your information needs with <NODE id="4831" />our<NODE id="4834" /> huge collection of <NODE id="4854" />reports<NODE id="4861" />. Contact: Ritesh Tiwari UNIT no 802, Tower no. 7, SEZ Magarpatta city, Hadapsar Pune - 411013 Maharashtra, India . Tel:  +1-888-391-5441 sales@rnrmarketresearch.com Connect with <NODE id="5040" />Us<NODE id="5042" />:  
</TEXT>
<Meta>
<feature featureName="id" featureValue="vico/d775b3c3-1696-3b2a-916e-f9b449553495" />
<feature featureName="source" featureValue="sensor_corpus" />
<feature featureName="lang" featureValue="en" />
<feature featureName="pubDate" featureValue="2016-02-10T20:41:46Z" />
<feature featureName="indexDate" featureValue="2016-07-13T11:57:02.126Z" />
<feature featureName="uri" featureValue="http://www.rfid-spain.com/prnews/3676/iris-recognition-market-growing-at-2145-cagr-driven-by-iris-scanners-in-smartphones-to-2020" />
<feature featureName="solrEventType" featureValue="None" /></Meta><Entities>
<Entity id="0" startPos="46" endPos="62" type="product" surface="Iris Recognition" />
<Entity id="1" startPos="103" endPos="116" type="product" surface="Iris Scanners" />
<Entity id="2" startPos="120" endPos="131" type="product" surface="Smartphones" />
<Entity id="3" startPos="140" endPos="151" type="organization" surface="PR Newswire" />
<Entity id="4" startPos="216" endPos="226" type="organization" surface="PRNewswire" />
<Entity id="5" startPos="249" endPos="265" type="product" surface="iris recognition" />
<Entity id="6" startPos="273" endPos="279" type="product" surface="report" />
<Entity id="7" startPos="333" endPos="349" type="product" surface="iris recognition" />
<Entity id="8" startPos="461" endPos="477" type="product" surface="iris recognition" />
<Entity id="9" startPos="595" endPos="601" type="product" surface="report" />
<Entity id="10" startPos="605" endPos="621" type="product" surface="iris recognition" />
<Entity id="11" startPos="856" endPos="872" type="product" surface="iris recognition" />
<Entity id="12" startPos="1000" endPos="1013" type="product" surface="iris scanners" />
<Entity id="13" startPos="1017" endPos="1028" type="product" surface="smartphones" />
<Entity id="14" startPos="1042" endPos="1052" type="product" surface="smartphone" />
<Entity id="15" startPos="1053" endPos="1060" type="trigger" surface="vendors" />
<Entity id="16" startPos="1069" endPos="1076" type="organization" surface="Samsung" />
<Entity id="17" startPos="1081" endPos="1083" type="organization" surface="LG" />
<Entity id="18" startPos="1110" endPos="1123" type="product" surface="iris scanners" />
<Entity id="19" startPos="1127" endPos="1132" type="organization" surface="their" />
<Entity id="20" startPos="1127" endPos="1132" type="trigger" surface="their" />
<Entity id="21" startPos="1133" endPos="1144" type="product" surface="smartphones" />
<Entity id="22" startPos="1211" endPos="1227" type="product" surface="iris recognition" />
<Entity id="23" startPos="1372" endPos="1388" type="product" surface="iris recognition" />
<Entity id="24" startPos="1431" endPos="1447" type="product" surface="iris recognition" />
<Entity id="25" startPos="1795" endPos="1811" type="product" surface="Iris Recognition" />
<Entity id="26" startPos="1829" endPos="1835" type="product" surface="report" />
<Entity id="27" startPos="2237" endPos="2253" type="product" surface="iris recognition" />
<Entity id="28" startPos="2567" endPos="2583" type="product" surface="iris recognition" />
<Entity id="29" startPos="2602" endPos="2609" type="trigger" surface="vendors" />
<Entity id="30" startPos="2622" endPos="2638" type="product" surface="iris recognition" />
<Entity id="31" startPos="2639" endPos="2645" type="trigger" surface="market" />
<Entity id="32" startPos="2658" endPos="2667" type="organization" surface="3M Cogent" />
<Entity id="33" startPos="2669" endPos="2678" type="organization" surface="BioEnable" />
<Entity id="34" startPos="2680" endPos="2703" type="organization" surface="Crossmatch Technologies" />
<Entity id="35" startPos="2705" endPos="2712" type="organization" surface="Iris ID" />
<Entity id="36" startPos="2718" endPos="2725" type="organization" surface="IRITECH" />
<Entity id="37" startPos="2773" endPos="2794" type="organization" surface="4G Identity Solutions" />
<Entity id="38" startPos="2796" endPos="2803" type="organization" surface="Aditech" />
<Entity id="39" startPos="2805" endPos="2820" type="organization" surface="BI Technologies" />
<Entity id="40" startPos="2822" endPos="2857" type="organization" surface="Biomatiques Identification Solution" />
<Entity id="41" startPos="2859" endPos="2872" type="organization" surface="Easy Clocking" />
<Entity id="42" startPos="2874" endPos="2881" type="organization" surface="EyeLock" />
<Entity id="43" startPos="2883" endPos="2892" type="organization" surface="IrisGuard" />
<Entity id="44" startPos="2894" endPos="2910" type="organization" surface="M2SYS Technology" />
<Entity id="45" startPos="2912" endPos="2925" type="organization" surface="Smart Sensors" />
<Entity id="46" startPos="2931" endPos="2948" type="organization" surface="SRI International" />
<Entity id="47" startPos="2963" endPos="2979" type="product" surface="iris recognition" />
<Entity id="48" startPos="3023" endPos="3039" type="product" surface="iris recognition" />
<Entity id="49" startPos="3142" endPos="3168" type="product" surface="Law Enforcement Biometrics" />
<Entity id="50" startPos="3203" endPos="3229" type="product" surface="law enforcement biometrics" />
<Entity id="51" startPos="3590" endPos="3606" type="product" surface="iris recognition" />
<Entity id="52" startPos="3715" endPos="3721" type="product" surface="report" />
<Entity id="53" startPos="3833" endPos="3840" type="trigger" surface="players" />
<Entity id="54" startPos="3855" endPos="3881" type="product" surface="law enforcement biometrics" />
<Entity id="55" startPos="3882" endPos="3888" type="trigger" surface="market" />
<Entity id="56" startPos="3890" endPos="3899" type="organization" surface="3M Cogent" />
<Entity id="57" startPos="3901" endPos="3912" type="organization" surface="4G Identity" />
<Entity id="58" startPos="3914" endPos="3938" type="organization" surface="Cross Match Technologies" />
<Entity id="59" startPos="3940" endPos="3956" type="organization" surface="M2SYS Technology" />
<Entity id="60" startPos="3958" endPos="3961" type="organization" surface="NEC" />
<Entity id="61" startPos="3966" endPos="3972" type="organization" surface="Safran" />
<Entity id="62" startPos="4017" endPos="4022" type="organization" surface="Aware" />
<Entity id="63" startPos="4024" endPos="4030" type="organization" surface="Ayonix" />
<Entity id="64" startPos="4032" endPos="4048" type="organization" surface="BI² Technologies" />
<Entity id="65" startPos="4050" endPos="4059" type="organization" surface="BioEnable" />
<Entity id="66" startPos="4061" endPos="4078" type="organization" surface="BioLink Solutions" />
<Entity id="67" startPos="4080" endPos="4096" type="organization" surface="Cognitec Systems" />
<Entity id="68" startPos="4098" endPos="4107" type="organization" surface="FaceFirst" />
<Entity id="69" startPos="4109" endPos="4127" type="organization" surface="Fulcrum Biometrics" />
<Entity id="70" startPos="4129" endPos="4136" type="organization" surface="Iris ID" />
<Entity id="71" startPos="4138" endPos="4145" type="organization" surface="IRITECH" />
<Entity id="72" startPos="4147" endPos="4153" type="organization" surface="Nuance" />
<Entity id="73" startPos="4155" endPos="4164" type="organization" surface="SpeechPro" />
<Entity id="74" startPos="4166" endPos="4173" type="organization" surface="Suprema" />
<Entity id="75" startPos="4178" endPos="4184" type="organization" surface="TENBIO" />
<Entity id="76" startPos="4203" endPos="4210" type="product" surface="reports" />
<Entity id="77" startPos="4394" endPos="4396" type="organization" surface="Us" />
<Entity id="78" startPos="4401" endPos="4422" type="organization" surface="RnRMarketResearch.com" />
<Entity id="79" startPos="4438" endPos="4444" type="trigger" surface="source" />
<Entity id="80" startPos="4453" endPos="4468" type="product" surface="market research" />
<Entity id="81" startPos="4476" endPos="4479" type="organization" surface="Our" />
<Entity id="82" startPos="4480" endPos="4488" type="trigger" surface="database" />
<Entity id="83" startPos="4507" endPos="4522" type="product" surface="market research" />
<Entity id="84" startPos="4507" endPos="4530" type="product" surface="market research reports" />
<Entity id="85" startPos="4523" endPos="4530" type="product" surface="reports" />
<Entity id="86" startPos="4729" endPos="4744" type="product" surface="market research" />
<Entity id="87" startPos="4729" endPos="4752" type="product" surface="market research reports" />
<Entity id="88" startPos="4745" endPos="4752" type="product" surface="reports" />
<Entity id="89" startPos="4754" endPos="4756" type="organization" surface="we" />
<Entity id="90" startPos="4831" endPos="4834" type="organization" surface="our" />
<Entity id="91" startPos="4854" endPos="4861" type="product" surface="reports" />
<Entity id="92" startPos="5040" endPos="5042" type="organization" surface="Us" /></Entities><Relations>
<Relation id="93" NAME="CompanyProvidesProduct">
<Entity id="14" label="product" />
<Entity id="16" label="company" />
<Entity id="15" label="trigger" />
</Relation>
<Relation id="94" NAME="CompanyProvidesProduct">
<Entity id="14" label="product" />
<Entity id="17" label="company" />
<Entity id="15" label="trigger" />
</Relation>
<Relation id="95" NAME="CompanyProvidesProduct">
<Entity id="21" label="product" />
<Entity id="16" label="company" />
<Entity id="20" label="trigger" />
</Relation>
<Relation id="96" NAME="CompanyProvidesProduct">
<Entity id="21" label="product" />
<Entity id="17" label="company" />
<Entity id="20" label="trigger" />
</Relation>
<Relation id="97" NAME="CompanyProvidesProduct">
<Entity id="30" label="product" />
<Entity id="34" label="company" />
<Entity id="31" label="trigger" />
<Entity id="29" label="trigger" />
</Relation>
<Relation id="98" NAME="CompanyProvidesProduct">
<Entity id="30" label="product" />
<Entity id="35" label="company" />
<Entity id="31" label="trigger" />
<Entity id="29" label="trigger" />
</Relation>
<Relation id="99" NAME="CompanyProvidesProduct">
<Entity id="30" label="product" />
<Entity id="33" label="company" />
<Entity id="31" label="trigger" />
<Entity id="29" label="trigger" />
</Relation>
<Relation id="100" NAME="CompanyProvidesProduct">
<Entity id="30" label="product" />
<Entity id="36" label="company" />
<Entity id="31" label="trigger" />
<Entity id="29" label="trigger" />
</Relation>
<Relation id="101" NAME="CompanyProvidesProduct">
<Entity id="30" label="product" />
<Entity id="32" label="company" />
<Entity id="31" label="trigger" />
<Entity id="29" label="trigger" />
</Relation>
<Relation id="102" NAME="CompanyProvidesProduct">
<Entity id="54" label="product" />
<Entity id="56" label="company" />
<Entity id="53" label="trigger" />
<Entity id="55" label="trigger" />
</Relation>
<Relation id="103" NAME="CompanyProvidesProduct">
<Entity id="54" label="product" />
<Entity id="58" label="company" />
<Entity id="53" label="trigger" />
<Entity id="55" label="trigger" />
</Relation>
<Relation id="104" NAME="CompanyProvidesProduct">
<Entity id="54" label="product" />
<Entity id="61" label="company" />
<Entity id="53" label="trigger" />
<Entity id="55" label="trigger" />
</Relation>
<Relation id="105" NAME="CompanyProvidesProduct">
<Entity id="54" label="product" />
<Entity id="59" label="company" />
<Entity id="53" label="trigger" />
<Entity id="55" label="trigger" />
</Relation>
<Relation id="106" NAME="CompanyProvidesProduct">
<Entity id="54" label="product" />
<Entity id="60" label="company" />
<Entity id="53" label="trigger" />
<Entity id="55" label="trigger" />
</Relation>
<Relation id="107" NAME="CompanyProvidesProduct">
<Entity id="54" label="product" />
<Entity id="57" label="company" />
<Entity id="53" label="trigger" />
<Entity id="55" label="trigger" />
</Relation>
<Relation id="108" NAME="CompanyProvidesProduct">
<Entity id="80" label="product" />
<Entity id="78" label="company" />
<Entity id="79" label="trigger" />
</Relation>
<Relation id="109" NAME="CompanyProvidesProduct">
<Entity id="84" label="product" />
<Entity id="81" label="company" />
<Entity id="82" label="trigger" />
</Relation>
<Relation id="110" NAME="Identity">
<Entity id="32" label="source" />
<Entity id="56" label="target" />
</Relation>
<Relation id="111" NAME="Identity">
<Entity id="33" label="source" />
<Entity id="65" label="target" />
</Relation>
<Relation id="112" NAME="Identity">
<Entity id="34" label="source" />
<Entity id="58" label="target" />
</Relation>
<Relation id="113" NAME="Identity">
<Entity id="35" label="source" />
<Entity id="70" label="target" />
</Relation>
<Relation id="114" NAME="Identity">
<Entity id="36" label="source" />
<Entity id="71" label="target" />
</Relation>
<Relation id="115" NAME="Identity">
<Entity id="37" label="source" />
<Entity id="57" label="target" />
</Relation>
<Relation id="116" NAME="Identity">
<Entity id="44" label="source" />
<Entity id="59" label="target" />
</Relation>
<Relation id="117" NAME="identity">
<Entity id="0" label="source" />
<Entity id="11" label="target" />
<Entity id="28" label="target" />
<Entity id="7" label="target" />
<Entity id="30" label="target" />
<Entity id="10" label="target" />
<Entity id="25" label="target" />
<Entity id="22" label="target" />
<Entity id="23" label="target" />
<Entity id="51" label="target" />
<Entity id="5" label="target" />
<Entity id="48" label="target" />
<Entity id="47" label="target" />
<Entity id="8" label="target" />
<Entity id="24" label="target" />
</Relation>
<Relation id="118" NAME="identity">
<Entity id="1" label="source" />
<Entity id="12" label="target" />
<Entity id="18" label="target" />
</Relation>
<Relation id="119" NAME="identity">
<Entity id="2" label="source" />
<Entity id="21" label="target" />
<Entity id="14" label="target" />
<Entity id="13" label="target" />
</Relation>
<Relation id="120" NAME="identity">
<Entity id="3" label="source" />
<Entity id="4" label="target" />
</Relation>
<Relation id="121" NAME="identity">
<Entity id="6" label="source" />
<Entity id="76" label="target" />
<Entity id="85" label="target" />
<Entity id="9" label="target" />
<Entity id="88" label="target" />
<Entity id="26" label="target" />
<Entity id="91" label="target" />
<Entity id="52" label="target" />
</Relation>
<Relation id="122" NAME="identity">
<Entity id="49" label="source" />
<Entity id="54" label="target" />
<Entity id="50" label="target" />
</Relation>
<Relation id="123" NAME="identity">
<Entity id="77" label="source" />
<Entity id="78" label="target" />
<Entity id="89" label="target" />
<Entity id="81" label="target" />
<Entity id="90" label="target" />
<Entity id="92" label="target" />
</Relation>
<Relation id="124" NAME="identity">
<Entity id="80" label="source" />
<Entity id="86" label="target" />
<Entity id="83" label="target" />
</Relation>
<Relation id="125" NAME="identity">
<Entity id="84" label="source" />
<Entity id="87" label="target" />
</Relation></Relations>
</Document>
