<?xml version="1.0" encoding="UTF-8"?>
<Document>
<TEXT>Today: January 27, 2016, 11:37 am ﻿ ﻿ ﻿ Business Global Rubber Processing Chemicals Market Size, Share, Growth Trends and Forecast to 2015: <NODE id="140" />Acute Market Reports<NODE id="160" /> <NODE id="161" />Acute Market Reports<NODE id="181" /> <NODE id="182" />Acute Market Reports<NODE id="202" /> has Added latest Report on Global Rubber Processing Chemicals Market Size, share, Growth, Competitive Strategies And Forecasts in their Market Research <NODE id="355" />Reports<NODE id="362" /> in database. <NODE id="376" />PR-Inside.com<NODE id="389" />: 2016-01-27 11:15:00 Product Synopsis 2015 Global Rubber Processing Chemicals Industry <NODE id="477" />Report<NODE id="483" /> is a professional and in-depth research <NODE id="524" />report<NODE id="530" /> on the world's major regional market conditions of the Rubber Processing Chemicals industry, focusing on the main regions (North America, Europe and Asia) and the main countries (United States, Germany, Japan and China). The <NODE id="756" />report<NODE id="762" /> firstly introduced the Rubber Processing Chemicals basics: definitions, classifications, applications and industry chain overview; industry policies and plans; product specifications; manufacturing processes; cost structures and so on. Then it analyzed the world's main region market conditions, including the product price, profit, capacity, production, capacity utilization, supply, demand and industry growth rate etc. In the end, the <NODE id="1201" />report<NODE id="1207" /> introduced new project SWOT analysis, investment feasibility analysis, and investment return analysis. Browse Full Report with Toc : www.acutemarketreports.com/report/rubber-processing-chemicals-ma .. The report includes six parts, dealing with: 1.) basic information; 2.) the Asia Rubber Processing Chemicals industry; 3.) the North American Rubber Processing Chemicals industry; 4.) the European Rubber Processing Chemicals industry; 5.) market entry and investment feasibility; and 6.) the report conclusion. Part I Rubber Processing Chemicals Industry Overview Chapter One Rubber Processing Chemicals Industry Overview 1.1 Rubber Processing Chemicals Definition 1.2 Rubber Processing Chemicals Classification Analysis 1.2.1 Rubber Processing Chemicals Main Classification Analysis 1.2.2 Rubber Processing Chemicals Main Classification Share Analysis 1.3 Rubber Processing Chemicals Application Analysis 1.3.1 Rubber Processing Chemicals Main Application Analysis 1.3.2 Rubber Processing Chemicals Main Application Share Analysis 1.4 Rubber Processing Chemicals Industry Chain Structure Analysis 1.5 Rubber Processing Chemicals Industry Development Overview 1.5.1 Rubber Processing Chemicals Product History Development Overview 1.5.1 Rubber Processing Chemicals Product Market Development Overview 1.6 Rubber Processing Chemicals Global Market Comparison Analysis 1.6.1 Rubber Processing Chemicals Global Import Market Analysis 1.6.2 Rubber Processing Chemicals Global Export Market Analysis 1.6.3 Rubber Processing Chemicals Global Main Region Market Analysis 1.6.4 Rubber Processing Chemicals Global Market Comparison Analysis 1.6.5 Rubber Processing Chemicals Global Market Development Trend Analysis Browse here for all category <NODE id="2945" />Reports<NODE id="2952" /> : www.acutemarketreports.com/category/chemicals-market Chapter Two Rubber Processing Chemicals Up and Down Stream Industry Analysis 2.1 Upstream Raw Materials Analysis 2.1.1 Upstream Raw Materials Price Analysis 2.1.2 Upstream Raw Materials Market Analysis 2.1.3 Upstream Raw Materials Market Trend 2.2 Down Stream Market Analysis 2.1.1 Down Stream Market Analysis 2.2.2 Down Stream Demand Analysis 2.2.3 Down Stream Market Trend Analysis Part II Asia Rubber Processing Chemicals Industry (The Report Company Including the Below Listed But Not All) Chapter Three Asia Rubber Processing Chemicals Market Analysis 3.1 Asia Rubber Processing Chemicals Product Development History 3.2 Asia Rubber Processing Chemicals Process Development History 3.3 Asia Rubber Processing Chemicals Industry Policy and Plan Analysis 3.4 Asia Rubber Processing Chemicals Competitive Landscape Analysis 3.5 Asia Rubber Processing Chemicals Market Development Trend Request Free Sample : www.acutemarketreports.com/request-free-sample/12564 About Us: <NODE id="3981" />Acute Market Reports<NODE id="4001" /> is the most sufficient <NODE id="4025" />collection<NODE id="4035" /> of <NODE id="4039" />market intelligence<NODE id="4058" /> services online. <NODE id="4076" />It<NODE id="4078" /> is your only source that can fulfill all your market research requirements. <NODE id="4155" />We<NODE id="4157" /> <NODE id="4158" />provide<NODE id="4165" /> online <NODE id="4173" />reports<NODE id="4180" /> from over 100 best publishers and upgrade our collection regularly to offer you direct online access to the world’s most comprehensive and recent database with expert perceptions on worldwide industries, products, establishments and trends. <NODE id="4422" />Our<NODE id="4425" /> <NODE id="4426" />database<NODE id="4434" /> consists of 200,000+ <NODE id="4456" />market research <NODE id="4472" />reports<NODE id="4479" /> with detailed &amp; minute market research. CONTACT <NODE id="4528" />US<NODE id="4530" />: Chris Paul Office No 101, 1st Floor , Aditi Mall, Baner, Pune, MH, 411045 India Toll Free (US/CANADA): +1-855-455-8662 India: +91 7755981103 Email: sales@acutemarketreports.com Website: www.acutemarketreports.com/ Press Information <NODE id="4764" />Acute Market Reports<NODE id="4784" /> Office No 101, 1st Floor , Aditi Mall, Baner, Pune, MH, 411045 India Chris Paul Manager +1-855-455-8662 email www.acutemarketreports.com/ # 559 Words Related Articles More From The Author Global <NODE id="4980" />Abera Bioscience AB<NODE id="4999" /> Product Pipeline Review [..] The ' <NODE id="5035" />Abera Bioscience AB<NODE id="5054" /> - Pipeline Review, H1 2015', provides an overview of the <NODE id="5112" />Abera Bioscience AB<NODE id="5131" />'s therapeutic pipeline. [..] OEM Automotive Electronics Industry : Global Application [..] The report firstly introduced OEM Automotive Electronics basic information included OEM Automotive Electronics definition classification [..] Global Labeling Machine Industry 2014 Product Synopsis The report firstly introduced Labeling Machine basic information included Labeling Machine definition classification application [..] Global <NODE id="5561" />Axxam SpA<NODE id="5570" /> Product Pipeline Review H1 [..] The ' <NODE id="5609" />Axxam SpA<NODE id="5618" /> - Pipeline Review, H1 2015', provides an overview of the <NODE id="5676" />Axxam SpA<NODE id="5685" />'s therapeutic pipeline. This <NODE id="5715" />report<NODE id="5721" /> [..] Bearing Steel Wire Industry : Global Application [..] The report firstly introduced Bearing Steel Wire basic information included Bearing Steel Wire definition classification application [..] More From Business Leading Smart Summit Speakers Announced Leading Smart Summit Speakers Announced Organisers have released details of the speaker line-up and conference programme for [..] Black Films Matter supports Movie Binges on [..] HOLLYWOOD, CA - RPR - 01/26/16 - The Advocacy group Black Films Matter : blackfilmsmatter.net is supporting private parties all [..] Join us for the Prestigious Congress on [..] For two weeks important scientists and industrial representatives from all over the world will present the newest results of [..] <NODE id="6465" />SmartTOP<NODE id="6473" /> Add-On Convertible Top Controller for <NODE id="6512" />BMW<NODE id="6515" /> [..] Las Vegas, Nevada - January 26th, 2016 Effective immediately, Aftermarket Electronics Specialist <NODE id="6618" />Mods4cars<NODE id="6627" /> <NODE id="6628" />ships<NODE id="6633" /> the <NODE id="6638" />SmartTOP<NODE id="6646" /> modules [..] <NODE id="6660" />Wire Rope Sensor SX300<NODE id="6682" /> - Application Video [..] The extremely robust <NODE id="6729" />wire rope sensor SX 300<NODE id="6752" /> <NODE id="6753" />by<NODE id="6755" /> <NODE id="6756" />WayCon<NODE id="6762" /> was developed specifically for measuring travel in hydraulic and telescopic [..] Disclaimer: If you have any questions regarding information in this press release please contact the company added in the press release. Please do not contact <NODE id="7003" />pr-inside<NODE id="7012" />. <NODE id="7014" />We<NODE id="7016" /> will not be able to assist you. <NODE id="7049" />PR-inside<NODE id="7058" /> disclaims the content included in this release. ﻿
</TEXT>
<Meta>
<feature featureName="id" featureValue="vico/71176ab8-6eda-3cd4-b824-e9d8210b00cb" />
<feature featureName="source" featureValue="sensor_corpus" />
<feature featureName="lang" featureValue="en" />
<feature featureName="pubDate" featureValue="2016-01-27T21:02:17Z" />
<feature featureName="indexDate" featureValue="2016-07-13T11:17:58.755Z" />
<feature featureName="uri" featureValue="http://reports.pr-inside.com/global-rubber-processing-chemicals-market-size-sha-r4366484.htm" />
<feature featureName="solrEventType" featureValue="None" /></Meta><Entities>
<Entity id="0" startPos="140" endPos="160" type="organization" surface="Acute Market Reports" />
<Entity id="1" startPos="161" endPos="181" type="organization" surface="Acute Market Reports" />
<Entity id="2" startPos="182" endPos="202" type="organization" surface="Acute Market Reports" />
<Entity id="3" startPos="355" endPos="362" type="product" surface="Reports" />
<Entity id="4" startPos="376" endPos="389" type="organization" surface="PR-Inside.com" />
<Entity id="5" startPos="477" endPos="483" type="product" surface="Report" />
<Entity id="6" startPos="524" endPos="530" type="product" surface="report" />
<Entity id="7" startPos="756" endPos="762" type="product" surface="report" />
<Entity id="8" startPos="1201" endPos="1207" type="product" surface="report" />
<Entity id="9" startPos="2945" endPos="2952" type="product" surface="Reports" />
<Entity id="10" startPos="3981" endPos="4001" type="organization" surface="Acute Market Reports" />
<Entity id="11" startPos="4025" endPos="4035" type="trigger" surface="collection" />
<Entity id="12" startPos="4039" endPos="4058" type="product" surface="market intelligence" />
<Entity id="13" startPos="4076" endPos="4078" type="organization" surface="It" />
<Entity id="14" startPos="4155" endPos="4157" type="organization" surface="We" />
<Entity id="15" startPos="4158" endPos="4165" type="trigger" surface="provide" />
<Entity id="16" startPos="4173" endPos="4180" type="product" surface="reports" />
<Entity id="17" startPos="4422" endPos="4425" type="organization" surface="Our" />
<Entity id="18" startPos="4426" endPos="4434" type="trigger" surface="database" />
<Entity id="19" startPos="4456" endPos="4479" type="product" surface="market research reports" />
<Entity id="20" startPos="4472" endPos="4479" type="product" surface="reports" />
<Entity id="21" startPos="4528" endPos="4530" type="organization" surface="US" />
<Entity id="22" startPos="4764" endPos="4784" type="organization" surface="Acute Market Reports" />
<Entity id="23" startPos="4980" endPos="4999" type="organization" surface="Abera Bioscience AB" />
<Entity id="24" startPos="5035" endPos="5054" type="organization" surface="Abera Bioscience AB" />
<Entity id="25" startPos="5112" endPos="5131" type="organization" surface="Abera Bioscience AB" />
<Entity id="26" startPos="5561" endPos="5570" type="organization" surface="Axxam SpA" />
<Entity id="27" startPos="5609" endPos="5618" type="organization" surface="Axxam SpA" />
<Entity id="28" startPos="5676" endPos="5685" type="organization" surface="Axxam SpA" />
<Entity id="29" startPos="5715" endPos="5721" type="product" surface="report" />
<Entity id="30" startPos="6465" endPos="6473" type="product" surface="SmartTOP" />
<Entity id="31" startPos="6512" endPos="6515" type="organization" surface="BMW" />
<Entity id="32" startPos="6618" endPos="6627" type="organization" surface="Mods4cars" />
<Entity id="33" startPos="6628" endPos="6633" type="trigger" surface="ships" />
<Entity id="34" startPos="6638" endPos="6646" type="product" surface="SmartTOP" />
<Entity id="35" startPos="6660" endPos="6682" type="product" surface="Wire Rope Sensor SX300" />
<Entity id="36" startPos="6729" endPos="6752" type="product" surface="wire rope sensor SX 300" />
<Entity id="37" startPos="6753" endPos="6755" type="trigger" surface="by" />
<Entity id="38" startPos="6756" endPos="6762" type="organization" surface="WayCon" />
<Entity id="39" startPos="7003" endPos="7012" type="organization" surface="pr-inside" />
<Entity id="40" startPos="7014" endPos="7016" type="organization" surface="We" />
<Entity id="41" startPos="7049" endPos="7058" type="organization" surface="PR-inside" /></Entities><Relations>
<Relation id="42" NAME="CompanyProvidesProduct">
<Entity id="12" label="product" />
<Entity id="10" label="company" />
<Entity id="11" label="trigger" />
</Relation>
<Relation id="43" NAME="CompanyProvidesProduct">
<Entity id="16" label="product" />
<Entity id="14" label="company" />
<Entity id="15" label="trigger" />
</Relation>
<Relation id="44" NAME="CompanyProvidesProduct">
<Entity id="34" label="product" />
<Entity id="32" label="company" />
<Entity id="33" label="trigger" />
</Relation>
<Relation id="45" NAME="identity">
<Entity id="0" label="source" />
<Entity id="1" label="target" />
<Entity id="10" label="target" />
<Entity id="14" label="target" />
<Entity id="21" label="target" />
<Entity id="13" label="target" />
<Entity id="22" label="target" />
<Entity id="2" label="target" />
<Entity id="17" label="target" />
</Relation>
<Relation id="46" NAME="identity">
<Entity id="3" label="source" />
<Entity id="8" label="target" />
<Entity id="6" label="target" />
<Entity id="29" label="target" />
<Entity id="5" label="target" />
<Entity id="9" label="target" />
<Entity id="7" label="target" />
<Entity id="16" label="target" />
<Entity id="20" label="target" />
</Relation>
<Relation id="47" NAME="identity">
<Entity id="4" label="source" />
<Entity id="40" label="target" />
<Entity id="41" label="target" />
<Entity id="39" label="target" />
</Relation>
<Relation id="48" NAME="identity">
<Entity id="23" label="source" />
<Entity id="24" label="target" />
<Entity id="25" label="target" />
</Relation>
<Relation id="49" NAME="identity">
<Entity id="26" label="source" />
<Entity id="27" label="target" />
<Entity id="28" label="target" />
</Relation>
<Relation id="50" NAME="identity">
<Entity id="30" label="source" />
<Entity id="34" label="target" />
</Relation>
<Relation id="51" NAME="identity">
<Entity id="35" label="source" />
<Entity id="36" label="target" />
</Relation></Relations>
</Document>
