<?xml version="1.0" encoding="UTF-8"?>
<Document>
<TEXT>Back To Mobile Site What we know about <NODE id="39" />Apple<NODE id="44" />'s<NODE id="46" /> <NODE id="47" />VR<NODE id="49" /> plans Company hiring high-profile engineers Author: By Hope King Published On: Jan 25 2016 08:43:09 AM CST Updated On: Jan 25 2016 09:17:21 AM CST <NODE id="197" />CNNMoney<NODE id="205" /> NEW YORK (<NODE id="216" />CNNMoney<NODE id="224" />) - <NODE id="228" />Apple<NODE id="233" /> may not have a <NODE id="249" />virtual reality<NODE id="264" /> or augmented reality product on the market right now, but the <NODE id="327" />company<NODE id="334" /> is definitely working on something related to those technologies. <NODE id="401" />Apple<NODE id="406" /> has spent a lot of time and energy on hiring, buying and designing potential devices over the past few years. The <NODE id="521" />company<NODE id="528" /> just hired Doug Bowman, a pioneer in the field of 3D user interfaces, according to a report in the <NODE id="628" />Financial Times<NODE id="643" /> on Friday. He was a computer science professor at <NODE id="694" />Virginia Tech<NODE id="707" /> and head of the school's Center for Human-Computer Interaction, according to his website. <NODE id="798" />Apple<NODE id="803" /> and Bowman did not respond to a request for comment. He is one of several high profile engineers that <NODE id="906" />Apple<NODE id="911" /> has hired since 2014. Nick Thompson spent nearly three years at <NODE id="976" />Microsoft<NODE id="985" /> as a principal <NODE id="1001" />HoloLens<NODE id="1009" /> <NODE id="1010" />engineer<NODE id="1018" /> <NODE id="1019" />focused<NODE id="1026" /> on <NODE id="1030" />audio hardware<NODE id="1044" />, according to his <NODE id="1063" />LinkedIn<NODE id="1071" /> profile. Bennett Wilburn, another <NODE id="1106" />Microsoft<NODE id="1115" /> alum, worked on machine learning technology for human activity recognition. There was also a stint at <NODE id="1218" />Lytro<NODE id="1223" />, where he <NODE id="1234" />developed<NODE id="1243" /> <NODE id="1244" />image processing software<NODE id="1269" />. Graham Myhre also worked at <NODE id="1299" />Lytro<NODE id="1304" />, <NODE id="1306" />designing<NODE id="1315" /> specialized <NODE id="1328" />camera lenses<NODE id="1341" /> and <NODE id="1346" />sensors<NODE id="1353" />. His <NODE id="1359" />LinkedIn<NODE id="1367" /> says he's now investigating new display and optical technologies for future generations of <NODE id="1459" />Apple<NODE id="1464" /> products. Who <NODE id="1479" />Apple<NODE id="1484" /> has acquired In addition to growing its team of engineers, <NODE id="1544" />Apple<NODE id="1549" /> has also acquired several smaller companies focused on reality-altering tech. Last year, the company bought <NODE id="1658" />Metaio<NODE id="1664" /> and <NODE id="1669" />Faceshift<NODE id="1678" />. <NODE id="1680" />Metaio<NODE id="1686" /> <NODE id="1687" />develops<NODE id="1695" /> <NODE id="1696" />AR platforms<NODE id="1708" /> for <NODE id="1713" />phones<NODE id="1719" /> and <NODE id="1724" />tablets<NODE id="1731" />. <NODE id="1733" />Faceshift<NODE id="1742" /> makes tech that translates facial expressions into digital animations. And two years ago, <NODE id="1833" />Apple<NODE id="1838" /> snapped up <NODE id="1850" />PrimeSense<NODE id="1860" />, a <NODE id="1864" />3D sensor<NODE id="1873" /> <NODE id="1874" />startup<NODE id="1881" />. What patents <NODE id="1896" />Apple<NODE id="1901" /> has filed At the moment, <NODE id="1927" />Apple<NODE id="1932" /> and <NODE id="1937" />Amazon<NODE id="1943" /> are the only major tech companies that don't have at least one known prototype of a <NODE id="2028" />virtual reality device<NODE id="2050" />. But last year, <NODE id="2067" />Apple<NODE id="2072" /> did receive two patents for video displays that are designed to be worn on your head. One design looks like a pair of <NODE id="2191" />glasses<NODE id="2198" /> that can support a <NODE id="2218" />smartphone<NODE id="2228" />. The other appears to be a standalone <NODE id="2267" />headset<NODE id="2274" />. Why all of this is important <NODE id="2305" />Virtual reality<NODE id="2320" />, augmented reality, and mixed reality could be the Next Big Thing in computing. Investors, analysts, and entrepreneurs have spent the past two years sizing up market potential and imagining all the ways that entertainment, education and communication could change. <NODE id="2586" />VR<NODE id="2588" /> is meant to make people believe they're somewhere else; AR gathers information about where you are and gives you more data about it; and MR creates interactive digital spaces in the physical world. Mass adoption of the new tech will likely take about 10 years. <NODE id="2850" />Apple<NODE id="2855" /> could be <NODE id="2865" />selling<NODE id="2872" /> <NODE id="2873" />VR products<NODE id="2884" /> by then. One investment research firm, <NODE id="2924" />Piper Jaffray<NODE id="2937" />, expects <NODE id="2947" />Apple<NODE id="2952" /> to <NODE id="2956" />release<NODE id="2963" /> a <NODE id="2966" />VR<NODE id="2968" /> headset<NODE id="2976" /> with one of <NODE id="2989" />its<NODE id="2992" /> new <NODE id="2997" />iPhones<NODE id="3004" /> as early as 2017. Copyright 2016 by <NODE id="3041" />CNN NewSource<NODE id="3054" /> . All rights reserved. This material may not be published, broadcast, rewritten or redistributed. UP NEXT // <NODE id="3164" />Johnson controls<NODE id="3180" /> and <NODE id="3185" />Tyco<NODE id="3189" /> to merge The views expressed are not those of this company or its affiliated companies. By posting your comments you agree to our Terms of Use. Confirm Unsubscribe Are you sure you would like to unsubscribe from all current subscriptions? Confirm Delete Are you sure you want to delete your profile and all of its subscriptions? You are logged out Your profile has been deleted.
</TEXT>
<Meta>
<feature featureName="id" featureValue="vico/2522a4e4-756d-3384-99d7-7a77b3639e90" />
<feature featureName="source" featureValue="sensor_corpus" />
<feature featureName="lang" featureValue="en" />
<feature featureName="pubDate" featureValue="2016-01-25T19:16:01Z" />
<feature featureName="indexDate" featureValue="2016-07-13T10:49:18.319Z" />
<feature featureName="uri" featureValue="http://www.channel3000.com/money/what-we-know-about-apples-vr-plans/37623312" />
<feature featureName="solrEventType" featureValue="None" /></Meta><Entities>
<Entity id="0" startPos="39" endPos="44" type="organization" surface="Apple" />
<Entity id="1" startPos="44" endPos="46" type="trigger" surface="'s" />
<Entity id="2" startPos="47" endPos="49" type="product" surface="VR" />
<Entity id="3" startPos="197" endPos="205" type="organization" surface="CNNMoney" />
<Entity id="4" startPos="216" endPos="224" type="organization" surface="CNNMoney" />
<Entity id="5" startPos="228" endPos="233" type="organization" surface="Apple" />
<Entity id="6" startPos="249" endPos="264" type="product" surface="virtual reality" />
<Entity id="7" startPos="327" endPos="334" type="organization" surface="company" />
<Entity id="8" startPos="401" endPos="406" type="organization" surface="Apple" />
<Entity id="9" startPos="521" endPos="528" type="organization" surface="company" />
<Entity id="10" startPos="628" endPos="643" type="organization" surface="Financial Times" />
<Entity id="11" startPos="694" endPos="707" type="organization" surface="Virginia Tech" />
<Entity id="12" startPos="798" endPos="803" type="organization" surface="Apple" />
<Entity id="13" startPos="906" endPos="911" type="organization" surface="Apple" />
<Entity id="14" startPos="976" endPos="985" type="organization" surface="Microsoft" />
<Entity id="15" startPos="1001" endPos="1009" type="product" surface="HoloLens" />
<Entity id="16" startPos="1010" endPos="1018" type="trigger" surface="engineer" />
<Entity id="17" startPos="1019" endPos="1026" type="trigger" surface="focused" />
<Entity id="18" startPos="1030" endPos="1044" type="product" surface="audio hardware" />
<Entity id="19" startPos="1063" endPos="1071" type="organization" surface="LinkedIn" />
<Entity id="20" startPos="1106" endPos="1115" type="organization" surface="Microsoft" />
<Entity id="21" startPos="1218" endPos="1223" type="organization" surface="Lytro" />
<Entity id="22" startPos="1234" endPos="1243" type="trigger" surface="developed" />
<Entity id="23" startPos="1244" endPos="1269" type="product" surface="image processing software" />
<Entity id="24" startPos="1299" endPos="1304" type="organization" surface="Lytro" />
<Entity id="25" startPos="1306" endPos="1315" type="trigger" surface="designing" />
<Entity id="26" startPos="1328" endPos="1341" type="product" surface="camera lenses" />
<Entity id="27" startPos="1346" endPos="1353" type="product" surface="sensors" />
<Entity id="28" startPos="1359" endPos="1367" type="organization" surface="LinkedIn" />
<Entity id="29" startPos="1459" endPos="1464" type="organization" surface="Apple" />
<Entity id="30" startPos="1479" endPos="1484" type="organization" surface="Apple" />
<Entity id="31" startPos="1544" endPos="1549" type="organization" surface="Apple" />
<Entity id="32" startPos="1658" endPos="1664" type="organization" surface="Metaio" />
<Entity id="33" startPos="1669" endPos="1678" type="organization" surface="Faceshift" />
<Entity id="34" startPos="1680" endPos="1686" type="organization" surface="Metaio" />
<Entity id="35" startPos="1687" endPos="1695" type="trigger" surface="develops" />
<Entity id="36" startPos="1696" endPos="1708" type="product" surface="AR platforms" />
<Entity id="37" startPos="1713" endPos="1719" type="product" surface="phones" />
<Entity id="38" startPos="1724" endPos="1731" type="product" surface="tablets" />
<Entity id="39" startPos="1733" endPos="1742" type="organization" surface="Faceshift" />
<Entity id="40" startPos="1833" endPos="1838" type="organization" surface="Apple" />
<Entity id="41" startPos="1850" endPos="1860" type="organization" surface="PrimeSense" />
<Entity id="42" startPos="1864" endPos="1873" type="product" surface="3D sensor" />
<Entity id="43" startPos="1874" endPos="1881" type="trigger" surface="startup" />
<Entity id="44" startPos="1896" endPos="1901" type="organization" surface="Apple" />
<Entity id="45" startPos="1927" endPos="1932" type="organization" surface="Apple" />
<Entity id="46" startPos="1937" endPos="1943" type="organization" surface="Amazon" />
<Entity id="47" startPos="2028" endPos="2050" type="product" surface="virtual reality device" />
<Entity id="48" startPos="2067" endPos="2072" type="organization" surface="Apple" />
<Entity id="49" startPos="2191" endPos="2198" type="product" surface="glasses" />
<Entity id="50" startPos="2218" endPos="2228" type="product" surface="smartphone" />
<Entity id="51" startPos="2267" endPos="2274" type="product" surface="headset" />
<Entity id="52" startPos="2305" endPos="2320" type="product" surface="Virtual reality" />
<Entity id="53" startPos="2586" endPos="2588" type="product" surface="VR" />
<Entity id="54" startPos="2850" endPos="2855" type="organization" surface="Apple" />
<Entity id="55" startPos="2865" endPos="2872" type="trigger" surface="selling" />
<Entity id="56" startPos="2873" endPos="2884" type="product" surface="VR products" />
<Entity id="57" startPos="2924" endPos="2937" type="organization" surface="Piper Jaffray" />
<Entity id="58" startPos="2947" endPos="2952" type="organization" surface="Apple" />
<Entity id="59" startPos="2956" endPos="2963" type="trigger" surface="release" />
<Entity id="60" startPos="2966" endPos="2968" type="product" surface="VR" />
<Entity id="61" startPos="2966" endPos="2976" type="product" surface="VR headset" />
<Entity id="62" startPos="2989" endPos="2992" type="organization" surface="its" />
<Entity id="63" startPos="2997" endPos="3004" type="product" surface="iPhones" />
<Entity id="64" startPos="3041" endPos="3054" type="organization" surface="CNN NewSource" />
<Entity id="65" startPos="3164" endPos="3180" type="organization" surface="Johnson controls" />
<Entity id="66" startPos="3185" endPos="3189" type="organization" surface="Tyco" /></Entities><Relations>
<Relation id="67" NAME="CompanyProvidesProduct">
<Entity id="2" label="product" />
<Entity id="0" label="company" />
<Entity id="1" label="trigger" />
</Relation>
<Relation id="68" NAME="CompanyProvidesProduct">
<Entity id="15" label="product" />
<Entity id="14" label="company" />
<Entity id="16" label="trigger" />
</Relation>
<Relation id="69" NAME="CompanyProvidesProduct">
<Entity id="18" label="product" />
<Entity id="14" label="company" />
<Entity id="17" label="trigger" />
</Relation>
<Relation id="70" NAME="CompanyProvidesProduct">
<Entity id="23" label="product" />
<Entity id="21" label="company" />
<Entity id="22" label="trigger" />
</Relation>
<Relation id="71" NAME="CompanyProvidesProduct">
<Entity id="27" label="product" />
<Entity id="26" label="product" />
<Entity id="24" label="company" />
<Entity id="25" label="trigger" />
</Relation>
<Relation id="72" NAME="CompanyProvidesProduct">
<Entity id="36" label="product" />
<Entity id="34" label="company" />
<Entity id="35" label="trigger" />
</Relation>
<Relation id="73" NAME="CompanyProvidesProduct">
<Entity id="42" label="product" />
<Entity id="41" label="company" />
<Entity id="43" label="trigger" />
</Relation>
<Relation id="74" NAME="CompanyProvidesProduct">
<Entity id="56" label="product" />
<Entity id="54" label="company" />
<Entity id="55" label="trigger" />
</Relation>
<Relation id="75" NAME="CompanyProvidesProduct">
<Entity id="61" label="product" />
<Entity id="58" label="company" />
<Entity id="59" label="trigger" />
</Relation>
<Relation id="76" NAME="CompanyProvidesProduct">
<Entity id="63" label="product" />
<Entity id="62" label="trigger" />
</Relation>
<Relation id="77" NAME="identity">
<Entity id="0" label="source" />
<Entity id="54" label="target" />
<Entity id="48" label="target" />
<Entity id="30" label="target" />
<Entity id="31" label="target" />
<Entity id="29" label="target" />
<Entity id="7" label="target" />
<Entity id="44" label="target" />
<Entity id="58" label="target" />
<Entity id="40" label="target" />
<Entity id="45" label="target" />
<Entity id="13" label="target" />
<Entity id="5" label="target" />
<Entity id="8" label="target" />
<Entity id="9" label="target" />
<Entity id="12" label="target" />
</Relation>
<Relation id="78" NAME="identity">
<Entity id="2" label="source" />
<Entity id="60" label="target" />
<Entity id="53" label="target" />
<Entity id="6" label="target" />
<Entity id="47" label="target" />
<Entity id="52" label="target" />
<Entity id="56" label="target" />
</Relation>
<Relation id="79" NAME="identity">
<Entity id="3" label="source" />
<Entity id="4" label="target" />
</Relation>
<Relation id="80" NAME="identity">
<Entity id="14" label="source" />
<Entity id="20" label="target" />
</Relation>
<Relation id="81" NAME="identity">
<Entity id="19" label="source" />
<Entity id="28" label="target" />
</Relation></Relations>
</Document>
