<?xml version="1.0" encoding="UTF-8"?>
<Document>
<TEXT>Vision/tracking/traceability Intrinsically Safe solutions enhance safe plant operation (26/01/2016) <NODE id="100" />Eaton<NODE id="105" /> has launched two new Intrinsically Safe (IS) products as part of the <NODE id="175" />Crouse-Hinds<NODE id="187" /> series <NODE id="195" />portfolio<NODE id="204" />, which enable process plant managers to ensure safe operation in hazardous zone 1 and zone 2 areas. Full Story... Development kit provides an introduction to RFID systems (23/11/2015) <NODE id="389" />HARTING<NODE id="396" /> has introduced an introductory kit for engineers looking to implement RFID solutions. Full Story... Surface inspection system sees down to micron diameters (20/10/2015) The <NODE id="570" />Trevista<NODE id="578" /> surface inspection system <NODE id="605" />from<NODE id="609" /> <NODE id="610" />STEMMER IMAGING<NODE id="625" /> can be used to identify foreign matter or surface imperfections. Full Story... <NODE id="705" />sCMOS camera<NODE id="717" /> with over 80% peak Quantum Efficiency 06/10/2015 The peak Quantum Efficiency (QE) of the <NODE id="807" />ORCA-Flash4.0 V2<NODE id="823" /> <NODE id="824" />from<NODE id="828" /> <NODE id="829" />Hamamatsu Photonics<NODE id="848" /> has been increased to over 80% offering greater versatility. Full Story... <NODE id="924" />Thermal imaging camera<NODE id="946" /> for glass 15/09/2015 Temperature is a key measurement parameter to control the quality of glass or glass products. The <NODE id="1066" />thermoIMAGER G7<NODE id="1081" /> is the latest <NODE id="1096" />addition<NODE id="1104" /> to the <NODE id="1112" />Micro-Epsilon<NODE id="1125" /> family of <NODE id="1136" />thermal imaging cameras<NODE id="1159" /> which is specifically designed for measurements on glass objects. Full Story... High-resolution camera suits electronics industry application 24/08/2015 <NODE id="1313" />Multipix Imaging<NODE id="1329" /> has <NODE id="1334" />introduced<NODE id="1344" /> the <NODE id="1349" />Basler beat<NODE id="1360" /> series, featuring the high speeds and resolutions demanded in electronics industry applications. Full Story... <NODE id="1472" />2D/3D blue laser sensors<NODE id="1496" /> for shiny surfaces 11/08/2015 Designed for shiny, highly polished surfaces, as well as transparent materials such as plastics, glass, optical components and film/substrates, a new range of <NODE id="1686" />2D/3D blue laser profile sensors<NODE id="1718" /> (<NODE id="1720" />laser line scanners<NODE id="1739" />) are now <NODE id="1749" />available<NODE id="1758" /> <NODE id="1759" />from<NODE id="1763" /> <NODE id="1764" />Micro-Epsilon<NODE id="1777" />. Full Story... <NODE id="1793" />3D sensors<NODE id="1803" /> get smarter 21/07/2015 <NODE id="1827" />LMI Technologies<NODE id="1843" /> has introduced the firmware 4.2 update for the entire range of <NODE id="1907" />Gocator displacement<NODE id="1927" />, <NODE id="1929" />profile<NODE id="1936" />, and <NODE id="1942" />snapshot 3D smart sensors<NODE id="1967" /> which aims to enhance the ease, efficiency and productivity of the 3D inspection process. Full Story... <NODE id="2072" />Liquid lens<NODE id="2083" /> camera<NODE id="2090" /> technology 30/06/2015 Last year, <NODE id="2124" />PixeLINK<NODE id="2132" />, a global <NODE id="2143" />provider<NODE id="2151" /> of <NODE id="2155" />industrial cameras<NODE id="2173" /> for the machine vision and microscopy markets and <NODE id="2224" />provider<NODE id="2232" /> of electrowetting <NODE id="2251" />liquid lens<NODE id="2262" /> <NODE id="2263" />solutions<NODE id="2272" />, announced <NODE id="2284" />production<NODE id="2294" /> of the world's first <NODE id="2316" />industrial cameras<NODE id="2334" /> to include an electronic, focus-controllable <NODE id="2380" />liquid lens<NODE id="2391" />. Since production, this <NODE id="2416" />industrial camera<NODE id="2433" /> has found applications in medical, inspection and security markets. Full Story... <NODE id="2516" />Thermal imaging camera<NODE id="2538" /> for harsh environments 03/06/2015 The new, high resolution <NODE id="2598" />Serval LWIR uncooled thermal imaging GigE camera<NODE id="2646" /> from <NODE id="2652" />Xenics<NODE id="2658" /> is designed for industrial in-line process and quality control in harsh and hot industrial environments. It features an IP67 design so that no large additional third-party enclosure is needed. Full Story... IP65 &amp; NEMA 12 rated camera housing 02/06/2015 <NODE id="2913" />Industrial Vision Systems<NODE id="2938" /> (<NODE id="2940" />IVS<NODE id="2943" />), a <NODE id="2948" />supplier<NODE id="2956" /> of <NODE id="2960" />machine vision solutions<NODE id="2984" /> to industry, has developed a new enclosure designed to protect <NODE id="3048" />vision system cameras<NODE id="3069" /> placed in harsh industrial environments. Full Story... <NODE id="3125" />GigE line scan cameras<NODE id="3147" /> break line speed barriers 26/05/2015 <NODE id="3185" />GigE 2k<NODE id="3192" /> and <NODE id="3197" />4k<NODE id="3199" /> models are the latest <NODE id="3222" />additions<NODE id="3231" /> to the <NODE id="3239" />Teledyne DALSA<NODE id="3253" /> <NODE id="3254" />range<NODE id="3259" /> of <NODE id="3263" />Linea line scan cameras<NODE id="3286" /> which are said to open up further applications to line scan imaging. Full Story... <NODE id="3370" />3D camera<NODE id="3379" /> for large-area magnetic field measurements 12/05/2015 <NODE id="3434" />HallinSight<NODE id="3445" /> is the name of a <NODE id="3463" />3D magnetic field camera<NODE id="3487" /> <NODE id="3488" />developed<NODE id="3497" /> by researchers at the <NODE id="3520" />Fraunhofer Institute for Integrated Circuits<NODE id="3564" /> (<NODE id="3566" />IIS<NODE id="3569" />). Equipped with an array of <NODE id="3598" />3D sensors<NODE id="3608" />, the <NODE id="3614" />camera<NODE id="3620" /> is able to measure magnetic fields in all three dimensions at high speeds. <NODE id="3696" />Its<NODE id="3699" /> high resolution makes it suitable for quality assurance applications and laboratory testing. Full Story... High speed contact image sensors 20/04/2015 The <NODE id="3855" />Mitsubishi Electric<NODE id="3874" /> <NODE id="3875" />KD<NODE id="3877" /> <NODE id="3878" />range<NODE id="3883" /> of <NODE id="3887" />contact image sensors<NODE id="3908" /> <NODE id="3909" />available<NODE id="3918" /> <NODE id="3919" />from<NODE id="3923" /> <NODE id="3924" />Stemmer Imaging<NODE id="3939" /> has been extended with the addition of high-speed monochrome versions. Full Story... Open architecture <NODE id="4043" />smart camera<NODE id="4055" /> 19/01/2015 The new <NODE id="4075" />NEON<NODE id="4079" /> <NODE id="4080" />series<NODE id="4086" /> of <NODE id="4090" />smart cameras<NODE id="4103" />, <NODE id="4105" />from<NODE id="4109" /> <NODE id="4110" />ADLINK Technology<NODE id="4127" />, is believed to be the first to combine the quad core intel processors running <NODE id="4207" />Windows<NODE id="4214" /> embedded, a choice of <NODE id="4237" />CMOSIS sensors<NODE id="4251" /> and a Genicam transport layer, which together simplify deployment with any <NODE id="4327" />PC<NODE id="4329" />-based vision software. Full Story... Quadlinear camera for multispectral imaging 21/10/2014 <NODE id="4422" />Teledyne DALSA<NODE id="4436" /> has <NODE id="4441" />introduced<NODE id="4451" /> <NODE id="4452" />its<NODE id="4455" /> <NODE id="4456" />Piranha4 2k quadlinear line scan camera<NODE id="4495" /> featuring red, green, and blue (RGB) outputs plus a Near Infrared (NIR) channel for multispectral imaging. Full Story... <NODE id="4617" />1D and 2D code readers<NODE id="4639" /> 12/08/2014 The <NODE id="4655" />OPC120 series code readers<NODE id="4681" />, <NODE id="4683" />from<NODE id="4687" /> <NODE id="4688" />Pepperl+Fuchs<NODE id="4701" />, offer a range of stationary readers for detecting and decoding 1D and 2D codes, such as barcodes and Data Matrix codes. Full Story... <NODE id="4837" />GigE 3D stereo camera<NODE id="4858" /> for 3D vision and robot vision applications 01/07/2014 The latest <NODE id="4925" />3D stereo camera<NODE id="4941" /> in the <NODE id="4949" />Ensenso<NODE id="4956" /> <NODE id="4957" />range<NODE id="4962" />, <NODE id="4964" />from<NODE id="4968" /> <NODE id="4969" />IDS<NODE id="4972" />, features a gigabit Ethernet interface and integrated texture projection. Full Story... New <NODE id="5065" />CMOS line scan camera<NODE id="5086" /> range 20/06/2014 A new series of monochrome <NODE id="5131" />CMOS line scan cameras<NODE id="5153" /> <NODE id="5154" />from<NODE id="5158" /> <NODE id="5159" />Teledyne DALSA<NODE id="5173" /> has been introduced for cost-sensitive high-speed imaging applications. The Linea family of <NODE id="5266" />CameraLink<NODE id="5276" /> CMOS line scan cameras<NODE id="5299" /> features a 4K model and a 2K model with a 7 x 7 pixel array and a maximum line rate of 80 kHz. Full Story... Sensing individual products with no gaps 18/06/2014 <NODE id="5461" />SICK UK<NODE id="5468" /> has <NODE id="5473" />launched<NODE id="5481" /> <NODE id="5482" />DeltaPac<NODE id="5490" />, which is believed to be the first <NODE id="5526" />photoelectric sensor<NODE id="5546" /> able to detect individual packs on a conveyor even if there is no gap between them. Full Story... Visualisation app for <NODE id="5667" />mobile device<NODE id="5680" /> operation tasks 03/06/2014 The new <NODE id="5716" />Visu+<NODE id="5721" /> mobile visualisation app <NODE id="5747" />from<NODE id="5751" /> <NODE id="5752" />Phoenix Contact<NODE id="5767" /> is designed to bring system visualisation to <NODE id="5813" />smart phones<NODE id="5825" /> or <NODE id="5829" />tablets<NODE id="5836" />, enabling flexible operation and monitoring concepts, with the option of universal access to the system at any time and from any location. Full Story... Multi-tasking positioning system 20/05/2014 The <NODE id="6038" />PGV<NODE id="6041" /> positioning system <NODE id="6061" />from<NODE id="6065" /> <NODE id="6066" />Pepperl+Fuchs<NODE id="6079" /> is believed to be the only product that offers a combination of optical colour band tracking used for driving, Data Matrix codes used for positioning, and control codes used for navigation, making it a good solution for use on <NODE id="6307" />automated guided vehicles<NODE id="6332" />. Full Story... More Case Studies &gt;&gt;
</TEXT>
<Meta>
<feature featureName="id" featureValue="vico/54ba14b4-f532-3e26-90c1-7edc3efab0e0" />
<feature featureName="source" featureValue="sensor_corpus" />
<feature featureName="lang" featureValue="en" />
<feature featureName="pubDate" featureValue="2016-02-01T12:15:05Z" />
<feature featureName="indexDate" featureValue="2016-07-13T11:07:17.252Z" />
<feature featureName="uri" featureValue="http://www.controlengeurope.com/global/banner/../../products.aspx?sid=158&amp;n=Vision-tracking-traceability" />
<feature featureName="solrEventType" featureValue="None" /></Meta><Entities>
<Entity id="0" startPos="100" endPos="105" type="organization" surface="Eaton" />
<Entity id="1" startPos="175" endPos="187" type="product" surface="Crouse-Hinds" />
<Entity id="2" startPos="195" endPos="204" type="trigger" surface="portfolio" />
<Entity id="3" startPos="389" endPos="396" type="organization" surface="HARTING" />
<Entity id="4" startPos="570" endPos="578" type="product" surface="Trevista" />
<Entity id="5" startPos="605" endPos="609" type="trigger" surface="from" />
<Entity id="6" startPos="610" endPos="625" type="organization" surface="STEMMER IMAGING" />
<Entity id="7" startPos="705" endPos="717" type="product" surface="sCMOS camera" />
<Entity id="8" startPos="807" endPos="823" type="product" surface="ORCA-Flash4.0 V2" />
<Entity id="9" startPos="824" endPos="828" type="trigger" surface="from" />
<Entity id="10" startPos="829" endPos="848" type="organization" surface="Hamamatsu Photonics" />
<Entity id="11" startPos="924" endPos="946" type="product" surface="Thermal imaging camera" />
<Entity id="12" startPos="1066" endPos="1081" type="product" surface="thermoIMAGER G7" />
<Entity id="13" startPos="1096" endPos="1104" type="trigger" surface="addition" />
<Entity id="14" startPos="1112" endPos="1125" type="organization" surface="Micro-Epsilon" />
<Entity id="15" startPos="1136" endPos="1159" type="product" surface="thermal imaging cameras" />
<Entity id="16" startPos="1313" endPos="1329" type="organization" surface="Multipix Imaging" />
<Entity id="17" startPos="1334" endPos="1344" type="trigger" surface="introduced" />
<Entity id="18" startPos="1349" endPos="1360" type="product" surface="Basler beat" />
<Entity id="19" startPos="1472" endPos="1496" type="product" surface="2D/3D blue laser sensors" />
<Entity id="20" startPos="1686" endPos="1718" type="product" surface="2D/3D blue laser profile sensors" />
<Entity id="21" startPos="1720" endPos="1739" type="product" surface="laser line scanners" />
<Entity id="22" startPos="1749" endPos="1758" type="trigger" surface="available" />
<Entity id="23" startPos="1759" endPos="1763" type="trigger" surface="from" />
<Entity id="24" startPos="1764" endPos="1777" type="organization" surface="Micro-Epsilon" />
<Entity id="25" startPos="1793" endPos="1803" type="product" surface="3D sensors" />
<Entity id="26" startPos="1827" endPos="1843" type="organization" surface="LMI Technologies" />
<Entity id="27" startPos="1907" endPos="1927" type="product" surface="Gocator displacement" />
<Entity id="28" startPos="1929" endPos="1936" type="product" surface="profile" />
<Entity id="29" startPos="1942" endPos="1967" type="product" surface="snapshot 3D smart sensors" />
<Entity id="30" startPos="2072" endPos="2083" type="product" surface="Liquid lens" />
<Entity id="31" startPos="2072" endPos="2090" type="product" surface="Liquid lens camera" />
<Entity id="32" startPos="2124" endPos="2132" type="organization" surface="PixeLINK" />
<Entity id="33" startPos="2143" endPos="2151" type="trigger" surface="provider" />
<Entity id="34" startPos="2155" endPos="2173" type="product" surface="industrial cameras" />
<Entity id="35" startPos="2224" endPos="2232" type="trigger" surface="provider" />
<Entity id="36" startPos="2251" endPos="2262" type="product" surface="liquid lens" />
<Entity id="37" startPos="2263" endPos="2272" type="trigger" surface="solutions" />
<Entity id="38" startPos="2284" endPos="2294" type="trigger" surface="production" />
<Entity id="39" startPos="2316" endPos="2334" type="product" surface="industrial cameras" />
<Entity id="40" startPos="2380" endPos="2391" type="product" surface="liquid lens" />
<Entity id="41" startPos="2416" endPos="2433" type="product" surface="industrial camera" />
<Entity id="42" startPos="2516" endPos="2538" type="product" surface="Thermal imaging camera" />
<Entity id="43" startPos="2598" endPos="2646" type="product" surface="Serval LWIR uncooled thermal imaging GigE camera" />
<Entity id="44" startPos="2652" endPos="2658" type="organization" surface="Xenics" />
<Entity id="45" startPos="2913" endPos="2938" type="organization" surface="Industrial Vision Systems" />
<Entity id="46" startPos="2940" endPos="2943" type="organization" surface="IVS" />
<Entity id="47" startPos="2948" endPos="2956" type="trigger" surface="supplier" />
<Entity id="48" startPos="2960" endPos="2984" type="product" surface="machine vision solutions" />
<Entity id="49" startPos="3048" endPos="3069" type="product" surface="vision system cameras" />
<Entity id="50" startPos="3125" endPos="3147" type="product" surface="GigE line scan cameras" />
<Entity id="51" startPos="3185" endPos="3192" type="product" surface="GigE 2k" />
<Entity id="52" startPos="3197" endPos="3199" type="product" surface="4k" />
<Entity id="53" startPos="3222" endPos="3231" type="trigger" surface="additions" />
<Entity id="54" startPos="3239" endPos="3253" type="organization" surface="Teledyne DALSA" />
<Entity id="55" startPos="3254" endPos="3259" type="trigger" surface="range" />
<Entity id="56" startPos="3263" endPos="3286" type="product" surface="Linea line scan cameras" />
<Entity id="57" startPos="3370" endPos="3379" type="product" surface="3D camera" />
<Entity id="58" startPos="3434" endPos="3445" type="product" surface="HallinSight" />
<Entity id="59" startPos="3463" endPos="3487" type="product" surface="3D magnetic field camera" />
<Entity id="60" startPos="3488" endPos="3497" type="trigger" surface="developed" />
<Entity id="61" startPos="3520" endPos="3564" type="organization" surface="Fraunhofer Institute for Integrated Circuits" />
<Entity id="62" startPos="3566" endPos="3569" type="organization" surface="IIS" />
<Entity id="63" startPos="3598" endPos="3608" type="product" surface="3D sensors" />
<Entity id="64" startPos="3614" endPos="3620" type="product" surface="camera" />
<Entity id="65" startPos="3696" endPos="3699" type="product" surface="Its" />
<Entity id="66" startPos="3855" endPos="3874" type="organization" surface="Mitsubishi Electric" />
<Entity id="67" startPos="3875" endPos="3877" type="product" surface="KD" />
<Entity id="68" startPos="3878" endPos="3883" type="trigger" surface="range" />
<Entity id="69" startPos="3887" endPos="3908" type="product" surface="contact image sensors" />
<Entity id="70" startPos="3909" endPos="3918" type="trigger" surface="available" />
<Entity id="71" startPos="3919" endPos="3923" type="trigger" surface="from" />
<Entity id="72" startPos="3924" endPos="3939" type="organization" surface="Stemmer Imaging" />
<Entity id="73" startPos="4043" endPos="4055" type="product" surface="smart camera" />
<Entity id="74" startPos="4075" endPos="4079" type="product" surface="NEON" />
<Entity id="75" startPos="4080" endPos="4086" type="trigger" surface="series" />
<Entity id="76" startPos="4090" endPos="4103" type="product" surface="smart cameras" />
<Entity id="77" startPos="4105" endPos="4109" type="trigger" surface="from" />
<Entity id="78" startPos="4110" endPos="4127" type="organization" surface="ADLINK Technology" />
<Entity id="79" startPos="4207" endPos="4214" type="product" surface="Windows" />
<Entity id="80" startPos="4237" endPos="4251" type="product" surface="CMOSIS sensors" />
<Entity id="81" startPos="4327" endPos="4329" type="product" surface="PC" />
<Entity id="82" startPos="4422" endPos="4436" type="organization" surface="Teledyne DALSA" />
<Entity id="83" startPos="4441" endPos="4451" type="trigger" surface="introduced" />
<Entity id="84" startPos="4452" endPos="4455" type="organization" surface="its" />
<Entity id="85" startPos="4456" endPos="4495" type="product" surface="Piranha4 2k quadlinear line scan camera" />
<Entity id="86" startPos="4617" endPos="4639" type="product" surface="1D and 2D code readers" />
<Entity id="87" startPos="4655" endPos="4681" type="product" surface="OPC120 series code readers" />
<Entity id="88" startPos="4683" endPos="4687" type="trigger" surface="from" />
<Entity id="89" startPos="4688" endPos="4701" type="organization" surface="Pepperl+Fuchs" />
<Entity id="90" startPos="4837" endPos="4858" type="product" surface="GigE 3D stereo camera" />
<Entity id="91" startPos="4925" endPos="4941" type="product" surface="3D stereo camera" />
<Entity id="92" startPos="4949" endPos="4956" type="product" surface="Ensenso" />
<Entity id="93" startPos="4957" endPos="4962" type="trigger" surface="range" />
<Entity id="94" startPos="4964" endPos="4968" type="trigger" surface="from" />
<Entity id="95" startPos="4969" endPos="4972" type="organization" surface="IDS" />
<Entity id="96" startPos="5065" endPos="5086" type="product" surface="CMOS line scan camera" />
<Entity id="97" startPos="5131" endPos="5153" type="product" surface="CMOS line scan cameras" />
<Entity id="98" startPos="5154" endPos="5158" type="trigger" surface="from" />
<Entity id="99" startPos="5159" endPos="5173" type="organization" surface="Teledyne DALSA" />
<Entity id="100" startPos="5266" endPos="5276" type="organization" surface="CameraLink" />
<Entity id="101" startPos="5266" endPos="5299" type="product" surface="CameraLink CMOS line scan cameras" />
<Entity id="102" startPos="5461" endPos="5468" type="organization" surface="SICK UK" />
<Entity id="103" startPos="5473" endPos="5481" type="trigger" surface="launched" />
<Entity id="104" startPos="5482" endPos="5490" type="product" surface="DeltaPac" />
<Entity id="105" startPos="5526" endPos="5546" type="product" surface="photoelectric sensor" />
<Entity id="106" startPos="5667" endPos="5680" type="product" surface="mobile device" />
<Entity id="107" startPos="5716" endPos="5721" type="product" surface="Visu+" />
<Entity id="108" startPos="5747" endPos="5751" type="trigger" surface="from" />
<Entity id="109" startPos="5752" endPos="5767" type="organization" surface="Phoenix Contact" />
<Entity id="110" startPos="5813" endPos="5825" type="product" surface="smart phones" />
<Entity id="111" startPos="5829" endPos="5836" type="product" surface="tablets" />
<Entity id="112" startPos="6038" endPos="6041" type="product" surface="PGV" />
<Entity id="113" startPos="6061" endPos="6065" type="trigger" surface="from" />
<Entity id="114" startPos="6066" endPos="6079" type="organization" surface="Pepperl+Fuchs" />
<Entity id="115" startPos="6307" endPos="6332" type="product" surface="automated guided vehicles" /></Entities><Relations>
<Relation id="116" NAME="CompanyProvidesProduct">
<Entity id="1" label="product" />
<Entity id="0" label="company" />
<Entity id="2" label="trigger" />
</Relation>
<Relation id="117" NAME="CompanyProvidesProduct">
<Entity id="4" label="product" />
<Entity id="6" label="company" />
<Entity id="5" label="trigger" />
</Relation>
<Relation id="118" NAME="CompanyProvidesProduct">
<Entity id="8" label="product" />
<Entity id="10" label="company" />
<Entity id="9" label="trigger" />
</Relation>
<Relation id="119" NAME="CompanyProvidesProduct">
<Entity id="12" label="product" />
<Entity id="14" label="company" />
<Entity id="13" label="trigger" />
</Relation>
<Relation id="120" NAME="CompanyProvidesProduct">
<Entity id="18" label="product" />
<Entity id="16" label="company" />
<Entity id="17" label="trigger" />
</Relation>
<Relation id="121" NAME="CompanyProvidesProduct">
<Entity id="20" label="product" />
<Entity id="24" label="company" />
<Entity id="22" label="trigger" />
<Entity id="23" label="trigger" />
</Relation>
<Relation id="122" NAME="CompanyProvidesProduct">
<Entity id="28" label="product" />
<Entity id="27" label="product" />
<Entity id="29" label="product" />
<Entity id="26" label="company" />
</Relation>
<Relation id="123" NAME="CompanyProvidesProduct">
<Entity id="34" label="product" />
<Entity id="32" label="company" />
<Entity id="33" label="trigger" />
</Relation>
<Relation id="124" NAME="CompanyProvidesProduct">
<Entity id="39" label="product" />
<Entity id="32" label="company" />
<Entity id="38" label="trigger" />
</Relation>
<Relation id="125" NAME="CompanyProvidesProduct">
<Entity id="36" label="product" />
<Entity id="32" label="company" />
<Entity id="35" label="trigger" />
<Entity id="37" label="trigger" />
</Relation>
<Relation id="126" NAME="CompanyProvidesProduct">
<Entity id="43" label="product" />
<Entity id="44" label="company" />
</Relation>
<Relation id="127" NAME="CompanyProvidesProduct">
<Entity id="48" label="product" />
<Entity id="45" label="company" />
<Entity id="47" label="trigger" />
</Relation>
<Relation id="128" NAME="CompanyProvidesProduct">
<Entity id="52" label="product" />
<Entity id="51" label="product" />
<Entity id="54" label="company" />
<Entity id="53" label="trigger" />
</Relation>
<Relation id="129" NAME="CompanyProvidesProduct">
<Entity id="56" label="product" />
<Entity id="54" label="company" />
<Entity id="55" label="trigger" />
</Relation>
<Relation id="130" NAME="CompanyProvidesProduct">
<Entity id="58" label="product" />
<Entity id="61" label="company" />
<Entity id="60" label="trigger" />
</Relation>
<Relation id="131" NAME="CompanyProvidesProduct">
<Entity id="69" label="product" />
<Entity id="67" label="product" />
<Entity id="66" label="company" />
<Entity id="68" label="trigger" />
</Relation>
<Relation id="132" NAME="CompanyProvidesProduct">
<Entity id="69" label="product" />
<Entity id="67" label="product" />
<Entity id="72" label="company" />
<Entity id="70" label="trigger" />
<Entity id="71" label="trigger" />
</Relation>
<Relation id="133" NAME="CompanyProvidesProduct">
<Entity id="74" label="product" />
<Entity id="78" label="company" />
<Entity id="75" label="trigger" />
<Entity id="77" label="trigger" />
</Relation>
<Relation id="134" NAME="CompanyProvidesProduct">
<Entity id="74" label="product" />
<Entity id="78" label="company" />
</Relation>
<Relation id="135" NAME="CompanyProvidesProduct">
<Entity id="85" label="product" />
<Entity id="82" label="company" />
<Entity id="83" label="trigger" />
</Relation>
<Relation id="136" NAME="CompanyProvidesProduct">
<Entity id="87" label="product" />
<Entity id="89" label="company" />
<Entity id="88" label="trigger" />
</Relation>
<Relation id="137" NAME="CompanyProvidesProduct">
<Entity id="92" label="product" />
<Entity id="95" label="company" />
<Entity id="93" label="trigger" />
</Relation>
<Relation id="138" NAME="CompanyProvidesProduct">
<Entity id="97" label="product" />
<Entity id="99" label="company" />
<Entity id="98" label="trigger" />
</Relation>
<Relation id="139" NAME="CompanyProvidesProduct">
<Entity id="101" label="product" />
<Entity id="100" label="company" />
</Relation>
<Relation id="140" NAME="CompanyProvidesProduct">
<Entity id="104" label="product" />
<Entity id="102" label="company" />
<Entity id="103" label="trigger" />
</Relation>
<Relation id="141" NAME="CompanyProvidesProduct">
<Entity id="107" label="product" />
<Entity id="109" label="company" />
<Entity id="108" label="trigger" />
</Relation>
<Relation id="142" NAME="CompanyProvidesProduct">
<Entity id="112" label="product" />
<Entity id="114" label="company" />
<Entity id="113" label="trigger" />
</Relation>
<Relation id="143" NAME="Identity">
<Entity id="6" label="source" />
<Entity id="72" label="target" />
</Relation>
<Relation id="144" NAME="Identity">
<Entity id="14" label="source" />
<Entity id="24" label="target" />
</Relation>
<Relation id="145" NAME="Identity">
<Entity id="54" label="source" />
<Entity id="99" label="target" />
<Entity id="84" label="target" />
<Entity id="82" label="target" />
</Relation>
<Relation id="146" NAME="Identity">
<Entity id="89" label="source" />
<Entity id="114" label="target" />
</Relation>
<Relation id="147" NAME="identity">
<Entity id="11" label="source" />
<Entity id="42" label="target" />
<Entity id="15" label="target" />
</Relation>
<Relation id="148" NAME="identity">
<Entity id="19" label="source" />
<Entity id="20" label="target" />
</Relation>
<Relation id="149" NAME="identity">
<Entity id="20" label="source" />
<Entity id="21" label="target" />
</Relation>
<Relation id="150" NAME="identity">
<Entity id="30" label="source" />
<Entity id="36" label="target" />
<Entity id="40" label="target" />
</Relation>
<Relation id="151" NAME="identity">
<Entity id="34" label="source" />
<Entity id="41" label="target" />
<Entity id="39" label="target" />
</Relation>
<Relation id="152" NAME="identity">
<Entity id="45" label="source" />
<Entity id="46" label="target" />
</Relation>
<Relation id="153" NAME="identity">
<Entity id="50" label="source" />
<Entity id="52" label="target" />
<Entity id="51" label="target" />
<Entity id="56" label="target" />
</Relation>
<Relation id="154" NAME="identity">
<Entity id="58" label="source" />
<Entity id="64" label="target" />
<Entity id="59" label="target" />
<Entity id="65" label="target" />
</Relation>
<Relation id="155" NAME="identity">
<Entity id="61" label="source" />
<Entity id="62" label="target" />
</Relation>
<Relation id="156" NAME="identity">
<Entity id="73" label="source" />
<Entity id="76" label="target" />
</Relation>
<Relation id="157" NAME="identity">
<Entity id="86" label="source" />
<Entity id="87" label="target" />
</Relation>
<Relation id="158" NAME="identity">
<Entity id="90" label="source" />
<Entity id="91" label="target" />
</Relation>
<Relation id="159" NAME="identity">
<Entity id="96" label="source" />
<Entity id="101" label="target" />
<Entity id="97" label="target" />
</Relation></Relations>
</Document>
