<?xml version="1.0" encoding="UTF-8"?>
<Document>
<TEXT>Satellite Technology News Satellite Spotlight: <NODE id="47" />Technavio<NODE id="56" /> Announces Top Nine Vendors in the Global <NODE id="98" />ZigBee Enabled Devices<NODE id="120" /> Market for 2016-2020 <NODE id="142" />Technavio<NODE id="151" /> has announced the top nine leading vendors in <NODE id="198" />their<NODE id="203" /> recent <NODE id="211" />global ZigBee enabled devices market 2016-2020 report<NODE id="264" />. This <NODE id="271" />research report<NODE id="286" /> also lists 18 other prominent vendors who are expected to gain market share over the forecast period. To identify the top vendors, <NODE id="418" />Technavio<NODE id="427" />'s <NODE id="430" />market research<NODE id="445" /> analysts have considered the top revenue contributors for the <NODE id="508" />ZigBee ( News - Alert ) enabled devices<NODE id="547" /> market. The <NODE id="560" />report<NODE id="566" /> includes market forecast of the global ZigBee market based on product segments that implement ZigBee wireless technology (<NODE id="689" />connected light bulbs<NODE id="710" />, <NODE id="712" />remote controls<NODE id="727" />, <NODE id="729" />smart meters<NODE id="741" />, <NODE id="743" />smart thermostats<NODE id="760" />, and <NODE id="766" />set-top-box<NODE id="777" />). The analysis in this <NODE id="801" />report<NODE id="807" /> is based on vendor briefings, interviews with industry experts, and telephone and online surveys. <NODE id="906" />Technavio<NODE id="915" /> analysts have also presented a breakdown of market shares by the leading regions, including APAC, Americas, and EMEA. What spurs the demand for <NODE id="1060" />ZigBee<NODE id="1066" />? Need for low-energy wireless technology <NODE id="1108" />Technavio<NODE id="1117" />'s senior <NODE id="1127" />market research<NODE id="1142" /> analyst for consumer electronics , Sunil Singh says, Though bluetooth and wi-fi technology is immensely popular and are extensively used in many IoT (internet of things) devices, these require high energy levels through battery-powered devices. Consumers and service providers are thus opting for alternate wireless technologies such as <NODE id="1480" />ZigBee<NODE id="1486" /> to improve energy efficiency. <NODE id="1517" />ZigBee<NODE id="1523" /> has a lower energy consumption rate than bluetooth and wi-fi and a longer communication range. <NODE id="1619" />ZigBee<NODE id="1625" /> and <NODE id="1630" />ZigBee Pro<NODE id="1640" /> require only 1/10,000th of the energy that is typically needed to run a wi-fi network. The use of a <NODE id="1741" />ZigBee<NODE id="1747" /> wireless network thus counters low battery life and reduces the harmful effects of battery disposal, making it a more viable alternative to other connecting technologies. Top nine vendors in the global <NODE id="1950" />ZigBee enabled devices<NODE id="1972" /> market <NODE id="1980" />Amtel<NODE id="1985" /> <NODE id="1986" />Atmel<NODE id="1991" /> ( News - Alert ) <NODE id="2009" />designs<NODE id="2016" />, <NODE id="2018" />develops<NODE id="2026" />, and <NODE id="2032" />supplies<NODE id="2040" /> <NODE id="2041" />microcontrollers<NODE id="2057" /> and related products used in industrial and automotive electronics, mobile computing, and communications devices. <NODE id="2172" />Atmel<NODE id="2177" /> <NODE id="2178" />offers<NODE id="2184" /> <NODE id="2185" />IEEE<NODE id="2189" /> ( News - Alert ) 802.15.4 <NODE id="2216" />ZigBee-certified wireless solutions<NODE id="2251" />. The <NODE id="2257" />company<NODE id="2264" />'s<NODE id="2266" /> <NODE id="2267" />ZigBee solutions<NODE id="2283" /> provide <NODE id="2292" />single-chip<NODE id="2303" /> solutions, <NODE id="2315" />transceivers<NODE id="2327" />, and <NODE id="2333" />modules<NODE id="2340" />. <NODE id="2342" />Its<NODE id="2345" /> <NODE id="2346" />BitCloud ZigBee PRO<NODE id="2365" /> is used in applications of lighting that includes <NODE id="2416" />fluorescent ballasts<NODE id="2436" />, <NODE id="2438" />high-intensity discharge (HID) ballasts<NODE id="2477" />, <NODE id="2479" />LED ballasts<NODE id="2491" />, and lighting control. <NODE id="2515" />It<NODE id="2517" /> is also used in smart energy applications that include <NODE id="2573" />data concentrators<NODE id="2591" />, <NODE id="2593" />electricity meters<NODE id="2611" />, <NODE id="2613" />gas<NODE id="2616" /> and <NODE id="2621" />water meters<NODE id="2633" />, and <NODE id="2639" />in-home display units<NODE id="2660" />. <NODE id="2662" />Digi International<NODE id="2680" /> <NODE id="2681" />Digi International<NODE id="2699" /> <NODE id="2700" />provides<NODE id="2708" /> <NODE id="2709" />wireless products<NODE id="2726" />, <NODE id="2728" />cloud computing devices<NODE id="2751" />, and development services, which include <NODE id="2793" />microprocessors<NODE id="2808" />, <NODE id="2810" />modules<NODE id="2817" />, <NODE id="2819" />satellite communications products<NODE id="2852" />, <NODE id="2854" />development kits<NODE id="2870" />, <NODE id="2872" />software<NODE id="2880" />, and <NODE id="2886" />single-board computers<NODE id="2908" />. The <NODE id="2914" />company<NODE id="2921" />'s <NODE id="2924" />ZigBee<NODE id="2930" /> <NODE id="2931" />offerings<NODE id="2940" /> are <NODE id="2945" />XBee<NODE id="2949" /> and <NODE id="2954" />XBee-PRO ZigBee RF modules<NODE id="2980" />, <NODE id="2982" />XBee ZigBee gateway<NODE id="3001" />, <NODE id="3003" />ConnectPort LTS 8/16/32<NODE id="3026" />, <NODE id="3028" />ConnectCore 6 Single Board Computer<NODE id="3063" />, <NODE id="3065" />ConnectPort X2<NODE id="3079" />, <NODE id="3081" />XBee-Pro ZigBee Wall Router<NODE id="3108" />, <NODE id="3110" />XBee sensors<NODE id="3122" />, <NODE id="3124" />XBee-Pro ZigBee adapters<NODE id="3148" />, and <NODE id="3154" />XStick USB adapters<NODE id="3173" />. The <NODE id="3179" />compny<NODE id="3185" /> <NODE id="3186" />serves<NODE id="3192" /> the <NODE id="3197" />energy<NODE id="3203" />, <NODE id="3205" />government<NODE id="3215" />, <NODE id="3217" />medical<NODE id="3224" />, <NODE id="3226" />industrial<NODE id="3236" />, <NODE id="3238" />retail<NODE id="3244" />, and <NODE id="3250" />transportation<NODE id="3264" /> <NODE id="3265" />sectors<NODE id="3272" />. <NODE id="3274" />Freescale Semiconductor<NODE id="3297" /> ( News - Alert ) <NODE id="3315" />Freescale Semiconductor<NODE id="3338" /> <NODE id="3339" />designs<NODE id="3346" />, <NODE id="3348" />manufactures<NODE id="3360" />, and <NODE id="3366" />sells<NODE id="3371" /> a wide range of products like <NODE id="3402" />embedded microcontrollers<NODE id="3427" />, <NODE id="3429" />microprocessors<NODE id="3444" />, <NODE id="3446" />processors<NODE id="3456" />, <NODE id="3458" />ICs<NODE id="3461" />, <NODE id="3463" />sensors<NODE id="3470" />, <NODE id="3472" />digital signal<NODE id="3486" />, <NODE id="3488" />automotive<NODE id="3498" />, <NODE id="3500" />networking<NODE id="3510" />, <NODE id="3512" />computer<NODE id="3520" />, <NODE id="3522" />communications<NODE id="3536" />, <NODE id="3538" />multimedia<NODE id="3548" />, <NODE id="3550" />medical<NODE id="3557" />, <NODE id="3559" />industrial<NODE id="3569" />, <NODE id="3571" />analog<NODE id="3577" />, <NODE id="3579" />wireless<NODE id="3587" />, <NODE id="3589" />mixed signal<NODE id="3601" />, and <NODE id="3607" />RF products<NODE id="3618" />. The <NODE id="3624" />company<NODE id="3631" /> <NODE id="3632" />provides<NODE id="3640" /> <NODE id="3641" />ZigBee-compliant hardware<NODE id="3666" /> and <NODE id="3671" />software platforms<NODE id="3689" />, which have been certified by approved test labs of the <NODE id="3746" />ZigBee Alliance<NODE id="3761" />. Some <NODE id="3768" />ZigBee<NODE id="3774" /> <NODE id="3775" />products<NODE id="3783" /> <NODE id="3784" />offered<NODE id="3791" /> <NODE id="3792" />by<NODE id="3794" /> the <NODE id="3799" />company<NODE id="3806" /> are <NODE id="3811" />KW2xD<NODE id="3816" />, <NODE id="3818" />MCR20A<NODE id="3824" />, <NODE id="3826" />KW20Z<NODE id="3831" />, <NODE id="3833" />KW21Z<NODE id="3838" />, and <NODE id="3844" />KW41Z<NODE id="3849" />. The <NODE id="3855" />company<NODE id="3862" />'s<NODE id="3864" /> <NODE id="3865" />ZigBee products<NODE id="3880" /> are used in applications like lighting, security and alarm, door locks, home gateways, access controls, retail, and smart metering. <NODE id="4013" />GreenPeak Technologies<NODE id="4035" /> <NODE id="4036" />GreenPeak Technologies<NODE id="4058" /> provides products for wirelessly connected home applications. <NODE id="4121" />It<NODE id="4123" /> <NODE id="4124" />offers<NODE id="4130" /> advanced <NODE id="4140" />ultra-low-power wireless data communication controller chips<NODE id="4200" /> that are used in smart home applications for remote controls, lighting, and HVAC, energy efficiency, access control, and security. <NODE id="4332" />It<NODE id="4334" /> <NODE id="4335" />offers<NODE id="4341" /> <NODE id="4342" />ZigBee transceivers<NODE id="4361" />, <NODE id="4363" />ZigBee RF4CE<NODE id="4375" />, and <NODE id="4381" />communications solutions<NODE id="4405" /> for smart home applications. In 2015, the <NODE id="4448" />company<NODE id="4455" /> <NODE id="4456" />launched<NODE id="4464" /> <NODE id="4465" />GP691<NODE id="4470" />, <NODE id="4472" />its<NODE id="4475" /> next-generation <NODE id="4492" />ZigBee radio chip<NODE id="4509" /> and <NODE id="4514" />GPM6000 modules<NODE id="4529" />, for IoT and smart home networks. <NODE id="4564" />NXP Semiconductors<NODE id="4582" /> <NODE id="4583" />NXP Semiconductors<NODE id="4601" /> <NODE id="4602" />offer<NODE id="4607" /> <NODE id="4608" />32-bit <NODE id="4615" />microcontroller units<NODE id="4636" /> (<NODE id="4638" />MCUs<NODE id="4642" />) and <NODE id="4648" />IEEE802.15.4 products<NODE id="4669" /> that include <NODE id="4683" />JN51xx wireless microcontrollers<NODE id="4715" />, <NODE id="4717" />ZigBee smart energy<NODE id="4736" />, <NODE id="4738" />light link<NODE id="4748" />, <NODE id="4750" />home automation<NODE id="4765" />, and <NODE id="4771" />remote control<NODE id="4785" />. The <NODE id="4791" />company<NODE id="4798" />'s<NODE id="4800" /> <NODE id="4801" />ZigBee products<NODE id="4816" /> are used in home and building automation, wireless sensors networks, asset management, healthcare, <NODE id="4916" />remote control<NODE id="4930" />, <NODE id="4932" />security<NODE id="4940" />, and <NODE id="4946" />energy-harvesting sensors<NODE id="4971" /> and <NODE id="4976" />switches<NODE id="4984" />. <NODE id="4986" />Renesas Electronics<NODE id="5005" /> <NODE id="5006" />Renesas Electronics<NODE id="5025" /> <NODE id="5026" />offers<NODE id="5032" /> <NODE id="5033" />semiconductor products<NODE id="5055" /> such as <NODE id="5064" />logic ICs<NODE id="5073" />, <NODE id="5075" />memories<NODE id="5083" />, <NODE id="5085" />large-scale ICs<NODE id="5100" />, <NODE id="5102" />microcomputers<NODE id="5116" />, <NODE id="5118" />analog ICs under microcontrollers<NODE id="5151" />, and <NODE id="5157" />analog and power devices<NODE id="5181" />. <NODE id="5183" />It<NODE id="5185" /> <NODE id="5186" />offers<NODE id="5192" /> <NODE id="5193" />ZigBee<NODE id="5199" /> and <NODE id="5204" />IEEE802.15.4 short-range wireless communication network products<NODE id="5268" /> that include <NODE id="5282" />microcontrollers<NODE id="5298" />, <NODE id="5300" />M16C/6B solutions<NODE id="5317" />, and <NODE id="5323" />78K, V850 solutions<NODE id="5342" />. The <NODE id="5348" />company<NODE id="5355" />'s products are used in applications for detecting smoke and intrusion, monitoring environment, measuring or data collecting systems, and locating and tracking systems. <NODE id="5524" />Silicon Labs<NODE id="5536" /> <NODE id="5537" />Silicon Labs<NODE id="5549" /> <NODE id="5550" />provides<NODE id="5558" /> <NODE id="5559" />mesh networking wireless system-on-chip (SoC) devices<NODE id="5612" />, <NODE id="5614" />ZigBee<NODE id="5620" /> and <NODE id="5625" />thread-protocol stacks<NODE id="5647" />, and <NODE id="5653" />hardware<NODE id="5661" /> and <NODE id="5666" />software development tools<NODE id="5692" /> to OEMs and ODMs, adding <NODE id="5718" />ZigBee<NODE id="5724" /> and thread-technology to <NODE id="5750" />their<NODE id="5755" /> <NODE id="5756" />connected device products<NODE id="5781" />. <NODE id="5783" />Silicon Labs<NODE id="5795" />'<NODE id="5796" /> <NODE id="5797" />mesh networking<NODE id="5812" /> <NODE id="5813" />product<NODE id="5820" /> offerings include <NODE id="5839" />EM358x<NODE id="5845" /> and <NODE id="5850" />EM359x SoCs<NODE id="5861" /> and <NODE id="5866" />network co-processors<NODE id="5887" />, <NODE id="5889" />EM35x SoCs<NODE id="5899" /> and <NODE id="5904" />network co-processors<NODE id="5925" />, and <NODE id="5931" />EM34x ZigBee remote control ICs<NODE id="5962" />. The <NODE id="5968" />company<NODE id="5975" />'s<NODE id="5977" /> <NODE id="5978" />wireless mesh networking solutions<NODE id="6012" /> are used in connected home and lighting systems, <NODE id="6062" />smart meters<NODE id="6074" /> and <NODE id="6079" />thermostats<NODE id="6090" />, <NODE id="6092" />security systems<NODE id="6108" />, and a wide range of wireless sensor node applications. <NODE id="6165" />STMicroelectronics<NODE id="6183" /> <NODE id="6184" />STMicroelectronics<NODE id="6202" /> <NODE id="6203" />offers<NODE id="6209" /> <NODE id="6210" />SPZB250 ZigBee module<NODE id="6231" /> and <NODE id="6236" />ZigBee Pro modules<NODE id="6254" /> based on <NODE id="6264" />STM32W chipset<NODE id="6278" /> that is used in smart energy applications, M2M industrial control, <NODE id="6346" />wireless sensor<NODE id="6361" /> networks, home and building automation, smart appliances, <NODE id="6420" />wireless alarms<NODE id="6435" /> and <NODE id="6440" />security systems<NODE id="6456" />, lighting control, and remote monitoring. In 2015, the <NODE id="6512" />company<NODE id="6519" /> <NODE id="6520" />launched<NODE id="6528" /> <NODE id="6529" />Voice-Over-Bluetooth low energy<NODE id="6560" /> for wearable and <NODE id="6578" />remote-control<NODE id="6592" /> applications. <NODE id="6607" />Texas Instruments<NODE id="6624" /> <NODE id="6625" />Texas Instruments<NODE id="6642" /> <NODE id="6643" />provides<NODE id="6651" /> <NODE id="6652" />ultra-low power microcontrollers<NODE id="6684" />, high-performance <NODE id="6703" />DSP<NODE id="6706" /> and <NODE id="6711" />ARM<NODE id="6714" /> ( News - Alert ) <NODE id="6732" />processors<NODE id="6742" />, and <NODE id="6748" />wireless connectivity products<NODE id="6778" /> for industrial, automotive, personal electronics applications, and more. <NODE id="6852" />Its<NODE id="6855" /> <NODE id="6856" />wireless connectivity<NODE id="6877" /> <NODE id="6878" />portfolio<NODE id="6887" /> supports many wireless technologies and standards such as Bluetooth, Sub-1 GHz, Wi-Fi, GPS and low-power wireless network standards like <NODE id="7025" />ZigBee<NODE id="7031" />. <NODE id="7033" />ZigBee products<NODE id="7048" /> <NODE id="7049" />offered<NODE id="7056" /> <NODE id="7057" />by<NODE id="7059" /> the <NODE id="7064" />company<NODE id="7071" /> include <NODE id="7080" />SimpleLink ultra-low power ZigBee CC2630 wireless MCU<NODE id="7133" />, <NODE id="7135" />CC2530 wireless MCU<NODE id="7154" />, <NODE id="7156" />CC2531 wireless MCU<NODE id="7175" /> with USB, and <NODE id="7190" />CC2538 ARM Cortex-M3 wireless MCU<NODE id="7223" />. The <NODE id="7229" />company<NODE id="7236" />'s <NODE id="7239" />ZigBee solutions<NODE id="7255" /> are used in connected lighting and home automation, wireless lighting, and generic mesh. Browse Related <NODE id="7360" />Reports<NODE id="7367" />: Purchase three <NODE id="7384" />reports<NODE id="7391" /> for the price of one by becoming a <NODE id="7427" />Technavio<NODE id="7436" /> subscriber. Subscribing to <NODE id="7464" />Technavio<NODE id="7473" />'s<NODE id="7475" /> <NODE id="7476" />reports<NODE id="7483" /> allows you to download any three reports per month for the price of one. Contact enquiry@technavio.com with your requirements and a link to our subscription platform. About <NODE id="7657" />Technavio<NODE id="7666" /> <NODE id="7667" />Technavio<NODE id="7676" /> is a leading global <NODE id="7697" />technology research<NODE id="7716" /> and <NODE id="7721" />advisory<NODE id="7729" /> <NODE id="7730" />company<NODE id="7737" />. The <NODE id="7743" />company<NODE id="7750" /> <NODE id="7751" />develops<NODE id="7759" /> over 2000 pieces of <NODE id="7780" />research<NODE id="7788" /> every year, covering more than 500 technologies across 80 countries. <NODE id="7858" />Technavio<NODE id="7867" /> has about 300 analysts globally who specialize in customized consulting and <NODE id="7944" />business research<NODE id="7961" /> assignments across the latest leading edge technologies. <NODE id="8019" />Technavio<NODE id="8028" /> analysts employ primary as well as secondary research techniques to ascertain the size and vendor landscape in a range of markets. Analysts obtain information using a combination of bottom-up and top-down approaches, besides using in-house market modeling tools and proprietary databases. They corroborate this data with the data obtained from various market participants and stakeholders across the value chain, including vendors, service providers, distributors, re-sellers, and end-users. If you are interested in more information, please contact <NODE id="8579" />our<NODE id="8582" /> media team at media@technavio.com . blog comments powered by <NODE id="8644" />Disqus<NODE id="8650" />
</TEXT>
<Meta>
<feature featureName="id" featureValue="vico/cbe5add8-af13-318f-bfd6-60a5931ebab1" />
<feature featureName="source" featureValue="sensor_corpus" />
<feature featureName="lang" featureValue="en" />
<feature featureName="pubDate" featureValue="2016-01-26T04:02:33Z" />
<feature featureName="indexDate" featureValue="2016-07-13T11:52:39.045Z" />
<feature featureName="uri" featureValue="http://satellite.tmcnet.com/news/2016/01/25/8307174.htm" />
<feature featureName="solrEventType" featureValue="None" /></Meta><Entities>
<Entity id="0" startPos="47" endPos="56" type="organization" surface="Technavio" />
<Entity id="1" startPos="98" endPos="120" type="product" surface="ZigBee Enabled Devices" />
<Entity id="2" startPos="142" endPos="151" type="organization" surface="Technavio" />
<Entity id="3" startPos="198" endPos="203" type="organization" surface="their" />
<Entity id="4" startPos="211" endPos="264" type="product" surface="global ZigBee enabled devices market 2016-2020 report" />
<Entity id="5" startPos="271" endPos="286" type="product" surface="research report" />
<Entity id="6" startPos="418" endPos="427" type="organization" surface="Technavio" />
<Entity id="7" startPos="430" endPos="445" type="product" surface="market research" />
<Entity id="8" startPos="508" endPos="547" type="product" surface="ZigBee ( News - Alert ) enabled devices" />
<Entity id="9" startPos="560" endPos="566" type="product" surface="report" />
<Entity id="10" startPos="689" endPos="710" type="product" surface="connected light bulbs" />
<Entity id="11" startPos="712" endPos="727" type="product" surface="remote controls" />
<Entity id="12" startPos="729" endPos="741" type="product" surface="smart meters" />
<Entity id="13" startPos="743" endPos="760" type="product" surface="smart thermostats" />
<Entity id="14" startPos="766" endPos="777" type="product" surface="set-top-box" />
<Entity id="15" startPos="801" endPos="807" type="product" surface="report" />
<Entity id="16" startPos="906" endPos="915" type="organization" surface="Technavio" />
<Entity id="17" startPos="1060" endPos="1066" type="product" surface="ZigBee" />
<Entity id="18" startPos="1108" endPos="1117" type="organization" surface="Technavio" />
<Entity id="19" startPos="1127" endPos="1142" type="product" surface="market research" />
<Entity id="20" startPos="1480" endPos="1486" type="product" surface="ZigBee" />
<Entity id="21" startPos="1517" endPos="1523" type="product" surface="ZigBee" />
<Entity id="22" startPos="1619" endPos="1625" type="product" surface="ZigBee" />
<Entity id="23" startPos="1630" endPos="1640" type="product" surface="ZigBee Pro" />
<Entity id="24" startPos="1741" endPos="1747" type="product" surface="ZigBee" />
<Entity id="25" startPos="1950" endPos="1972" type="product" surface="ZigBee enabled devices" />
<Entity id="26" startPos="1980" endPos="1985" type="organization" surface="Amtel" />
<Entity id="27" startPos="1986" endPos="1991" type="organization" surface="Atmel" />
<Entity id="28" startPos="2009" endPos="2016" type="trigger" surface="designs" />
<Entity id="29" startPos="2018" endPos="2026" type="trigger" surface="develops" />
<Entity id="30" startPos="2032" endPos="2040" type="trigger" surface="supplies" />
<Entity id="31" startPos="2041" endPos="2057" type="product" surface="microcontrollers" />
<Entity id="32" startPos="2172" endPos="2177" type="organization" surface="Atmel" />
<Entity id="33" startPos="2178" endPos="2184" type="trigger" surface="offers" />
<Entity id="34" startPos="2185" endPos="2189" type="organization" surface="IEEE" />
<Entity id="35" startPos="2216" endPos="2251" type="product" surface="ZigBee-certified wireless solutions" />
<Entity id="36" startPos="2257" endPos="2264" type="organization" surface="company" />
<Entity id="37" startPos="2264" endPos="2266" type="trigger" surface="'s" />
<Entity id="38" startPos="2267" endPos="2283" type="product" surface="ZigBee solutions" />
<Entity id="39" startPos="2292" endPos="2303" type="product" surface="single-chip" />
<Entity id="40" startPos="2315" endPos="2327" type="product" surface="transceivers" />
<Entity id="41" startPos="2333" endPos="2340" type="product" surface="modules" />
<Entity id="42" startPos="2342" endPos="2345" type="organization" surface="Its" />
<Entity id="43" startPos="2346" endPos="2365" type="product" surface="BitCloud ZigBee PRO" />
<Entity id="44" startPos="2416" endPos="2436" type="product" surface="fluorescent ballasts" />
<Entity id="45" startPos="2438" endPos="2477" type="product" surface="high-intensity discharge (HID) ballasts" />
<Entity id="46" startPos="2479" endPos="2491" type="product" surface="LED ballasts" />
<Entity id="47" startPos="2515" endPos="2517" type="product" surface="It" />
<Entity id="48" startPos="2573" endPos="2591" type="product" surface="data concentrators" />
<Entity id="49" startPos="2593" endPos="2611" type="product" surface="electricity meters" />
<Entity id="50" startPos="2613" endPos="2616" type="product" surface="gas" />
<Entity id="51" startPos="2621" endPos="2633" type="product" surface="water meters" />
<Entity id="52" startPos="2639" endPos="2660" type="product" surface="in-home display units" />
<Entity id="53" startPos="2662" endPos="2680" type="organization" surface="Digi International" />
<Entity id="54" startPos="2681" endPos="2699" type="organization" surface="Digi International" />
<Entity id="55" startPos="2700" endPos="2708" type="trigger" surface="provides" />
<Entity id="56" startPos="2709" endPos="2726" type="product" surface="wireless products" />
<Entity id="57" startPos="2728" endPos="2751" type="product" surface="cloud computing devices" />
<Entity id="58" startPos="2793" endPos="2808" type="product" surface="microprocessors" />
<Entity id="59" startPos="2810" endPos="2817" type="product" surface="modules" />
<Entity id="60" startPos="2819" endPos="2852" type="product" surface="satellite communications products" />
<Entity id="61" startPos="2854" endPos="2870" type="product" surface="development kits" />
<Entity id="62" startPos="2872" endPos="2880" type="product" surface="software" />
<Entity id="63" startPos="2886" endPos="2908" type="product" surface="single-board computers" />
<Entity id="64" startPos="2914" endPos="2921" type="organization" surface="company" />
<Entity id="65" startPos="2924" endPos="2930" type="product" surface="ZigBee" />
<Entity id="66" startPos="2931" endPos="2940" type="trigger" surface="offerings" />
<Entity id="67" startPos="2945" endPos="2949" type="product" surface="XBee" />
<Entity id="68" startPos="2954" endPos="2980" type="product" surface="XBee-PRO ZigBee RF modules" />
<Entity id="69" startPos="2982" endPos="3001" type="product" surface="XBee ZigBee gateway" />
<Entity id="70" startPos="3003" endPos="3026" type="product" surface="ConnectPort LTS 8/16/32" />
<Entity id="71" startPos="3028" endPos="3063" type="product" surface="ConnectCore 6 Single Board Computer" />
<Entity id="72" startPos="3065" endPos="3079" type="product" surface="ConnectPort X2" />
<Entity id="73" startPos="3081" endPos="3108" type="product" surface="XBee-Pro ZigBee Wall Router" />
<Entity id="74" startPos="3110" endPos="3122" type="product" surface="XBee sensors" />
<Entity id="75" startPos="3124" endPos="3148" type="product" surface="XBee-Pro ZigBee adapters" />
<Entity id="76" startPos="3154" endPos="3173" type="product" surface="XStick USB adapters" />
<Entity id="77" startPos="3179" endPos="3185" type="organization" surface="compny" />
<Entity id="78" startPos="3186" endPos="3192" type="trigger" surface="serves" />
<Entity id="79" startPos="3197" endPos="3203" type="product" surface="energy" />
<Entity id="80" startPos="3205" endPos="3215" type="product" surface="government" />
<Entity id="81" startPos="3217" endPos="3224" type="product" surface="medical" />
<Entity id="82" startPos="3226" endPos="3236" type="product" surface="industrial" />
<Entity id="83" startPos="3238" endPos="3244" type="product" surface="retail" />
<Entity id="84" startPos="3250" endPos="3264" type="product" surface="transportation" />
<Entity id="85" startPos="3265" endPos="3272" type="trigger" surface="sectors" />
<Entity id="86" startPos="3274" endPos="3297" type="organization" surface="Freescale Semiconductor" />
<Entity id="87" startPos="3315" endPos="3338" type="organization" surface="Freescale Semiconductor" />
<Entity id="88" startPos="3339" endPos="3346" type="trigger" surface="designs" />
<Entity id="89" startPos="3348" endPos="3360" type="trigger" surface="manufactures" />
<Entity id="90" startPos="3366" endPos="3371" type="trigger" surface="sells" />
<Entity id="91" startPos="3402" endPos="3427" type="product" surface="embedded microcontrollers" />
<Entity id="92" startPos="3429" endPos="3444" type="product" surface="microprocessors" />
<Entity id="93" startPos="3446" endPos="3456" type="product" surface="processors" />
<Entity id="94" startPos="3458" endPos="3461" type="product" surface="ICs" />
<Entity id="95" startPos="3463" endPos="3470" type="product" surface="sensors" />
<Entity id="96" startPos="3472" endPos="3486" type="product" surface="digital signal" />
<Entity id="97" startPos="3488" endPos="3498" type="product" surface="automotive" />
<Entity id="98" startPos="3500" endPos="3510" type="product" surface="networking" />
<Entity id="99" startPos="3512" endPos="3520" type="product" surface="computer" />
<Entity id="100" startPos="3522" endPos="3536" type="product" surface="communications" />
<Entity id="101" startPos="3538" endPos="3548" type="product" surface="multimedia" />
<Entity id="102" startPos="3550" endPos="3557" type="product" surface="medical" />
<Entity id="103" startPos="3559" endPos="3569" type="product" surface="industrial" />
<Entity id="104" startPos="3571" endPos="3577" type="product" surface="analog" />
<Entity id="105" startPos="3579" endPos="3587" type="product" surface="wireless" />
<Entity id="106" startPos="3589" endPos="3601" type="product" surface="mixed signal" />
<Entity id="107" startPos="3607" endPos="3618" type="product" surface="RF products" />
<Entity id="108" startPos="3624" endPos="3631" type="organization" surface="company" />
<Entity id="109" startPos="3632" endPos="3640" type="trigger" surface="provides" />
<Entity id="110" startPos="3641" endPos="3666" type="product" surface="ZigBee-compliant hardware" />
<Entity id="111" startPos="3671" endPos="3689" type="product" surface="software platforms" />
<Entity id="112" startPos="3746" endPos="3761" type="organization" surface="ZigBee Alliance" />
<Entity id="113" startPos="3768" endPos="3774" type="product" surface="ZigBee" />
<Entity id="114" startPos="3775" endPos="3783" type="trigger" surface="products" />
<Entity id="115" startPos="3784" endPos="3791" type="trigger" surface="offered" />
<Entity id="116" startPos="3792" endPos="3794" type="trigger" surface="by" />
<Entity id="117" startPos="3799" endPos="3806" type="organization" surface="company" />
<Entity id="118" startPos="3811" endPos="3816" type="product" surface="KW2xD" />
<Entity id="119" startPos="3818" endPos="3824" type="product" surface="MCR20A" />
<Entity id="120" startPos="3826" endPos="3831" type="product" surface="KW20Z" />
<Entity id="121" startPos="3833" endPos="3838" type="product" surface="KW21Z" />
<Entity id="122" startPos="3844" endPos="3849" type="product" surface="KW41Z" />
<Entity id="123" startPos="3855" endPos="3862" type="organization" surface="company" />
<Entity id="124" startPos="3862" endPos="3864" type="trigger" surface="'s" />
<Entity id="125" startPos="3865" endPos="3880" type="product" surface="ZigBee products" />
<Entity id="126" startPos="4013" endPos="4035" type="organization" surface="GreenPeak Technologies" />
<Entity id="127" startPos="4036" endPos="4058" type="organization" surface="GreenPeak Technologies" />
<Entity id="128" startPos="4121" endPos="4123" type="organization" surface="It" />
<Entity id="129" startPos="4124" endPos="4130" type="trigger" surface="offers" />
<Entity id="130" startPos="4140" endPos="4200" type="product" surface="ultra-low-power wireless data communication controller chips" />
<Entity id="131" startPos="4332" endPos="4334" type="organization" surface="It" />
<Entity id="132" startPos="4335" endPos="4341" type="trigger" surface="offers" />
<Entity id="133" startPos="4342" endPos="4361" type="product" surface="ZigBee transceivers" />
<Entity id="134" startPos="4363" endPos="4375" type="product" surface="ZigBee RF4CE" />
<Entity id="135" startPos="4381" endPos="4405" type="product" surface="communications solutions" />
<Entity id="136" startPos="4448" endPos="4455" type="organization" surface="company" />
<Entity id="137" startPos="4456" endPos="4464" type="trigger" surface="launched" />
<Entity id="138" startPos="4465" endPos="4470" type="product" surface="GP691" />
<Entity id="139" startPos="4472" endPos="4475" type="organization" surface="its" />
<Entity id="140" startPos="4492" endPos="4509" type="product" surface="ZigBee radio chip" />
<Entity id="141" startPos="4514" endPos="4529" type="product" surface="GPM6000 modules" />
<Entity id="142" startPos="4564" endPos="4582" type="organization" surface="NXP Semiconductors" />
<Entity id="143" startPos="4583" endPos="4601" type="organization" surface="NXP Semiconductors" />
<Entity id="144" startPos="4602" endPos="4607" type="trigger" surface="offer" />
<Entity id="145" startPos="4608" endPos="4636" type="product" surface="32-bit microcontroller units" />
<Entity id="146" startPos="4615" endPos="4636" type="product" surface="microcontroller units" />
<Entity id="147" startPos="4638" endPos="4642" type="product" surface="MCUs" />
<Entity id="148" startPos="4648" endPos="4669" type="product" surface="IEEE802.15.4 products" />
<Entity id="149" startPos="4683" endPos="4715" type="product" surface="JN51xx wireless microcontrollers" />
<Entity id="150" startPos="4717" endPos="4736" type="product" surface="ZigBee smart energy" />
<Entity id="151" startPos="4738" endPos="4748" type="product" surface="light link" />
<Entity id="152" startPos="4750" endPos="4765" type="product" surface="home automation" />
<Entity id="153" startPos="4771" endPos="4785" type="product" surface="remote control" />
<Entity id="154" startPos="4791" endPos="4798" type="organization" surface="company" />
<Entity id="155" startPos="4798" endPos="4800" type="trigger" surface="'s" />
<Entity id="156" startPos="4801" endPos="4816" type="product" surface="ZigBee products" />
<Entity id="157" startPos="4916" endPos="4930" type="product" surface="remote control" />
<Entity id="158" startPos="4932" endPos="4940" type="product" surface="security" />
<Entity id="159" startPos="4946" endPos="4971" type="product" surface="energy-harvesting sensors" />
<Entity id="160" startPos="4976" endPos="4984" type="product" surface="switches" />
<Entity id="161" startPos="4986" endPos="5005" type="organization" surface="Renesas Electronics" />
<Entity id="162" startPos="5006" endPos="5025" type="organization" surface="Renesas Electronics" />
<Entity id="163" startPos="5026" endPos="5032" type="trigger" surface="offers" />
<Entity id="164" startPos="5033" endPos="5055" type="product" surface="semiconductor products" />
<Entity id="165" startPos="5064" endPos="5073" type="product" surface="logic ICs" />
<Entity id="166" startPos="5075" endPos="5083" type="product" surface="memories" />
<Entity id="167" startPos="5085" endPos="5100" type="product" surface="large-scale ICs" />
<Entity id="168" startPos="5102" endPos="5116" type="product" surface="microcomputers" />
<Entity id="169" startPos="5118" endPos="5151" type="product" surface="analog ICs under microcontrollers" />
<Entity id="170" startPos="5157" endPos="5181" type="product" surface="analog and power devices" />
<Entity id="171" startPos="5183" endPos="5185" type="organization" surface="It" />
<Entity id="172" startPos="5186" endPos="5192" type="trigger" surface="offers" />
<Entity id="173" startPos="5193" endPos="5199" type="product" surface="ZigBee" />
<Entity id="174" startPos="5204" endPos="5268" type="product" surface="IEEE802.15.4 short-range wireless communication network products" />
<Entity id="175" startPos="5282" endPos="5298" type="product" surface="microcontrollers" />
<Entity id="176" startPos="5300" endPos="5317" type="product" surface="M16C/6B solutions" />
<Entity id="177" startPos="5323" endPos="5342" type="product" surface="78K, V850 solutions" />
<Entity id="178" startPos="5348" endPos="5355" type="organization" surface="company" />
<Entity id="179" startPos="5524" endPos="5536" type="organization" surface="Silicon Labs" />
<Entity id="180" startPos="5537" endPos="5549" type="organization" surface="Silicon Labs" />
<Entity id="181" startPos="5550" endPos="5558" type="trigger" surface="provides" />
<Entity id="182" startPos="5559" endPos="5612" type="product" surface="mesh networking wireless system-on-chip (SoC) devices" />
<Entity id="183" startPos="5614" endPos="5620" type="product" surface="ZigBee" />
<Entity id="184" startPos="5625" endPos="5647" type="product" surface="thread-protocol stacks" />
<Entity id="185" startPos="5653" endPos="5661" type="product" surface="hardware" />
<Entity id="186" startPos="5666" endPos="5692" type="product" surface="software development tools" />
<Entity id="187" startPos="5718" endPos="5724" type="product" surface="ZigBee" />
<Entity id="188" startPos="5750" endPos="5755" type="organization" surface="their" />
<Entity id="189" startPos="5756" endPos="5781" type="product" surface="connected device products" />
<Entity id="190" startPos="5783" endPos="5795" type="organization" surface="Silicon Labs" />
<Entity id="191" startPos="5795" endPos="5796" type="trigger" surface="'" />
<Entity id="192" startPos="5797" endPos="5812" type="product" surface="mesh networking" />
<Entity id="193" startPos="5813" endPos="5820" type="trigger" surface="product" />
<Entity id="194" startPos="5839" endPos="5845" type="product" surface="EM358x" />
<Entity id="195" startPos="5850" endPos="5861" type="product" surface="EM359x SoCs" />
<Entity id="196" startPos="5866" endPos="5887" type="product" surface="network co-processors" />
<Entity id="197" startPos="5889" endPos="5899" type="product" surface="EM35x SoCs" />
<Entity id="198" startPos="5904" endPos="5925" type="product" surface="network co-processors" />
<Entity id="199" startPos="5931" endPos="5962" type="product" surface="EM34x ZigBee remote control ICs" />
<Entity id="200" startPos="5968" endPos="5975" type="organization" surface="company" />
<Entity id="201" startPos="5975" endPos="5977" type="trigger" surface="'s" />
<Entity id="202" startPos="5978" endPos="6012" type="product" surface="wireless mesh networking solutions" />
<Entity id="203" startPos="6062" endPos="6074" type="product" surface="smart meters" />
<Entity id="204" startPos="6079" endPos="6090" type="product" surface="thermostats" />
<Entity id="205" startPos="6092" endPos="6108" type="product" surface="security systems" />
<Entity id="206" startPos="6165" endPos="6183" type="organization" surface="STMicroelectronics" />
<Entity id="207" startPos="6184" endPos="6202" type="organization" surface="STMicroelectronics" />
<Entity id="208" startPos="6203" endPos="6209" type="trigger" surface="offers" />
<Entity id="209" startPos="6210" endPos="6231" type="product" surface="SPZB250 ZigBee module" />
<Entity id="210" startPos="6236" endPos="6254" type="product" surface="ZigBee Pro modules" />
<Entity id="211" startPos="6264" endPos="6278" type="product" surface="STM32W chipset" />
<Entity id="212" startPos="6346" endPos="6361" type="product" surface="wireless sensor" />
<Entity id="213" startPos="6420" endPos="6435" type="product" surface="wireless alarms" />
<Entity id="214" startPos="6440" endPos="6456" type="product" surface="security systems" />
<Entity id="215" startPos="6512" endPos="6519" type="organization" surface="company" />
<Entity id="216" startPos="6520" endPos="6528" type="trigger" surface="launched" />
<Entity id="217" startPos="6529" endPos="6560" type="product" surface="Voice-Over-Bluetooth low energy" />
<Entity id="218" startPos="6578" endPos="6592" type="product" surface="remote-control" />
<Entity id="219" startPos="6607" endPos="6624" type="organization" surface="Texas Instruments" />
<Entity id="220" startPos="6625" endPos="6642" type="organization" surface="Texas Instruments" />
<Entity id="221" startPos="6643" endPos="6651" type="trigger" surface="provides" />
<Entity id="222" startPos="6652" endPos="6684" type="product" surface="ultra-low power microcontrollers" />
<Entity id="223" startPos="6703" endPos="6706" type="product" surface="DSP" />
<Entity id="224" startPos="6711" endPos="6714" type="product" surface="ARM" />
<Entity id="225" startPos="6732" endPos="6742" type="product" surface="processors" />
<Entity id="226" startPos="6748" endPos="6778" type="product" surface="wireless connectivity products" />
<Entity id="227" startPos="6852" endPos="6855" type="organization" surface="Its" />
<Entity id="228" startPos="6856" endPos="6877" type="product" surface="wireless connectivity" />
<Entity id="229" startPos="6878" endPos="6887" type="trigger" surface="portfolio" />
<Entity id="230" startPos="7025" endPos="7031" type="product" surface="ZigBee" />
<Entity id="231" startPos="7033" endPos="7048" type="product" surface="ZigBee products" />
<Entity id="232" startPos="7049" endPos="7056" type="trigger" surface="offered" />
<Entity id="233" startPos="7057" endPos="7059" type="trigger" surface="by" />
<Entity id="234" startPos="7064" endPos="7071" type="organization" surface="company" />
<Entity id="235" startPos="7080" endPos="7133" type="product" surface="SimpleLink ultra-low power ZigBee CC2630 wireless MCU" />
<Entity id="236" startPos="7135" endPos="7154" type="product" surface="CC2530 wireless MCU" />
<Entity id="237" startPos="7156" endPos="7175" type="product" surface="CC2531 wireless MCU" />
<Entity id="238" startPos="7190" endPos="7223" type="product" surface="CC2538 ARM Cortex-M3 wireless MCU" />
<Entity id="239" startPos="7229" endPos="7236" type="organization" surface="company" />
<Entity id="240" startPos="7239" endPos="7255" type="product" surface="ZigBee solutions" />
<Entity id="241" startPos="7360" endPos="7367" type="product" surface="Reports" />
<Entity id="242" startPos="7384" endPos="7391" type="product" surface="reports" />
<Entity id="243" startPos="7427" endPos="7436" type="organization" surface="Technavio" />
<Entity id="244" startPos="7464" endPos="7473" type="organization" surface="Technavio" />
<Entity id="245" startPos="7473" endPos="7475" type="trigger" surface="'s" />
<Entity id="246" startPos="7476" endPos="7483" type="product" surface="reports" />
<Entity id="247" startPos="7657" endPos="7666" type="organization" surface="Technavio" />
<Entity id="248" startPos="7667" endPos="7676" type="organization" surface="Technavio" />
<Entity id="249" startPos="7697" endPos="7716" type="product" surface="technology research" />
<Entity id="250" startPos="7721" endPos="7729" type="product" surface="advisory" />
<Entity id="251" startPos="7730" endPos="7737" type="trigger" surface="company" />
<Entity id="252" startPos="7743" endPos="7750" type="organization" surface="company" />
<Entity id="253" startPos="7751" endPos="7759" type="trigger" surface="develops" />
<Entity id="254" startPos="7780" endPos="7788" type="product" surface="research" />
<Entity id="255" startPos="7858" endPos="7867" type="organization" surface="Technavio" />
<Entity id="256" startPos="7944" endPos="7961" type="product" surface="business research" />
<Entity id="257" startPos="8019" endPos="8028" type="organization" surface="Technavio" />
<Entity id="258" startPos="8579" endPos="8582" type="organization" surface="our" />
<Entity id="259" startPos="8644" endPos="8650" type="organization" surface="Disqus" /></Entities><Relations>
<Relation id="260" NAME="CompanyProvidesProduct">
<Entity id="4" label="product" />
<Entity id="3" label="company" />
</Relation>
<Relation id="261" NAME="CompanyProvidesProduct">
<Entity id="31" label="product" />
<Entity id="27" label="company" />
<Entity id="29" label="trigger" />
<Entity id="28" label="trigger" />
<Entity id="30" label="trigger" />
</Relation>
<Relation id="262" NAME="CompanyProvidesProduct">
<Entity id="32" label="company" />
<Entity id="33" label="trigger" />
</Relation>
<Relation id="263" NAME="CompanyProvidesProduct">
<Entity id="35" label="product" />
<Entity id="32" label="company" />
<Entity id="33" label="trigger" />
</Relation>
<Relation id="264" NAME="CompanyProvidesProduct">
<Entity id="38" label="product" />
<Entity id="36" label="company" />
<Entity id="37" label="trigger" />
</Relation>
<Relation id="265" NAME="CompanyProvidesProduct">
<Entity id="43" label="product" />
<Entity id="42" label="company" />
</Relation>
<Relation id="266" NAME="CompanyProvidesProduct">
<Entity id="57" label="product" />
<Entity id="59" label="product" />
<Entity id="56" label="product" />
<Entity id="60" label="product" />
<Entity id="61" label="product" />
<Entity id="58" label="product" />
<Entity id="63" label="product" />
<Entity id="62" label="product" />
<Entity id="54" label="company" />
<Entity id="55" label="trigger" />
</Relation>
<Relation id="267" NAME="CompanyProvidesProduct">
<Entity id="71" label="product" />
<Entity id="74" label="product" />
<Entity id="70" label="product" />
<Entity id="76" label="product" />
<Entity id="73" label="product" />
<Entity id="69" label="product" />
<Entity id="75" label="product" />
<Entity id="72" label="product" />
<Entity id="67" label="product" />
<Entity id="68" label="product" />
<Entity id="64" label="company" />
<Entity id="66" label="trigger" />
</Relation>
<Relation id="268" NAME="CompanyProvidesProduct">
<Entity id="80" label="product" />
<Entity id="82" label="product" />
<Entity id="84" label="product" />
<Entity id="81" label="product" />
<Entity id="83" label="product" />
<Entity id="79" label="product" />
<Entity id="77" label="company" />
<Entity id="78" label="trigger" />
<Entity id="85" label="trigger" />
</Relation>
<Relation id="269" NAME="CompanyProvidesProduct">
<Entity id="93" label="product" />
<Entity id="97" label="product" />
<Entity id="106" label="product" />
<Entity id="103" label="product" />
<Entity id="104" label="product" />
<Entity id="105" label="product" />
<Entity id="98" label="product" />
<Entity id="99" label="product" />
<Entity id="96" label="product" />
<Entity id="91" label="product" />
<Entity id="100" label="product" />
<Entity id="94" label="product" />
<Entity id="107" label="product" />
<Entity id="92" label="product" />
<Entity id="102" label="product" />
<Entity id="95" label="product" />
<Entity id="101" label="product" />
<Entity id="87" label="company" />
<Entity id="89" label="trigger" />
<Entity id="88" label="trigger" />
<Entity id="90" label="trigger" />
</Relation>
<Relation id="270" NAME="CompanyProvidesProduct">
<Entity id="111" label="product" />
<Entity id="110" label="product" />
<Entity id="108" label="company" />
<Entity id="109" label="trigger" />
</Relation>
<Relation id="271" NAME="CompanyProvidesProduct">
<Entity id="113" label="product" />
<Entity id="117" label="company" />
<Entity id="114" label="trigger" />
<Entity id="115" label="trigger" />
<Entity id="116" label="trigger" />
</Relation>
<Relation id="272" NAME="CompanyProvidesProduct">
<Entity id="121" label="product" />
<Entity id="122" label="product" />
<Entity id="118" label="product" />
<Entity id="119" label="product" />
<Entity id="120" label="product" />
<Entity id="117" label="company" />
<Entity id="114" label="trigger" />
<Entity id="115" label="trigger" />
<Entity id="116" label="trigger" />
</Relation>
<Relation id="273" NAME="CompanyProvidesProduct">
<Entity id="125" label="product" />
<Entity id="123" label="company" />
<Entity id="124" label="trigger" />
</Relation>
<Relation id="274" NAME="CompanyProvidesProduct">
<Entity id="130" label="product" />
<Entity id="128" label="company" />
<Entity id="129" label="trigger" />
</Relation>
<Relation id="275" NAME="CompanyProvidesProduct">
<Entity id="135" label="product" />
<Entity id="134" label="product" />
<Entity id="133" label="product" />
<Entity id="131" label="company" />
<Entity id="132" label="trigger" />
</Relation>
<Relation id="276" NAME="CompanyProvidesProduct">
<Entity id="141" label="product" />
<Entity id="140" label="product" />
<Entity id="138" label="product" />
<Entity id="136" label="company" />
<Entity id="137" label="trigger" />
</Relation>
<Relation id="277" NAME="CompanyProvidesProduct">
<Entity id="150" label="product" />
<Entity id="145" label="product" />
<Entity id="148" label="product" />
<Entity id="152" label="product" />
<Entity id="151" label="product" />
<Entity id="149" label="product" />
<Entity id="153" label="product" />
<Entity id="143" label="company" />
<Entity id="144" label="trigger" />
</Relation>
<Relation id="278" NAME="CompanyProvidesProduct">
<Entity id="156" label="product" />
<Entity id="154" label="company" />
<Entity id="155" label="trigger" />
</Relation>
<Relation id="279" NAME="CompanyProvidesProduct">
<Entity id="168" label="product" />
<Entity id="170" label="product" />
<Entity id="167" label="product" />
<Entity id="165" label="product" />
<Entity id="166" label="product" />
<Entity id="164" label="product" />
<Entity id="169" label="product" />
<Entity id="162" label="company" />
<Entity id="163" label="trigger" />
</Relation>
<Relation id="280" NAME="CompanyProvidesProduct">
<Entity id="174" label="product" />
<Entity id="176" label="product" />
<Entity id="177" label="product" />
<Entity id="175" label="product" />
<Entity id="173" label="product" />
<Entity id="171" label="company" />
<Entity id="172" label="trigger" />
</Relation>
<Relation id="281" NAME="CompanyProvidesProduct">
<Entity id="182" label="product" />
<Entity id="186" label="product" />
<Entity id="183" label="product" />
<Entity id="185" label="product" />
<Entity id="184" label="product" />
<Entity id="180" label="company" />
<Entity id="181" label="trigger" />
</Relation>
<Relation id="282" NAME="CompanyProvidesProduct">
<Entity id="189" label="product" />
<Entity id="180" label="company" />
<Entity id="188" label="trigger" />
</Relation>
<Relation id="283" NAME="CompanyProvidesProduct">
<Entity id="196" label="product" />
<Entity id="197" label="product" />
<Entity id="194" label="product" />
<Entity id="195" label="product" />
<Entity id="192" label="product" />
<Entity id="198" label="product" />
<Entity id="199" label="product" />
<Entity id="190" label="company" />
<Entity id="191" label="trigger" />
<Entity id="193" label="trigger" />
</Relation>
<Relation id="284" NAME="CompanyProvidesProduct">
<Entity id="202" label="product" />
<Entity id="200" label="company" />
<Entity id="201" label="trigger" />
</Relation>
<Relation id="285" NAME="CompanyProvidesProduct">
<Entity id="210" label="product" />
<Entity id="209" label="product" />
<Entity id="207" label="company" />
<Entity id="208" label="trigger" />
</Relation>
<Relation id="286" NAME="CompanyProvidesProduct">
<Entity id="225" label="product" />
<Entity id="226" label="product" />
<Entity id="224" label="product" />
<Entity id="223" label="product" />
<Entity id="222" label="product" />
<Entity id="220" label="company" />
<Entity id="221" label="trigger" />
</Relation>
<Relation id="287" NAME="CompanyProvidesProduct">
<Entity id="228" label="product" />
<Entity id="227" label="company" />
<Entity id="229" label="trigger" />
</Relation>
<Relation id="288" NAME="CompanyProvidesProduct">
<Entity id="246" label="product" />
<Entity id="244" label="company" />
<Entity id="245" label="trigger" />
</Relation>
<Relation id="289" NAME="CompanyProvidesProduct">
<Entity id="250" label="product" />
<Entity id="249" label="product" />
<Entity id="248" label="company" />
<Entity id="251" label="trigger" />
</Relation>
<Relation id="290" NAME="CompanyProvidesProduct">
<Entity id="254" label="product" />
<Entity id="252" label="company" />
<Entity id="253" label="trigger" />
</Relation>
<Relation id="291" NAME="identity">
<Entity id="0" label="source" />
<Entity id="255" label="target" />
<Entity id="248" label="target" />
<Entity id="16" label="target" />
<Entity id="247" label="target" />
<Entity id="6" label="target" />
<Entity id="257" label="target" />
<Entity id="244" label="target" />
<Entity id="258" label="target" />
<Entity id="2" label="target" />
<Entity id="18" label="target" />
<Entity id="252" label="target" />
<Entity id="243" label="target" />
<Entity id="3" label="target" />
</Relation>
<Relation id="292" NAME="identity">
<Entity id="1" label="source" />
<Entity id="25" label="target" />
<Entity id="22" label="target" />
<Entity id="65" label="target" />
<Entity id="187" label="target" />
<Entity id="8" label="target" />
<Entity id="240" label="target" />
<Entity id="17" label="target" />
<Entity id="113" label="target" />
<Entity id="231" label="target" />
<Entity id="125" label="target" />
<Entity id="156" label="target" />
<Entity id="20" label="target" />
<Entity id="183" label="target" />
<Entity id="230" label="target" />
<Entity id="38" label="target" />
<Entity id="173" label="target" />
<Entity id="21" label="target" />
</Relation>
<Relation id="293" NAME="identity">
<Entity id="4" label="source" />
<Entity id="9" label="target" />
<Entity id="15" label="target" />
<Entity id="5" label="target" />
</Relation>
<Relation id="294" NAME="identity">
<Entity id="7" label="source" />
<Entity id="241" label="target" />
<Entity id="254" label="target" />
<Entity id="19" label="target" />
<Entity id="256" label="target" />
<Entity id="242" label="target" />
<Entity id="246" label="target" />
<Entity id="249" label="target" />
</Relation>
<Relation id="295" NAME="identity">
<Entity id="23" label="source" />
<Entity id="210" label="target" />
<Entity id="47" label="target" />
<Entity id="43" label="target" />
</Relation>
<Relation id="296" NAME="identity">
<Entity id="26" label="source" />
<Entity id="27" label="target" />
<Entity id="32" label="target" />
<Entity id="36" label="target" />
</Relation>
<Relation id="297" NAME="identity">
<Entity id="53" label="source" />
<Entity id="54" label="target" />
<Entity id="64" label="target" />
<Entity id="77" label="target" />
</Relation>
<Relation id="298" NAME="identity">
<Entity id="86" label="source" />
<Entity id="87" label="target" />
<Entity id="108" label="target" />
<Entity id="117" label="target" />
<Entity id="123" label="target" />
</Relation>
<Relation id="299" NAME="identity">
<Entity id="126" label="source" />
<Entity id="128" label="target" />
<Entity id="136" label="target" />
<Entity id="139" label="target" />
<Entity id="127" label="target" />
<Entity id="131" label="target" />
</Relation>
<Relation id="300" NAME="identity">
<Entity id="142" label="source" />
<Entity id="154" label="target" />
<Entity id="143" label="target" />
</Relation>
<Relation id="301" NAME="identity">
<Entity id="146" label="source" />
<Entity id="147" label="target" />
</Relation>
<Relation id="302" NAME="identity">
<Entity id="161" label="source" />
<Entity id="171" label="target" />
<Entity id="178" label="target" />
<Entity id="162" label="target" />
</Relation>
<Relation id="303" NAME="identity">
<Entity id="179" label="source" />
<Entity id="200" label="target" />
<Entity id="190" label="target" />
<Entity id="188" label="target" />
<Entity id="180" label="target" />
</Relation>
<Relation id="304" NAME="identity">
<Entity id="179" label="source" />
<Entity id="200" label="target" />
<Entity id="190" label="target" />
<Entity id="188" label="target" />
<Entity id="180" label="target" />
</Relation>
<Relation id="305" NAME="identity">
<Entity id="192" label="source" />
<Entity id="202" label="target" />
</Relation>
<Relation id="306" NAME="identity">
<Entity id="206" label="source" />
<Entity id="215" label="target" />
<Entity id="207" label="target" />
</Relation>
<Relation id="307" NAME="identity">
<Entity id="219" label="source" />
<Entity id="234" label="target" />
<Entity id="227" label="target" />
<Entity id="239" label="target" />
<Entity id="220" label="target" />
</Relation>
<Relation id="308" NAME="identity">
<Entity id="226" label="source" />
<Entity id="228" label="target" />
</Relation></Relations>
</Document>
