<?xml version="1.0" encoding="UTF-8"?>
<Document>
<TEXT>Product News: Mounting &amp; Attaching Products, <NODE id="45" />Sensors<NODE id="52" />, <NODE id="54" />Monitors<NODE id="62" /> &amp; <NODE id="65" />Transducers<NODE id="76" /> Topics Mounting &amp; Attaching Products, <NODE id="115" />Sensors<NODE id="122" />, <NODE id="124" />Monitors<NODE id="132" /> &amp; <NODE id="135" />Transducers<NODE id="146" /> <NODE id="147" />Retractable <NODE id="159" />Sensor<NODE id="165" /> Assemblies<NODE id="176" /> eliminate process interruption. Press Release Summary: February 4, 2016 - With <NODE id="256" />Cleanfit CPA875<NODE id="271" /> and <NODE id="276" />CPA871 <NODE id="283" />sensor<NODE id="289" /> assemblies<NODE id="300" />, <NODE id="302" />pH<NODE id="304" />, <NODE id="306" />ORP<NODE id="309" />, <NODE id="311" />oxygen<NODE id="317" />, and <NODE id="323" />NIR <NODE id="327" />sensors<NODE id="334" /> can be installed or removed during operation. By moving <NODE id="391" />sensor<NODE id="397" /> from measuring position to service position, <NODE id="443" />retractable assemblies<NODE id="465" /> allow <NODE id="472" />sensor<NODE id="478" /> to be cleaned, calibrated, or replaced without interrupting process. <NODE id="548" />Cleanfit CPA875<NODE id="563" /> is intended for use in food, pharmaceutical, life sciences, and specialty chemical applications, while <NODE id="667" />CPA871<NODE id="673" /> is suited for water/wastewater and general chemical industries. Original Press Release <NODE id="761" />Endress+Hauser<NODE id="775" /> <NODE id="776" />Introduces<NODE id="786" /> <NODE id="787" />Cleanfit Retractable <NODE id="808" />Sensor<NODE id="814" /> Assemblies<NODE id="825" /> Press release date: January 30, 2016 <NODE id="863" />Assemblies<NODE id="873" /> allow <NODE id="880" />pH<NODE id="882" />, <NODE id="884" />ORP<NODE id="887" />, <NODE id="889" />oxygen<NODE id="895" /> and <NODE id="900" />NIR <NODE id="904" />sensors<NODE id="911" /> to be installed or removed without any process operation interruption for cleaning, calibration and maintenance. <NODE id="1025" />Endress+Hauser<NODE id="1039" /> <NODE id="1040" />introduces<NODE id="1050" /> <NODE id="1051" />Cleanfit CPA875<NODE id="1066" /> and <NODE id="1071" />CPA871 <NODE id="1078" />sensor<NODE id="1084" /> assemblies<NODE id="1095" /> that allow <NODE id="1107" />pH<NODE id="1109" />, <NODE id="1111" />ORP<NODE id="1114" />, <NODE id="1116" />oxygen<NODE id="1122" /> and <NODE id="1127" />NIR <NODE id="1131" />sensors<NODE id="1138" /> to be installed or removed during operation. By moving the <NODE id="1198" />sensor<NODE id="1204" /> from the measuring position to a service position, these <NODE id="1262" />retractable assemblies<NODE id="1284" /> allow the <NODE id="1295" />sensor<NODE id="1301" /> to be cleaned, calibrated or replaced without interrupting the process. The <NODE id="1378" />Cleanfit CPA875<NODE id="1393" /> is ideal in applications in the pharmaceutical and food and beverage industry where <NODE id="1478" />sensors<NODE id="1485" /> must be removed for cleaning, calibration or maintenance on a regular basis, while the <NODE id="1573" />CPA871 <NODE id="1580" />sensor<NODE id="1586" /> is ideal for applications in the water and wastewater and chemical industries.bThe <NODE id="1670" />retractable assemblies<NODE id="1692" /> permit removal and installation, while protecting both the process and operating personnel. In hygienic or sterile processes, the <NODE id="1823" />CPA875 assemblies<NODE id="1840" /> are protected against contamination in accordance with international standards including EHEDG, ASME BPE, FDA, ATEX Directive 94/9/EC, CE/PED, EC VO 1935/2004 and Biological Reactivity (USP Class VI). In pneumatic operating mode, the <NODE id="2075" />CPA871<NODE id="2081" /> meets ATEX and CE/PED standards. The <NODE id="2119" />CPA875 assemblies<NODE id="2136" />, along with <NODE id="2149" />their<NODE id="2154" /> service chambers and process adapters, are certified by EHEDG for cleanability and sterilizability. This certifies that residual media is not only destroyed, but is also removed completely from the service chamber and the sealing surface. The service chamber and sealing surface thus remain free from product residue and microorganisms. The design of the service chamber allows liquid media to drain freely and completely. The alignment of the inlet and outlet, as well as the flow configuration, ensures that solid built-up deposits are loosened and removed when cleaning. It is also possible to clean and sterilize the seals' contact surfaces. This ensures the sensor is free from contamination when it is reinserted into the process. The <NODE id="2896" />CPA875 assemblies<NODE id="2913" /> are available with single or dual service chambers. The front chamber in the double-chamber system can also be used as a protective barrier to the process. This chamber can be continually rinsed with water for injection, which ensures the cleaning solution cannot enter the process, even if the process seal is damaged. At the same time, this front chamber can be used to isolate the service chamber temperature from the process. The <NODE id="3348" />sensor<NODE id="3354" /> can therefore be checked, replaced, calibrated, adjusted and cleaned with hot water or sterilized, all without influencing the process. The <NODE id="3495" />Cleanfit CPA875 assembly<NODE id="3519" /> has seals, process connections and couplings that make it suitable for use in food, pharmaceutical, life sciences and specialty chemical applications, while the <NODE id="3681" />CPA871<NODE id="3687" /> has similar options for the water/wastewater and general chemical industries. Materials in contact with the process medium are all stainless steel, while seals can be EDPM/FMP or Viton/FFKM, depending on the application. The immersion tube, process connection and service chamber can be stainless steel, titanium, Alloy C22, PEEK or PVDF, again depending on the application. Both <NODE id="4068" />sensor<NODE id="4074" /> assemblies<NODE id="4085" /> are available with a manual or an automatic drive. The manual drive has a self-retaining thread to hold the <NODE id="4194" />sensor<NODE id="4200" /> in any intermediate position, and can be used for process pressures up to 116 psi. The pneumatic drive can be used for process pressures up to 232 psi. In assemblies with a pneumatic drive, the service and measuring positions of the <NODE id="4434" />sensor<NODE id="4440" /> are detected and reported to connected monitoring and control systems. For more detailed technical information on the <NODE id="4559" />Cleanfit CPA875<NODE id="4574" /> for food, pharmaceutical, life sciences and specialty chemical industries, please go to the product page at: www.us.endress.com/CPA875 For more detailed technical information on the <NODE id="4757" />Cleanfit CPA871<NODE id="4772" /> for the water and wastewater and general chemical industries, please go to the product page at: www.us.endress.com/CPA871 About <NODE id="4901" />Endress+Hauser<NODE id="4915" /> <NODE id="4916" />Endress+Hauser<NODE id="4930" /> is a global <NODE id="4943" />leader<NODE id="4949" /> in <NODE id="4953" />measurement instrumentation<NODE id="4980" />, services and solutions for <NODE id="5009" />industrial process engineering<NODE id="5039" />. The <NODE id="5045" />Group<NODE id="5050" /> employs 12,000 personnel across the globe, generating net sales of approximately $2.2 billion in 2014. <NODE id="5154" />Endress+Hauser<NODE id="5168" /> <NODE id="5169" />supplies<NODE id="5177" /> <NODE id="5178" />sensors<NODE id="5185" />, <NODE id="5187" />devices<NODE id="5194" />, <NODE id="5196" />systems<NODE id="5203" /> and <NODE id="5208" />services<NODE id="5216" /> for level, flow, pressure and temperature measurement as well as liquid analysis and measured value recording. The <NODE id="5332" />company<NODE id="5339" /> supports <NODE id="5349" />its<NODE id="5352" /> customers with <NODE id="5368" />automation<NODE id="5378" />, <NODE id="5380" />logistical<NODE id="5390" /> and <NODE id="5395" />IT<NODE id="5397" /> <NODE id="5398" />services<NODE id="5406" /> and <NODE id="5411" />solutions<NODE id="5420" />. Contact: Crystal Hunt Senior Public Relations Manager <NODE id="5476" />Endress+Hauser, Inc.<NODE id="5496" /> Phone: 317-535-1306 (office) 317-439-6426 (mobile) Fax: 317-535-2171 crystal.hunt@us.endress.com www.us.endress.com
</TEXT>
<Meta>
<feature featureName="id" featureValue="vico/9abbd6c7-b5ac-3e8a-8e1d-6065844436a7" />
<feature featureName="source" featureValue="sensor_corpus" />
<feature featureName="lang" featureValue="en" />
<feature featureName="pubDate" featureValue="2016-02-05T06:18:43Z" />
<feature featureName="indexDate" featureValue="2016-07-13T11:33:50.132Z" />
<feature featureName="uri" featureValue="http://news.thomasnet.com/fullstory/retractable-sensor-assemblies-eliminate-process-interruption-20053642" />
<feature featureName="solrEventType" featureValue="None" /></Meta><Entities>
<Entity id="0" startPos="45" endPos="52" type="product" surface="Sensors" />
<Entity id="1" startPos="54" endPos="62" type="product" surface="Monitors" />
<Entity id="2" startPos="65" endPos="76" type="product" surface="Transducers" />
<Entity id="3" startPos="115" endPos="122" type="product" surface="Sensors" />
<Entity id="4" startPos="124" endPos="132" type="product" surface="Monitors" />
<Entity id="5" startPos="135" endPos="146" type="product" surface="Transducers" />
<Entity id="6" startPos="147" endPos="176" type="product" surface="Retractable Sensor Assemblies" />
<Entity id="7" startPos="159" endPos="165" type="product" surface="Sensor" />
<Entity id="8" startPos="256" endPos="271" type="product" surface="Cleanfit CPA875" />
<Entity id="9" startPos="276" endPos="300" type="product" surface="CPA871 sensor assemblies" />
<Entity id="10" startPos="283" endPos="289" type="product" surface="sensor" />
<Entity id="11" startPos="302" endPos="304" type="product" surface="pH" />
<Entity id="12" startPos="306" endPos="309" type="product" surface="ORP" />
<Entity id="13" startPos="311" endPos="317" type="product" surface="oxygen" />
<Entity id="14" startPos="323" endPos="334" type="product" surface="NIR sensors" />
<Entity id="15" startPos="327" endPos="334" type="product" surface="sensors" />
<Entity id="16" startPos="391" endPos="397" type="product" surface="sensor" />
<Entity id="17" startPos="443" endPos="465" type="product" surface="retractable assemblies" />
<Entity id="18" startPos="472" endPos="478" type="product" surface="sensor" />
<Entity id="19" startPos="548" endPos="563" type="product" surface="Cleanfit CPA875" />
<Entity id="20" startPos="667" endPos="673" type="product" surface="CPA871" />
<Entity id="21" startPos="761" endPos="775" type="organization" surface="Endress+Hauser" />
<Entity id="22" startPos="776" endPos="786" type="trigger" surface="Introduces" />
<Entity id="23" startPos="787" endPos="825" type="product" surface="Cleanfit Retractable Sensor Assemblies" />
<Entity id="24" startPos="808" endPos="814" type="product" surface="Sensor" />
<Entity id="25" startPos="863" endPos="873" type="product" surface="Assemblies" />
<Entity id="26" startPos="880" endPos="882" type="product" surface="pH" />
<Entity id="27" startPos="884" endPos="887" type="product" surface="ORP" />
<Entity id="28" startPos="889" endPos="895" type="product" surface="oxygen" />
<Entity id="29" startPos="900" endPos="911" type="product" surface="NIR sensors" />
<Entity id="30" startPos="904" endPos="911" type="product" surface="sensors" />
<Entity id="31" startPos="1025" endPos="1039" type="organization" surface="Endress+Hauser" />
<Entity id="32" startPos="1040" endPos="1050" type="trigger" surface="introduces" />
<Entity id="33" startPos="1051" endPos="1066" type="product" surface="Cleanfit CPA875" />
<Entity id="34" startPos="1071" endPos="1095" type="product" surface="CPA871 sensor assemblies" />
<Entity id="35" startPos="1078" endPos="1084" type="product" surface="sensor" />
<Entity id="36" startPos="1107" endPos="1109" type="product" surface="pH" />
<Entity id="37" startPos="1111" endPos="1114" type="product" surface="ORP" />
<Entity id="38" startPos="1116" endPos="1122" type="product" surface="oxygen" />
<Entity id="39" startPos="1127" endPos="1138" type="product" surface="NIR sensors" />
<Entity id="40" startPos="1131" endPos="1138" type="product" surface="sensors" />
<Entity id="41" startPos="1198" endPos="1204" type="product" surface="sensor" />
<Entity id="42" startPos="1262" endPos="1284" type="product" surface="retractable assemblies" />
<Entity id="43" startPos="1295" endPos="1301" type="product" surface="sensor" />
<Entity id="44" startPos="1378" endPos="1393" type="product" surface="Cleanfit CPA875" />
<Entity id="45" startPos="1478" endPos="1485" type="product" surface="sensors" />
<Entity id="46" startPos="1573" endPos="1586" type="product" surface="CPA871 sensor" />
<Entity id="47" startPos="1580" endPos="1586" type="product" surface="sensor" />
<Entity id="48" startPos="1670" endPos="1692" type="product" surface="retractable assemblies" />
<Entity id="49" startPos="1823" endPos="1840" type="product" surface="CPA875 assemblies" />
<Entity id="50" startPos="2075" endPos="2081" type="product" surface="CPA871" />
<Entity id="51" startPos="2119" endPos="2136" type="product" surface="CPA875 assemblies" />
<Entity id="52" startPos="2149" endPos="2154" type="product" surface="their" />
<Entity id="53" startPos="2896" endPos="2913" type="product" surface="CPA875 assemblies" />
<Entity id="54" startPos="3348" endPos="3354" type="product" surface="sensor" />
<Entity id="55" startPos="3495" endPos="3519" type="product" surface="Cleanfit CPA875 assembly" />
<Entity id="56" startPos="3681" endPos="3687" type="product" surface="CPA871" />
<Entity id="57" startPos="4068" endPos="4074" type="product" surface="sensor" />
<Entity id="58" startPos="4068" endPos="4085" type="product" surface="sensor assemblies" />
<Entity id="59" startPos="4194" endPos="4200" type="product" surface="sensor" />
<Entity id="60" startPos="4434" endPos="4440" type="product" surface="sensor" />
<Entity id="61" startPos="4559" endPos="4574" type="product" surface="Cleanfit CPA875" />
<Entity id="62" startPos="4757" endPos="4772" type="product" surface="Cleanfit CPA871" />
<Entity id="63" startPos="4901" endPos="4915" type="organization" surface="Endress+Hauser" />
<Entity id="64" startPos="4916" endPos="4930" type="organization" surface="Endress+Hauser" />
<Entity id="65" startPos="4943" endPos="4949" type="trigger" surface="leader" />
<Entity id="66" startPos="4953" endPos="4980" type="product" surface="measurement instrumentation" />
<Entity id="67" startPos="5009" endPos="5039" type="product" surface="industrial process engineering" />
<Entity id="68" startPos="5045" endPos="5050" type="organization" surface="Group" />
<Entity id="69" startPos="5154" endPos="5168" type="organization" surface="Endress+Hauser" />
<Entity id="70" startPos="5169" endPos="5177" type="trigger" surface="supplies" />
<Entity id="71" startPos="5178" endPos="5185" type="product" surface="sensors" />
<Entity id="72" startPos="5187" endPos="5194" type="product" surface="devices" />
<Entity id="73" startPos="5196" endPos="5203" type="product" surface="systems" />
<Entity id="74" startPos="5208" endPos="5216" type="product" surface="services" />
<Entity id="75" startPos="5332" endPos="5339" type="organization" surface="company" />
<Entity id="76" startPos="5349" endPos="5352" type="organization" surface="its" />
<Entity id="77" startPos="5368" endPos="5378" type="product" surface="automation" />
<Entity id="78" startPos="5380" endPos="5390" type="product" surface="logistical" />
<Entity id="79" startPos="5395" endPos="5397" type="product" surface="IT" />
<Entity id="80" startPos="5398" endPos="5406" type="trigger" surface="services" />
<Entity id="81" startPos="5411" endPos="5420" type="trigger" surface="solutions" />
<Entity id="82" startPos="5476" endPos="5496" type="organization" surface="Endress+Hauser, Inc." /></Entities><Relations>
<Relation id="83" NAME="CompanyProvidesProduct">
<Entity id="23" label="product" />
<Entity id="21" label="company" />
<Entity id="22" label="trigger" />
</Relation>
<Relation id="84" NAME="CompanyProvidesProduct">
<Entity id="34" label="product" />
<Entity id="33" label="product" />
<Entity id="31" label="company" />
<Entity id="32" label="trigger" />
</Relation>
<Relation id="85" NAME="CompanyProvidesProduct">
<Entity id="67" label="product" />
<Entity id="66" label="product" />
<Entity id="64" label="company" />
<Entity id="65" label="trigger" />
</Relation>
<Relation id="86" NAME="CompanyProvidesProduct">
<Entity id="73" label="product" />
<Entity id="72" label="product" />
<Entity id="74" label="product" />
<Entity id="71" label="product" />
<Entity id="69" label="company" />
<Entity id="70" label="trigger" />
</Relation>
<Relation id="87" NAME="CompanyProvidesProduct">
<Entity id="79" label="product" />
<Entity id="78" label="product" />
<Entity id="77" label="product" />
<Entity id="75" label="company" />
<Entity id="80" label="trigger" />
<Entity id="81" label="trigger" />
</Relation>
<Relation id="88" NAME="Identity">
<Entity id="21" label="source" />
<Entity id="31" label="target" />
<Entity id="64" label="target" />
<Entity id="68" label="target" />
<Entity id="63" label="target" />
<Entity id="69" label="target" />
<Entity id="76" label="target" />
<Entity id="75" label="target" />
<Entity id="82" label="target" />
</Relation>
<Relation id="89" NAME="identity">
<Entity id="40" label="product" />
<Entity id="0" label="source" />
<Entity id="59" label="target" />
<Entity id="45" label="target" />
<Entity id="10" label="target" />
<Entity id="30" label="target" />
<Entity id="54" label="target" />
<Entity id="16" label="target" />
<Entity id="60" label="target" />
<Entity id="3" label="target" />
<Entity id="24" label="target" />
<Entity id="71" label="target" />
<Entity id="15" label="target" />
<Entity id="35" label="target" />
<Entity id="57" label="target" />
<Entity id="7" label="target" />
<Entity id="43" label="target" />
<Entity id="18" label="target" />
<Entity id="41" label="target" />
<Entity id="47" label="target" />
</Relation>
<Relation id="90" NAME="identity">
<Entity id="1" label="source" />
<Entity id="4" label="target" />
</Relation>
<Relation id="91" NAME="identity">
<Entity id="2" label="source" />
<Entity id="5" label="target" />
</Relation>
<Relation id="92" NAME="identity">
<Entity id="6" label="source" />
<Entity id="58" label="target" />
<Entity id="25" label="target" />
<Entity id="48" label="target" />
<Entity id="42" label="target" />
<Entity id="17" label="target" />
</Relation>
<Relation id="93" NAME="identity">
<Entity id="8" label="source" />
<Entity id="52" label="target" />
<Entity id="55" label="target" />
<Entity id="49" label="target" />
<Entity id="44" label="target" />
<Entity id="53" label="target" />
<Entity id="51" label="target" />
<Entity id="61" label="target" />
<Entity id="33" label="target" />
<Entity id="19" label="target" />
</Relation>
<Relation id="94" NAME="identity">
<Entity id="9" label="source" />
<Entity id="46" label="target" />
<Entity id="50" label="target" />
<Entity id="62" label="target" />
<Entity id="20" label="target" />
<Entity id="56" label="target" />
<Entity id="34" label="target" />
</Relation>
<Relation id="95" NAME="identity">
<Entity id="11" label="source" />
<Entity id="36" label="target" />
<Entity id="26" label="target" />
</Relation>
<Relation id="96" NAME="identity">
<Entity id="12" label="source" />
<Entity id="27" label="target" />
<Entity id="37" label="target" />
</Relation>
<Relation id="97" NAME="identity">
<Entity id="13" label="source" />
<Entity id="38" label="target" />
<Entity id="28" label="target" />
</Relation>
<Relation id="98" NAME="identity">
<Entity id="14" label="source" />
<Entity id="39" label="target" />
<Entity id="29" label="target" />
</Relation></Relations>
</Document>
