<?xml version="1.0" encoding="UTF-8"?>
<Document>
<TEXT>Q1 2016 EPS Estimates for <NODE id="26" />Sensata Technologies Holding<NODE id="54" /> Reduced by <NODE id="66" />SunTrust<NODE id="74" /> (<NODE id="76" />ST<NODE id="78" />) Posted by Max Byerly on Feb 7th, 2016 // No Comments <NODE id="133" />Sensata Technologies Holding<NODE id="161" /> (<NODE id="163" />NYSE<NODE id="167" />:<NODE id="168" />ST<NODE id="170" />) – Research analysts at <NODE id="195" />SunTrust<NODE id="203" /> lowered <NODE id="212" />their<NODE id="217" /> Q1 2016 earnings per share estimates for <NODE id="259" />Sensata Technologies Holding<NODE id="287" /> in a note issued to investors on Wednesday, <NODE id="332" />Zacks Investment Research<NODE id="357" /> reports. <NODE id="367" />SunTrust<NODE id="375" /> analyst W. Stein now forecasts that the <NODE id="416" />firm<NODE id="420" /> will post earnings per share of $0.64 for the quarter, down from <NODE id="486" />their<NODE id="491" /> prior estimate of $0.69. <NODE id="517" />SunTrust<NODE id="525" /> currently has a Hold rating and a $40.00 price target on the stock. The consensus estimate for <NODE id="621" />Sensata Technologies Holding<NODE id="649" />'s Q1 2016 earnings is $0.64 per share. <NODE id="689" />SunTrust<NODE id="697" /> also issued estimates for <NODE id="724" />Sensata Technologies Holding<NODE id="752" />'s Q2 2016 earnings at $0.68 EPS, Q3 2016 earnings at $0.75 EPS, Q4 2016 earnings at $0.80 EPS, FY2016 earnings at $2.87 EPS, Q1 2017 earnings at $0.78 EPS, Q2 2017 earnings at $0.83 EPS, Q3 2017 earnings at $0.84 EPS, Q4 2017 earnings at $0.87 EPS and FY2017 earnings at $3.33 EPS. <NODE id="1035" />Sensata Technologies Holding<NODE id="1063" /> (<NODE id="1065" />NYSE<NODE id="1069" />:<NODE id="1070" />ST<NODE id="1072" />) last announced <NODE id="1089" />its<NODE id="1092" /> quarterly earnings results on Tuesday, February 2nd. The <NODE id="1150" />company<NODE id="1157" /> reported $0.66 EPS for the quarter, beating the <NODE id="1206" />Thomson Reuters<NODE id="1221" />' consensus estimate of $0.65 by $0.01. The <NODE id="1265" />firm<NODE id="1269" /> earned $726.50 million during the quarter, compared to the consensus estimate of $722.45 million. The <NODE id="1372" />company<NODE id="1379" />'s quarterly revenue was up 3.0% compared to the same quarter last year. During the same period in the previous year, the <NODE id="1501" />firm<NODE id="1505" /> posted $0.57 EPS. Several other equities analysts have also recently issued reports on <NODE id="1593" />ST<NODE id="1595" />. <NODE id="1597" />RBC Capital<NODE id="1608" /> raised <NODE id="1616" />their<NODE id="1621" /> price target on <NODE id="1638" />Sensata Technologies Holding<NODE id="1666" /> from $45.00 to $50.00 and gave the <NODE id="1702" />company<NODE id="1709" /> a sector perform rating in a report on Wednesday, October 28th. <NODE id="1774" />Oppenheimer<NODE id="1785" /> cut <NODE id="1790" />their<NODE id="1795" /> target price on <NODE id="1812" />Sensata Technologies Holding<NODE id="1840" /> from $60.00 to $56.00 and set an outperform rating on the stock in a research note on Wednesday, October 28th. <NODE id="1952" />JPMorgan Chase &amp; Co.<NODE id="1972" /> cut <NODE id="1977" />their<NODE id="1982" /> target price on <NODE id="1999" />Sensata Technologies Holding<NODE id="2027" /> to $61.00 and set an overweight rating on the stock in a research note on Wednesday, October 28th. <NODE id="2127" />Stifel Nicolaus<NODE id="2142" /> cut <NODE id="2147" />their<NODE id="2152" /> target price on <NODE id="2169" />Sensata Technologies Holding<NODE id="2197" /> from $50.00 to $45.00 and set a buy rating on the stock in a research note on Wednesday. Finally, <NODE id="2296" />Morgan Stanley<NODE id="2310" /> reissued an equal weight rating and issued a $47.00 target price (down previously from $50.00) on shares of <NODE id="2419" />Sensata Technologies Holding<NODE id="2447" /> in a research note on Friday. Nine equities research analysts have rated the stock with a hold rating and seven have issued a buy rating to the <NODE id="2592" />company<NODE id="2599" />'s stock. <NODE id="2609" />Sensata Technologies Holding<NODE id="2637" /> presently has a consensus rating of Hold and an average price target of $48.00. Shares of <NODE id="2728" />Sensata Technologies Holding<NODE id="2756" /> ( <NODE id="2759" />NYSE<NODE id="2763" />:<NODE id="2764" />ST<NODE id="2766" /> ) opened at 33.36 on Friday. The <NODE id="2800" />company<NODE id="2807" /> has a 50 day moving average price of $39.64 and a 200 day moving average price of $44.97. The <NODE id="2902" />company<NODE id="2909" /> has a market cap of $5.68 billion and a PE ratio of 16.43. <NODE id="2969" />Sensata Technologies Holding<NODE id="2997" /> has a 52 week low of $32.46 and a 52 week high of $55.53. Several hedge funds and institutional investors have recently bought and sold shares of <NODE id="3144" />ST<NODE id="3146" />. <NODE id="3148" />Stock Yards Bank &amp; Trust Company<NODE id="3180" /> purchased a new position in <NODE id="3209" />Sensata Technologies Holding<NODE id="3237" /> during the fourth quarter worth about $350,000. <NODE id="3286" />BB&amp;T Securities<NODE id="3301" /> increased <NODE id="3312" />its<NODE id="3315" /> position in <NODE id="3328" />Sensata Technologies Holding<NODE id="3356" /> by 15.2% in the fourth quarter. <NODE id="3389" />BB&amp;T Securities<NODE id="3404" /> now owns 8,187 shares of the <NODE id="3434" />company<NODE id="3441" />'s stock worth $377,000 after buying an additional 1,082 shares during the last quarter. <NODE id="3530" />Fourth Swedish National Pension Fund<NODE id="3566" /> increased <NODE id="3577" />its<NODE id="3580" /> position in <NODE id="3593" />Sensata Technologies Holding<NODE id="3621" /> by 7.9% in the fourth quarter. <NODE id="3653" />Fourth Swedish National Pension Fund<NODE id="3689" /> now owns 49,723 shares of the <NODE id="3720" />company<NODE id="3727" />'s stock worth $2,291,000 after buying an additional 3,642 shares during the last quarter. Finally, <NODE id="3827" />Three Peaks Capital Management<NODE id="3857" /> increased <NODE id="3868" />its<NODE id="3871" /> position in <NODE id="3884" />Sensata Technologies Holding<NODE id="3912" /> by 19.4% in the fourth quarter. <NODE id="3945" />Three Peaks Capital Management<NODE id="3975" /> now owns 219,381 shares of the <NODE id="4007" />company<NODE id="4014" />'s stock worth $10,105,000 after buying an additional 35,719 shares during the last quarter. In related news, <NODE id="4124" />SVP Martin J. Carter<NODE id="4144" /> sold 66,000 shares of the stock in a transaction dated Tuesday, November 17th. The stock was sold at an average price of $43.87, for a total transaction of $2,895,420.00. Following the completion of the transaction, the senior vice president now directly owns 38,080 shares in the <NODE id="4426" />company<NODE id="4433" />, valued at $1,670,569.60. The transaction was disclosed in a filing with the <NODE id="4511" />SEC<NODE id="4514" />, which can be accessed through this link . <NODE id="4558" />Sensata Technologies Holding N.V.<NODE id="4591" /> is a global industrial technology company. The <NODE id="4639" />Company<NODE id="4646" /> is engaged in the <NODE id="4665" />development<NODE id="4676" />, <NODE id="4678" />manufacture<NODE id="4689" /> and <NODE id="4694" />sale<NODE id="4698" /> of <NODE id="4702" />sensors<NODE id="4709" /> and <NODE id="4714" />controls<NODE id="4722" />. The <NODE id="4728" />Company<NODE id="4735" />'s<NODE id="4737" /> <NODE id="4738" />operating segments<NODE id="4756" /> include <NODE id="4765" />Sensors<NODE id="4772" /> <NODE id="4773" />segment<NODE id="4780" /> and <NODE id="4785" />Controls<NODE id="4793" /> <NODE id="4794" />segment<NODE id="4801" />. The <NODE id="4807" />Company<NODE id="4814" /> <NODE id="4815" />produce<NODE id="4822" /> <NODE id="4823" />sensors<NODE id="4830" /> and <NODE id="4835" />controls<NODE id="4843" /> for applications such as <NODE id="4869" />thermal circuit breakers<NODE id="4893" /> in <NODE id="4897" />aircraft<NODE id="4905" />, <NODE id="4907" />pressure <NODE id="4916" />sensors<NODE id="4923" /> in automotive systems, and <NODE id="4951" />bimetal current<NODE id="4966" /> and <NODE id="4971" />temperature <NODE id="4983" />control devices<NODE id="4998" /> in <NODE id="5002" />electric motors<NODE id="5017" />. document.write(‘ ‘); Get a free copy of the <NODE id="5063" />Zacks<NODE id="5068" /> <NODE id="5069" />research report<NODE id="5084" /> on <NODE id="5088" />Sensata Technologies Holding<NODE id="5116" /> (<NODE id="5118" />ST<NODE id="5120" />) For more information about <NODE id="5149" />research offerings<NODE id="5167" /> <NODE id="5168" />from<NODE id="5172" /> <NODE id="5173" />Zacks Investment Research<NODE id="5198" />, visit <NODE id="5206" />Zacks.com<NODE id="5215" /> Receive News &amp; Ratings for <NODE id="5243" />Sensata Technologies Holding<NODE id="5271" /> Daily - Enter your email address below to receive a concise daily summary of the latest news and analysts' ratings for <NODE id="5391" />Sensata Technologies Holding<NODE id="5419" /> and related companies with <NODE id="5447" />MarketBeat.com<NODE id="5461" />'s FREE daily email newsletter . Advertisement
</TEXT>
<Meta>
<feature featureName="id" featureValue="vico/474ffe61-cdbd-36ea-8666-5df2ddaa93b4" />
<feature featureName="source" featureValue="sensor_corpus" />
<feature featureName="lang" featureValue="en" />
<feature featureName="pubDate" featureValue="2016-02-07T18:19:25Z" />
<feature featureName="indexDate" featureValue="2016-07-13T11:02:11.627Z" />
<feature featureName="uri" featureValue="http://www.tickerreport.com/banking-finance/1361480/q1-2016-eps-estimates-for-sensata-technologies-holding-reduced-by-suntrust-st/" />
<feature featureName="solrEventType" featureValue="None" /></Meta><Entities>
<Entity id="0" startPos="26" endPos="54" type="organization" surface="Sensata Technologies Holding" />
<Entity id="1" startPos="66" endPos="74" type="organization" surface="SunTrust" />
<Entity id="2" startPos="76" endPos="78" type="organization" surface="ST" />
<Entity id="3" startPos="133" endPos="161" type="organization" surface="Sensata Technologies Holding" />
<Entity id="4" startPos="163" endPos="167" type="organization" surface="NYSE" />
<Entity id="5" startPos="168" endPos="170" type="organization" surface="ST" />
<Entity id="6" startPos="195" endPos="203" type="organization" surface="SunTrust" />
<Entity id="7" startPos="212" endPos="217" type="organization" surface="their" />
<Entity id="8" startPos="259" endPos="287" type="organization" surface="Sensata Technologies Holding" />
<Entity id="9" startPos="332" endPos="357" type="organization" surface="Zacks Investment Research" />
<Entity id="10" startPos="367" endPos="375" type="organization" surface="SunTrust" />
<Entity id="11" startPos="416" endPos="420" type="organization" surface="firm" />
<Entity id="12" startPos="486" endPos="491" type="organization" surface="their" />
<Entity id="13" startPos="517" endPos="525" type="organization" surface="SunTrust" />
<Entity id="14" startPos="621" endPos="649" type="organization" surface="Sensata Technologies Holding" />
<Entity id="15" startPos="689" endPos="697" type="organization" surface="SunTrust" />
<Entity id="16" startPos="724" endPos="752" type="organization" surface="Sensata Technologies Holding" />
<Entity id="17" startPos="1035" endPos="1063" type="organization" surface="Sensata Technologies Holding" />
<Entity id="18" startPos="1065" endPos="1069" type="organization" surface="NYSE" />
<Entity id="19" startPos="1070" endPos="1072" type="organization" surface="ST" />
<Entity id="20" startPos="1089" endPos="1092" type="organization" surface="its" />
<Entity id="21" startPos="1150" endPos="1157" type="organization" surface="company" />
<Entity id="22" startPos="1206" endPos="1221" type="organization" surface="Thomson Reuters" />
<Entity id="23" startPos="1265" endPos="1269" type="organization" surface="firm" />
<Entity id="24" startPos="1372" endPos="1379" type="organization" surface="company" />
<Entity id="25" startPos="1501" endPos="1505" type="organization" surface="firm" />
<Entity id="26" startPos="1593" endPos="1595" type="organization" surface="ST" />
<Entity id="27" startPos="1597" endPos="1608" type="organization" surface="RBC Capital" />
<Entity id="28" startPos="1616" endPos="1621" type="organization" surface="their" />
<Entity id="29" startPos="1638" endPos="1666" type="organization" surface="Sensata Technologies Holding" />
<Entity id="30" startPos="1702" endPos="1709" type="organization" surface="company" />
<Entity id="31" startPos="1774" endPos="1785" type="organization" surface="Oppenheimer" />
<Entity id="32" startPos="1790" endPos="1795" type="organization" surface="their" />
<Entity id="33" startPos="1812" endPos="1840" type="organization" surface="Sensata Technologies Holding" />
<Entity id="34" startPos="1952" endPos="1972" type="organization" surface="JPMorgan Chase &amp; Co." />
<Entity id="35" startPos="1977" endPos="1982" type="organization" surface="their" />
<Entity id="36" startPos="1999" endPos="2027" type="organization" surface="Sensata Technologies Holding" />
<Entity id="37" startPos="2127" endPos="2142" type="organization" surface="Stifel Nicolaus" />
<Entity id="38" startPos="2147" endPos="2152" type="organization" surface="their" />
<Entity id="39" startPos="2169" endPos="2197" type="organization" surface="Sensata Technologies Holding" />
<Entity id="40" startPos="2296" endPos="2310" type="organization" surface="Morgan Stanley" />
<Entity id="41" startPos="2419" endPos="2447" type="organization" surface="Sensata Technologies Holding" />
<Entity id="42" startPos="2592" endPos="2599" type="organization" surface="company" />
<Entity id="43" startPos="2609" endPos="2637" type="organization" surface="Sensata Technologies Holding" />
<Entity id="44" startPos="2728" endPos="2756" type="organization" surface="Sensata Technologies Holding" />
<Entity id="45" startPos="2759" endPos="2763" type="organization" surface="NYSE" />
<Entity id="46" startPos="2764" endPos="2766" type="organization" surface="ST" />
<Entity id="47" startPos="2800" endPos="2807" type="organization" surface="company" />
<Entity id="48" startPos="2902" endPos="2909" type="organization" surface="company" />
<Entity id="49" startPos="2969" endPos="2997" type="organization" surface="Sensata Technologies Holding" />
<Entity id="50" startPos="3144" endPos="3146" type="organization" surface="ST" />
<Entity id="51" startPos="3148" endPos="3180" type="organization" surface="Stock Yards Bank &amp; Trust Company" />
<Entity id="52" startPos="3209" endPos="3237" type="organization" surface="Sensata Technologies Holding" />
<Entity id="53" startPos="3286" endPos="3301" type="organization" surface="BB&amp;T Securities" />
<Entity id="54" startPos="3312" endPos="3315" type="organization" surface="its" />
<Entity id="55" startPos="3328" endPos="3356" type="organization" surface="Sensata Technologies Holding" />
<Entity id="56" startPos="3389" endPos="3404" type="organization" surface="BB&amp;T Securities" />
<Entity id="57" startPos="3434" endPos="3441" type="organization" surface="company" />
<Entity id="58" startPos="3530" endPos="3566" type="organization" surface="Fourth Swedish National Pension Fund" />
<Entity id="59" startPos="3577" endPos="3580" type="organization" surface="its" />
<Entity id="60" startPos="3593" endPos="3621" type="organization" surface="Sensata Technologies Holding" />
<Entity id="61" startPos="3653" endPos="3689" type="organization" surface="Fourth Swedish National Pension Fund" />
<Entity id="62" startPos="3720" endPos="3727" type="organization" surface="company" />
<Entity id="63" startPos="3827" endPos="3857" type="organization" surface="Three Peaks Capital Management" />
<Entity id="64" startPos="3868" endPos="3871" type="organization" surface="its" />
<Entity id="65" startPos="3884" endPos="3912" type="organization" surface="Sensata Technologies Holding" />
<Entity id="66" startPos="3945" endPos="3975" type="organization" surface="Three Peaks Capital Management" />
<Entity id="67" startPos="4007" endPos="4014" type="organization" surface="company" />
<Entity id="68" startPos="4124" endPos="4144" type="organization" surface="SVP Martin J. Carter" />
<Entity id="69" startPos="4426" endPos="4433" type="organization" surface="company" />
<Entity id="70" startPos="4511" endPos="4514" type="organization" surface="SEC" />
<Entity id="71" startPos="4558" endPos="4591" type="organization" surface="Sensata Technologies Holding N.V." />
<Entity id="72" startPos="4639" endPos="4646" type="organization" surface="Company" />
<Entity id="73" startPos="4665" endPos="4676" type="trigger" surface="development" />
<Entity id="74" startPos="4678" endPos="4689" type="trigger" surface="manufacture" />
<Entity id="75" startPos="4694" endPos="4698" type="trigger" surface="sale" />
<Entity id="76" startPos="4702" endPos="4709" type="product" surface="sensors" />
<Entity id="77" startPos="4714" endPos="4722" type="product" surface="controls" />
<Entity id="78" startPos="4728" endPos="4735" type="organization" surface="Company" />
<Entity id="79" startPos="4735" endPos="4737" type="trigger" surface="'s" />
<Entity id="80" startPos="4738" endPos="4756" type="trigger" surface="operating segments" />
<Entity id="81" startPos="4765" endPos="4772" type="product" surface="Sensors" />
<Entity id="82" startPos="4773" endPos="4780" type="trigger" surface="segment" />
<Entity id="83" startPos="4785" endPos="4793" type="product" surface="Controls" />
<Entity id="84" startPos="4794" endPos="4801" type="trigger" surface="segment" />
<Entity id="85" startPos="4807" endPos="4814" type="organization" surface="Company" />
<Entity id="86" startPos="4815" endPos="4822" type="trigger" surface="produce" />
<Entity id="87" startPos="4823" endPos="4830" type="product" surface="sensors" />
<Entity id="88" startPos="4835" endPos="4843" type="product" surface="controls" />
<Entity id="89" startPos="4869" endPos="4893" type="product" surface="thermal circuit breakers" />
<Entity id="90" startPos="4897" endPos="4905" type="product" surface="aircraft" />
<Entity id="91" startPos="4907" endPos="4923" type="product" surface="pressure sensors" />
<Entity id="92" startPos="4916" endPos="4923" type="product" surface="sensors" />
<Entity id="93" startPos="4951" endPos="4966" type="product" surface="bimetal current" />
<Entity id="94" startPos="4971" endPos="4998" type="product" surface="temperature control devices" />
<Entity id="95" startPos="4983" endPos="4998" type="product" surface="control devices" />
<Entity id="96" startPos="5002" endPos="5017" type="product" surface="electric motors" />
<Entity id="97" startPos="5063" endPos="5068" type="organization" surface="Zacks" />
<Entity id="98" startPos="5069" endPos="5084" type="product" surface="research report" />
<Entity id="99" startPos="5088" endPos="5116" type="organization" surface="Sensata Technologies Holding" />
<Entity id="100" startPos="5118" endPos="5120" type="organization" surface="ST" />
<Entity id="101" startPos="5149" endPos="5167" type="product" surface="research offerings" />
<Entity id="102" startPos="5168" endPos="5172" type="trigger" surface="from" />
<Entity id="103" startPos="5173" endPos="5198" type="organization" surface="Zacks Investment Research" />
<Entity id="104" startPos="5206" endPos="5215" type="organization" surface="Zacks.com" />
<Entity id="105" startPos="5243" endPos="5271" type="organization" surface="Sensata Technologies Holding" />
<Entity id="106" startPos="5391" endPos="5419" type="organization" surface="Sensata Technologies Holding" />
<Entity id="107" startPos="5447" endPos="5461" type="organization" surface="MarketBeat.com" /></Entities><Relations>
<Relation id="108" NAME="CompanyProvidesProduct">
<Entity id="76" label="product" />
<Entity id="77" label="product" />
<Entity id="72" label="company" />
<Entity id="73" label="trigger" />
<Entity id="75" label="trigger" />
<Entity id="74" label="trigger" />
</Relation>
<Relation id="109" NAME="CompanyProvidesProduct">
<Entity id="83" label="product" />
<Entity id="81" label="product" />
<Entity id="78" label="company" />
<Entity id="82" label="trigger" />
<Entity id="80" label="trigger" />
<Entity id="79" label="trigger" />
<Entity id="84" label="trigger" />
</Relation>
<Relation id="110" NAME="CompanyProvidesProduct">
<Entity id="87" label="product" />
<Entity id="88" label="product" />
<Entity id="85" label="company" />
<Entity id="86" label="trigger" />
</Relation>
<Relation id="111" NAME="CompanyProvidesProduct">
<Entity id="98" label="product" />
<Entity id="97" label="company" />
</Relation>
<Relation id="112" NAME="CompanyProvidesProduct">
<Entity id="101" label="product" />
<Entity id="103" label="company" />
<Entity id="102" label="trigger" />
</Relation>
<Relation id="113" NAME="Identity">
<Entity id="9" label="source" />
<Entity id="103" label="target" />
<Entity id="104" label="target" />
<Entity id="97" label="target" />
</Relation>
<Relation id="114" NAME="Identity">
<Entity id="27" label="source" />
<Entity id="28" label="target" />
</Relation>
<Relation id="115" NAME="Identity">
<Entity id="31" label="source" />
<Entity id="32" label="target" />
</Relation>
<Relation id="116" NAME="Identity">
<Entity id="34" label="source" />
<Entity id="35" label="target" />
</Relation>
<Relation id="117" NAME="Identity">
<Entity id="37" label="source" />
<Entity id="38" label="target" />
</Relation>
<Relation id="118" NAME="Identity">
<Entity id="53" label="source" />
<Entity id="56" label="target" />
<Entity id="54" label="target" />
</Relation>
<Relation id="119" NAME="Identity">
<Entity id="58" label="source" />
<Entity id="59" label="target" />
<Entity id="61" label="target" />
</Relation>
<Relation id="120" NAME="Identity">
<Entity id="63" label="source" />
<Entity id="64" label="target" />
<Entity id="66" label="target" />
</Relation>
<Relation id="121" NAME="identity">
<Entity id="0" label="source" />
<Entity id="71" label="target" />
<Entity id="25" label="target" />
<Entity id="57" label="target" />
<Entity id="23" label="target" />
<Entity id="8" label="target" />
<Entity id="72" label="target" />
<Entity id="55" label="target" />
<Entity id="41" label="target" />
<Entity id="78" label="target" />
<Entity id="48" label="target" />
<Entity id="14" label="target" />
<Entity id="99" label="target" />
<Entity id="21" label="target" />
<Entity id="105" label="target" />
<Entity id="5" label="target" />
<Entity id="20" label="target" />
<Entity id="19" label="target" />
<Entity id="36" label="target" />
<Entity id="60" label="target" />
<Entity id="106" label="target" />
<Entity id="100" label="target" />
<Entity id="69" label="target" />
<Entity id="46" label="target" />
<Entity id="43" label="target" />
<Entity id="24" label="target" />
<Entity id="16" label="target" />
<Entity id="49" label="target" />
<Entity id="29" label="target" />
<Entity id="39" label="target" />
<Entity id="85" label="target" />
<Entity id="67" label="target" />
<Entity id="52" label="target" />
<Entity id="33" label="target" />
<Entity id="12" label="target" />
<Entity id="62" label="target" />
<Entity id="44" label="target" />
<Entity id="30" label="target" />
<Entity id="65" label="target" />
<Entity id="3" label="target" />
<Entity id="47" label="target" />
<Entity id="11" label="target" />
<Entity id="17" label="target" />
<Entity id="42" label="target" />
</Relation>
<Relation id="122" NAME="identity">
<Entity id="1" label="source" />
<Entity id="10" label="target" />
<Entity id="2" label="target" />
<Entity id="6" label="target" />
<Entity id="15" label="target" />
<Entity id="7" label="target" />
</Relation>
<Relation id="123" NAME="identity">
<Entity id="4" label="source" />
<Entity id="18" label="target" />
<Entity id="45" label="target" />
</Relation>
<Relation id="124" NAME="identity">
<Entity id="76" label="source" />
<Entity id="87" label="target" />
<Entity id="92" label="target" />
<Entity id="81" label="target" />
</Relation>
<Relation id="125" NAME="identity">
<Entity id="77" label="source" />
<Entity id="83" label="target" />
<Entity id="95" label="target" />
<Entity id="88" label="target" />
</Relation></Relations>
</Document>
