<?xml version="1.0" encoding="UTF-8"?>
<Document>
<TEXT>Product Page The <NODE id="17" />APR<NODE id="20" /> Intercooler System<NODE id="39" /> is a massive front mounted upgrade that dramatically reduces intake air temperature (IAT), minimizes heat soak, and provides increased performance! The <NODE id="192" />system<NODE id="198" /> is an easy to install, direct bolt-on design, that is recommended at every stage of performance. Quick Facts: Dramatically lowers intake air temp (IAT) Increases horsepower while minimizing power-robbing heat soak! 17 horsepower gain over the factory system! Massive frontal surface area and core volume 2.50 x 5.50 x 26.00 - 13.75 in² frontal &amp; 357.0 in³ volume - OEM 2.25 x 16.2 x 22.00 - 36.45 in² frontal &amp; 801.9 in³ volume - <NODE id="629" />APR<NODE id="632" /> Highly effective core design Bar-and-plate core with staggered and louvered fins. Rigorous testing determined core style, fin density, and size. Low pressure drop + highly effective cooling=high performance! Smooth cast end tanks Engineered for low turbulence/restriction and maximum flow. Organically shaped to promote airflow across entire core. Pressure tested to prevent power robbing boost leaks. Easy to install With the bumper removed, install takes minutes! No trimming or drilling necessary! Full directions and <NODE id="1154" />APR<NODE id="1157" /> world-renowned customer support included Designed by engineers with lasers With the best equipment and smartest engineers, it just works! Design Unfortunately, to the untrained eye, many intercooler designs appear the same. However, effectiveness of the system and overall performance are greatly determined by several key metrics. Alloy selection, end tank design, construction type, fin style, fin density and overall core dimensions must be analyzed and balanced accordingly to deliver class-leading performance. While the OEM's goal is to create a lightweight, easy to manufacture and inexpensive to produce, cross-platform design capable of supporting factory power levels, <NODE id="1837" />APR<NODE id="1840" />'s<NODE id="1842" /> <NODE id="1843" />intercooler<NODE id="1854" /> must be capable of supporting more than double the factory output. Achieving this goal took a multi-step approach focused around intercooler core selection, end tank design and install location. Intercooler Core Design The <NODE id="2078" />APR<NODE id="2081" /> Intercooler<NODE id="2093" /> core is a large bar-and-plate design featuring densely packed staggered and louvered fins. This design offers exceptional cooling while balancing pressure loss across the core, and maintaining critical airflow to the components behind the <NODE id="2333" />intercooler<NODE id="2344" /> system. The core size was appropriately matched to the platform, minimizing pressure drop while leaving adequate space for appropriately designed end tanks. To <NODE id="2505" />APR<NODE id="2508" />'s mechanical engineering experts, the design represented the ultimate in performance, far exceeding the capabilities of the factory intercooler. To the driver, the result is simple: Repeatable performance, even in the most demanding of situations! Core Style / Internal Fin Structure: <NODE id="2794" />APR<NODE id="2797" />'s Engineers paid close attention to the balance between core effectiveness and pressure drop through the core, core style and fin density. With fin density too low, pressure drop decreases dramatically, but typically results in a core incapable of effectively cooling. Likewise, with fin density too great, pressure drop increases dramatically, resulting in the turbocharger working harder, and hotter, to produce the same level of airflow. By fine tuning this often unseen balancing act, as illustrated below, <NODE id="3309" />APR<NODE id="3312" />'s Engineers were able to maximize performance. Internal Fin Structure Core Size: <NODE id="3394" />APR<NODE id="3397" />'s Engineers also paid close attention to the balancing act between core effectiveness, pressure drop and space for end tanks through core sizing. With the core too small, pressure drop decreases dramatically, but typically results in a core incapable of effectively cooling. Likewise, with core size too great, pressure drop can increase, resulting in the turbocharger working harder. However, more importantly, with no space for appropriate end tanks, utilization of the core and overall effectiveness of the system diminishes rapidly, negating the benefit of the larger core. <NODE id="3976" />APR<NODE id="3979" />'s engineers were able to balance each of these characteristics to deliver maximum performance. The <NODE id="4079" />APR<NODE id="4082" /> system<NODE id="4089" /> increases frontal surface area by 165.09% and has a 124.31% larger core! <NODE id="4163" />Intercooler<NODE id="4174" /> End Tank Design To fully utilize the massive core, <NODE id="4226" />APR<NODE id="4229" />'s mechanical engineers designed cast aluminum end tanks organically shaped for proper airflow distribution across the entire core. By correctly sizing the <NODE id="4385" />intercooler<NODE id="4396" /> core, end tank design was not sacrificed. The one-piece end tanks are CNC machined to provide a slip resistant mounting surface for hoses, precise integrated mounting surfaces, and perfectly flat connecting surfaces used for TIG welding the tanks to the core. Through proper alignment in welding jigs, each unit is assembled to tight tolerances for a precise and accurate fit. <NODE id="4774" />Intercooler<NODE id="4785" /> Bracket Design <NODE id="4801" />APR<NODE id="4804" />'s mechanical engineers designed CNC-bent and TIG-welded mounting brackets to securely hold the <NODE id="4900" />intercooler<NODE id="4911" /> in place. The brackets make the install extremely easy. With the bumper and factory intercooler unit removed, the <NODE id="5026" />APR<NODE id="5029" /> intercooler<NODE id="5041" /> installs in minutes without any cutting, drilling or trimming. For the DIY customer, this makes a home install simple, and for everyone else it eliminates hidden costs that often come with a more labor intensive install. Testing Internally <NODE id="5282" />APR<NODE id="5285" /> conducted a multitude of tests both on the street and on the dyno with <NODE id="5357" />thermocouples<NODE id="5370" /> and <NODE id="5375" />pressure transducers<NODE id="5395" /> placed at the inlet and outlet of the <NODE id="5434" />intercooler<NODE id="5445" /> during the design phase. Data from these testes were used to chose the <NODE id="5517" />intercooler<NODE id="5528" /> core available today. With the <NODE id="5560" />intercooler<NODE id="5571" /> in <NODE id="5575" />it's<NODE id="5579" /> final production form, tests were conducted against the factory to measure the effectiveness of each system. Testing conducted on the dyno provided a semi controlled environment for back-to-back stress testing the two systems. Utilizing a B8 A4 2.0T 6MT at APR Stage II power levels, six back-to-back twelve second dyno pulls were conducted with only 5 seconds of cool down times between runs. <NODE id="5974" />APR<NODE id="5977" />'s<NODE id="5979" /> <NODE id="5980" />ECU Explorer<NODE id="5992" /> high resolution datalogging system was used for raw sensor data collection. The <NODE id="6073" />APR<NODE id="6076" /> intercooler<NODE id="6088" /> saw a beginning IAT of 29.25 °C that quickly dropped to 25.50 °C by the end of the first run and settled at only 34.50 °C by the end of the sixth run. The system effectively rejected heat soak and produced consistent dyno results. In stark contrast, the <NODE id="6343" />factory intercooler<NODE id="6362" /> system did far worse. With a <NODE id="6392" />cooler<NODE id="6398" /> beginning IAT of 27 °C, temperature rose to a staggering 42.5 °C after only the first run, already resulting in a poorer IAT than the <NODE id="6533" />APR<NODE id="6536" /> intercooler<NODE id="6548" /> after six back-to-back runs! As testing continued, it was clear the <NODE id="6617" />factory intercooler<NODE id="6636" /> system was not built with performance in mind. IAT's continued to rise, ending at 57.75 °C; an additional 23.25 °C higher than the <NODE id="6768" />APR<NODE id="6771" /> system! This translated to a final gain of 17 AWHP over the <NODE id="6832" />factory intercooler<NODE id="6851" /> by the sixth run while the power only varied by under 3 AWHP across all six runs with the <NODE id="6942" />APR<NODE id="6945" /> Intercooler<NODE id="6957" />. Application Guide <NODE id="6977" />Audi<NODE id="6981" /> A4<NODE id="6984" /> / Allroad (Typ 8K - B8 / B8.5) <NODE id="7016" />Audi<NODE id="7020" /> A5<NODE id="7023" /> (Typ 8T - B8 / B8.5) <NODE id="7045" />Audi<NODE id="7049" /> Q5<NODE id="7052" /> (Typ 8U - B8 / B8.5) - In Development 1.8 TFSI and 2.0 TFSI Engines All Transmissions Does not fit <NODE id="7152" />vehicles<NODE id="7160" /> with the extra <NODE id="7176" />Audi<NODE id="7180" /> Drive Select <NODE id="7194" />cooler<NODE id="7200" /> above the factory crash bar. Price $899.99 Where to Purchase Locate an <NODE id="7272" />APR<NODE id="7275" /> Dealer Go <NODE id="7286" />APR<NODE id="7289" />!
</TEXT>
<Meta>
<feature featureName="id" featureValue="vico/bad916bb-b282-304b-be2d-8e36713e51ac" />
<feature featureName="source" featureValue="sensor_corpus" />
<feature featureName="lang" featureValue="en" />
<feature featureName="pubDate" featureValue="2016-02-03T17:31:00Z" />
<feature featureName="indexDate" featureValue="2016-07-13T11:46:11.415Z" />
<feature featureName="uri" featureValue="http://forums.quattroworld.com/a4b8/msgs/7766.phtml" />
<feature featureName="solrEventType" featureValue="None" /></Meta><Entities>
<Entity id="0" startPos="17" endPos="20" type="organization" surface="APR" />
<Entity id="1" startPos="17" endPos="39" type="product" surface="APR Intercooler System" />
<Entity id="2" startPos="192" endPos="198" type="product" surface="system" />
<Entity id="3" startPos="629" endPos="632" type="organization" surface="APR" />
<Entity id="4" startPos="1154" endPos="1157" type="organization" surface="APR" />
<Entity id="5" startPos="1837" endPos="1840" type="organization" surface="APR" />
<Entity id="6" startPos="1840" endPos="1842" type="trigger" surface="'s" />
<Entity id="7" startPos="1843" endPos="1854" type="product" surface="intercooler" />
<Entity id="8" startPos="2078" endPos="2081" type="organization" surface="APR" />
<Entity id="9" startPos="2078" endPos="2093" type="product" surface="APR Intercooler" />
<Entity id="10" startPos="2333" endPos="2344" type="product" surface="intercooler" />
<Entity id="11" startPos="2505" endPos="2508" type="organization" surface="APR" />
<Entity id="12" startPos="2794" endPos="2797" type="organization" surface="APR" />
<Entity id="13" startPos="3309" endPos="3312" type="organization" surface="APR" />
<Entity id="14" startPos="3394" endPos="3397" type="organization" surface="APR" />
<Entity id="15" startPos="3976" endPos="3979" type="organization" surface="APR" />
<Entity id="16" startPos="4079" endPos="4082" type="organization" surface="APR" />
<Entity id="17" startPos="4079" endPos="4089" type="product" surface="APR system" />
<Entity id="18" startPos="4163" endPos="4174" type="product" surface="Intercooler" />
<Entity id="19" startPos="4226" endPos="4229" type="organization" surface="APR" />
<Entity id="20" startPos="4385" endPos="4396" type="product" surface="intercooler" />
<Entity id="21" startPos="4774" endPos="4785" type="product" surface="Intercooler" />
<Entity id="22" startPos="4801" endPos="4804" type="organization" surface="APR" />
<Entity id="23" startPos="4900" endPos="4911" type="product" surface="intercooler" />
<Entity id="24" startPos="5026" endPos="5029" type="organization" surface="APR" />
<Entity id="25" startPos="5026" endPos="5041" type="product" surface="APR intercooler" />
<Entity id="26" startPos="5282" endPos="5285" type="organization" surface="APR" />
<Entity id="27" startPos="5357" endPos="5370" type="product" surface="thermocouples" />
<Entity id="28" startPos="5375" endPos="5395" type="product" surface="pressure transducers" />
<Entity id="29" startPos="5434" endPos="5445" type="product" surface="intercooler" />
<Entity id="30" startPos="5517" endPos="5528" type="product" surface="intercooler" />
<Entity id="31" startPos="5560" endPos="5571" type="product" surface="intercooler" />
<Entity id="32" startPos="5575" endPos="5579" type="product" surface="it's" />
<Entity id="33" startPos="5974" endPos="5977" type="organization" surface="APR" />
<Entity id="34" startPos="5977" endPos="5979" type="trigger" surface="'s" />
<Entity id="35" startPos="5980" endPos="5992" type="product" surface="ECU Explorer" />
<Entity id="36" startPos="6073" endPos="6076" type="organization" surface="APR" />
<Entity id="37" startPos="6073" endPos="6088" type="product" surface="APR intercooler" />
<Entity id="38" startPos="6343" endPos="6362" type="product" surface="factory intercooler" />
<Entity id="39" startPos="6392" endPos="6398" type="product" surface="cooler" />
<Entity id="40" startPos="6533" endPos="6536" type="organization" surface="APR" />
<Entity id="41" startPos="6533" endPos="6548" type="product" surface="APR intercooler" />
<Entity id="42" startPos="6617" endPos="6636" type="product" surface="factory intercooler" />
<Entity id="43" startPos="6768" endPos="6771" type="organization" surface="APR" />
<Entity id="44" startPos="6832" endPos="6851" type="product" surface="factory intercooler" />
<Entity id="45" startPos="6942" endPos="6945" type="organization" surface="APR" />
<Entity id="46" startPos="6942" endPos="6957" type="product" surface="APR Intercooler" />
<Entity id="47" startPos="6977" endPos="6981" type="organization" surface="Audi" />
<Entity id="48" startPos="6977" endPos="6984" type="product" surface="Audi A4" />
<Entity id="49" startPos="7016" endPos="7020" type="organization" surface="Audi" />
<Entity id="50" startPos="7016" endPos="7023" type="product" surface="Audi A5" />
<Entity id="51" startPos="7045" endPos="7049" type="organization" surface="Audi" />
<Entity id="52" startPos="7045" endPos="7052" type="product" surface="Audi Q5" />
<Entity id="53" startPos="7152" endPos="7160" type="product" surface="vehicles" />
<Entity id="54" startPos="7176" endPos="7180" type="organization" surface="Audi" />
<Entity id="55" startPos="7194" endPos="7200" type="product" surface="cooler" />
<Entity id="56" startPos="7272" endPos="7275" type="organization" surface="APR" />
<Entity id="57" startPos="7286" endPos="7289" type="organization" surface="APR" /></Entities><Relations>
<Relation id="58" NAME="CompanyProvidesProduct">
<Entity id="1" label="product" />
<Entity id="0" label="company" />
</Relation>
<Relation id="59" NAME="CompanyProvidesProduct">
<Entity id="7" label="product" />
<Entity id="5" label="company" />
<Entity id="6" label="trigger" />
</Relation>
<Relation id="60" NAME="CompanyProvidesProduct">
<Entity id="9" label="product" />
<Entity id="8" label="company" />
</Relation>
<Relation id="61" NAME="CompanyProvidesProduct">
<Entity id="17" label="product" />
<Entity id="16" label="company" />
</Relation>
<Relation id="62" NAME="CompanyProvidesProduct">
<Entity id="25" label="product" />
<Entity id="24" label="company" />
</Relation>
<Relation id="63" NAME="CompanyProvidesProduct">
<Entity id="35" label="product" />
<Entity id="33" label="company" />
<Entity id="34" label="trigger" />
</Relation>
<Relation id="64" NAME="CompanyProvidesProduct">
<Entity id="37" label="product" />
<Entity id="36" label="company" />
</Relation>
<Relation id="65" NAME="CompanyProvidesProduct">
<Entity id="41" label="product" />
<Entity id="40" label="company" />
</Relation>
<Relation id="66" NAME="CompanyProvidesProduct">
<Entity id="46" label="product" />
<Entity id="45" label="company" />
</Relation>
<Relation id="67" NAME="CompanyProvidesProduct">
<Entity id="48" label="product" />
<Entity id="47" label="company" />
</Relation>
<Relation id="68" NAME="CompanyProvidesProduct">
<Entity id="50" label="product" />
<Entity id="49" label="company" />
</Relation>
<Relation id="69" NAME="CompanyProvidesProduct">
<Entity id="52" label="product" />
<Entity id="51" label="company" />
</Relation>
<Relation id="70" NAME="Identity">
<Entity id="0" label="source" />
<Entity id="3" label="target" />
<Entity id="36" label="target" />
<Entity id="45" label="target" />
<Entity id="40" label="target" />
<Entity id="14" label="target" />
<Entity id="8" label="target" />
<Entity id="57" label="target" />
<Entity id="24" label="target" />
<Entity id="43" label="target" />
<Entity id="33" label="target" />
<Entity id="26" label="target" />
<Entity id="22" label="target" />
<Entity id="19" label="target" />
<Entity id="56" label="target" />
<Entity id="12" label="target" />
<Entity id="5" label="target" />
<Entity id="4" label="target" />
<Entity id="13" label="target" />
<Entity id="15" label="target" />
<Entity id="16" label="target" />
</Relation>
<Relation id="71" NAME="Identity">
<Entity id="47" label="source" />
<Entity id="49" label="target" />
<Entity id="51" label="target" />
<Entity id="54" label="target" />
</Relation>
<Relation id="72" NAME="identity">
<Entity id="1" label="source" />
<Entity id="46" label="target" />
<Entity id="23" label="target" />
<Entity id="2" label="target" />
<Entity id="25" label="target" />
<Entity id="10" label="target" />
<Entity id="17" label="target" />
<Entity id="32" label="target" />
<Entity id="7" label="target" />
<Entity id="31" label="target" />
<Entity id="18" label="target" />
<Entity id="41" label="target" />
<Entity id="37" label="target" />
<Entity id="21" label="target" />
<Entity id="9" label="target" />
<Entity id="30" label="target" />
<Entity id="20" label="target" />
<Entity id="29" label="target" />
</Relation>
<Relation id="73" NAME="identity">
<Entity id="38" label="source" />
<Entity id="44" label="target" />
<Entity id="55" label="target" />
<Entity id="39" label="target" />
<Entity id="42" label="target" />
</Relation></Relations>
</Document>
