<?xml version="1.0" encoding="UTF-8"?>
<Document>
<TEXT><NODE id="0" />Sensata Technologies Holding<NODE id="28" /> (<NODE id="30" />NYSE<NODE id="34" />:<NODE id="35" />ST<NODE id="37" />) was downgraded by <NODE id="57" />Atlantic Securities<NODE id="76" /> from an overweight rating to a neutral rating in a research note issued to investors on Thursday, <NODE id="175" />The Fly<NODE id="182" /> reports. Shares of <NODE id="202" />Sensata Technologies Holding<NODE id="230" /> ( <NODE id="233" />NYSE<NODE id="237" />:<NODE id="238" />ST<NODE id="240" /> ) traded down 4.65% on Thursday, reaching $31.81. 1,237,122 shares of the <NODE id="315" />company<NODE id="322" />'s stock were exchanged. <NODE id="347" />Sensata Technologies Holding<NODE id="375" /> has a one year low of $31.60 and a one year high of $55.53. The <NODE id="440" />firm<NODE id="444" /> has a 50 day moving average of $39.64 and a 200 day moving average of $44.97. The <NODE id="527" />firm<NODE id="531" /> has a market capitalization of $5.42 billion and a P/E ratio of 15.67. <NODE id="603" />Sensata Technologies Holding<NODE id="631" /> (<NODE id="633" />NYSE<NODE id="637" />:<NODE id="638" />ST<NODE id="640" />) last issued <NODE id="654" />its<NODE id="657" /> quarterly earnings data on Tuesday, February 2nd. The <NODE id="712" />company<NODE id="719" /> reported $0.66 earnings per share for the quarter, topping the consensus estimate of $0.65 by $0.01. The <NODE id="825" />company<NODE id="832" /> had revenue of $726.50 million for the quarter, compared to analysts' expectations of $722.45 million. The <NODE id="940" />firm<NODE id="944" />'s quarterly revenue was up 3.0% compared to the same quarter last year. During the same quarter in the prior year, the <NODE id="1064" />firm<NODE id="1068" /> posted $0.57 EPS. On average, equities research analysts predict that <NODE id="1139" />Sensata Technologies Holding<NODE id="1167" /> will post $2.85 EPS for the current year. <NODE id="1210" />ST<NODE id="1212" /> has been the topic of a number of other reports. <NODE id="1262" />Zacks Investment Research<NODE id="1287" /> raised shares of <NODE id="1305" />Sensata Technologies Holding<NODE id="1333" /> from a sell rating to a hold rating in a report on Monday, October 12th. <NODE id="1407" />Citigroup Inc.<NODE id="1421" /> cut shares of <NODE id="1436" />Sensata Technologies Holding<NODE id="1464" /> from a buy rating to a neutral rating in a report on Wednesday, October 7th. <NODE id="1542" />Stifel Nicolaus<NODE id="1557" /> cut <NODE id="1562" />their<NODE id="1567" /> target price on shares of <NODE id="1594" />Sensata Technologies Holding<NODE id="1622" /> from $54.00 to $50.00 and set a buy rating on the stock in a report on Monday, January 11th. <NODE id="1716" />RBC Capital<NODE id="1727" /> cut <NODE id="1732" />their<NODE id="1737" /> target price on shares of <NODE id="1764" />Sensata Technologies Holding<NODE id="1792" /> from $50.00 to $45.00 and set a sector perform rating on the stock in a report on Friday, January 15th. Finally, <NODE id="1906" />Wells Fargo<NODE id="1917" /> cut shares of <NODE id="1932" />Sensata Technologies Holding<NODE id="1960" /> from an outperform rating to a market perform rating and set a $37.03 target price on the stock. in a report on Thursday, January 21st. Nine equities research analysts have rated the stock with a hold rating and seven have given a buy rating to the <NODE id="2210" />company<NODE id="2217" />'s stock. <NODE id="2227" />Sensata Technologies Holding<NODE id="2255" /> presently has a consensus rating of Hold and an average target price of $48.00. Several large investors recently modified their holdings of <NODE id="2396" />ST<NODE id="2398" />. <NODE id="2400" />State of Wisconsin Investment Board<NODE id="2435" /> bought a new stake in shares of <NODE id="2468" />Sensata Technologies Holding<NODE id="2496" /> during the fourth quarter valued at approximately $14,771,000. <NODE id="2560" />Commerzbank Aktiengesellschaft FI<NODE id="2593" /> raised <NODE id="2601" />its<NODE id="2604" /> stake in shares of <NODE id="2624" />Sensata Technologies Holding<NODE id="2652" /> by 25.2% in the fourth quarter. <NODE id="2685" />Commerzbank Aktiengesellschaft FI<NODE id="2718" /> now owns 11,071 shares of the <NODE id="2749" />company<NODE id="2756" />'s stock valued at $510,000 after buying an additional 2,231 shares during the last quarter. <NODE id="2849" />Oxford Asset Management<NODE id="2872" /> bought a new stake in shares of <NODE id="2905" />Sensata Technologies Holding<NODE id="2933" /> during the fourth quarter valued at approximately $1,928,000. <NODE id="2996" />Denver Investment Advisors LLC<NODE id="3026" /> raised <NODE id="3034" />its<NODE id="3037" /> stake in shares of <NODE id="3057" />Sensata Technologies Holding<NODE id="3085" /> by 19.8% in the fourth quarter. <NODE id="3118" />Denver Investment Advisors LLC<NODE id="3148" /> now owns 29,474 shares of the <NODE id="3179" />company<NODE id="3186" />'s stock valued at $1,358,000 after buying an additional 4,880 shares during the last quarter. Finally, <NODE id="3290" />Swiss National Bank<NODE id="3309" /> raised <NODE id="3317" />its<NODE id="3320" /> stake in shares of <NODE id="3340" />Sensata Technologies Holding<NODE id="3368" /> by 1.5% in the fourth quarter. <NODE id="3400" />Swiss National Bank<NODE id="3419" /> now owns 307,650 shares of the <NODE id="3451" />company<NODE id="3458" />'s stock valued at $14,170,000 after buying an additional 4,600 shares during the last quarter. In other <NODE id="3563" />Sensata Technologies Holding<NODE id="3591" /> news, SVP Martin J. Carter sold 66,000 shares of the <NODE id="3645" />business<NODE id="3653" />'s stock in a transaction on Tuesday, November 17th. The shares were sold at an average price of $43.87, for a total transaction of $2,895,420.00. Following the sale, the senior vice president now directly owns 38,080 shares in the <NODE id="3885" />company<NODE id="3892" />, valued at approximately $1,670,569.60. The sale was disclosed in a legal filing with the <NODE id="3983" />Securities &amp; Exchange Commission<NODE id="4015" />, which is available through the <NODE id="4048" />SEC<NODE id="4051" /> website . <NODE id="4062" />Sensata Technologies Holding N.V.<NODE id="4095" /> is a global industrial technology company. The <NODE id="4143" />Company<NODE id="4150" /> is engaged in the <NODE id="4169" />development<NODE id="4180" />, <NODE id="4182" />manufacture<NODE id="4193" /> and <NODE id="4198" />sale<NODE id="4202" /> of <NODE id="4206" />sensors<NODE id="4213" /> and <NODE id="4218" />controls<NODE id="4226" />. The <NODE id="4232" />Company<NODE id="4239" />'s <NODE id="4242" />operating segments<NODE id="4260" /> include <NODE id="4269" />Sensors<NODE id="4276" /> <NODE id="4277" />segment<NODE id="4284" /> and <NODE id="4289" />Controls<NODE id="4297" /> <NODE id="4298" />segment<NODE id="4305" />. The <NODE id="4311" />Company<NODE id="4318" /> <NODE id="4319" />produce<NODE id="4326" /> <NODE id="4327" />sensors<NODE id="4334" /> and <NODE id="4339" />controls<NODE id="4347" /> for applications such as thermal circuit breakers in aircraft, pressure <NODE id="4420" />sensors<NODE id="4427" /> in automotive systems, and bimetal current and temperature control devices in electric motors. This <NODE id="4528" />story<NODE id="4533" /> was originally <NODE id="4549" />published<NODE id="4558" /> by <NODE id="4562" />sleekmoney<NODE id="4572" /> (http://sleekmoney.com) and is the sole property of <NODE id="4625" />sleekmoney<NODE id="4635" />. If you are reading this article on another website, that means this article was illegally copied and re-published to this website in violation of U.S. and International copyright law. You can view the original version of this story at http://sleekmoney.com/sensata-technologies-holding-st-rating-lowered-to-neutral-at-atlantic-securities/925920/ Receive News &amp; Ratings for <NODE id="5010" />Sensata Technologies Holding<NODE id="5038" /> Daily - Enter your email address below to receive a concise daily summary of the latest news and analysts' ratings for <NODE id="5158" />Sensata Technologies Holding<NODE id="5186" /> and related companies with <NODE id="5214" />MarketBeat.com<NODE id="5228" />'s FREE daily email newsletter .
</TEXT>
<Meta>
<feature featureName="id" featureValue="vico/9c0bef44-3a61-3df4-be22-1c605fbeabfa" />
<feature featureName="source" featureValue="sensor_corpus" />
<feature featureName="lang" featureValue="en" />
<feature featureName="pubDate" featureValue="2016-02-08T21:16:52Z" />
<feature featureName="indexDate" featureValue="2016-07-13T11:34:20.266Z" />
<feature featureName="uri" featureValue="http://sleekmoney.com/sensata-technologies-holding-st-rating-lowered-to-neutral-at-atlantic-securities/925920/" />
<feature featureName="solrEventType" featureValue="None" /></Meta><Entities>
<Entity id="0" startPos="0" endPos="28" type="organization" surface="Sensata Technologies Holding" />
<Entity id="1" startPos="30" endPos="34" type="organization" surface="NYSE" />
<Entity id="2" startPos="35" endPos="37" type="organization" surface="ST" />
<Entity id="3" startPos="57" endPos="76" type="organization" surface="Atlantic Securities" />
<Entity id="4" startPos="175" endPos="182" type="organization" surface="The Fly" />
<Entity id="5" startPos="202" endPos="230" type="organization" surface="Sensata Technologies Holding" />
<Entity id="6" startPos="233" endPos="237" type="organization" surface="NYSE" />
<Entity id="7" startPos="238" endPos="240" type="organization" surface="ST" />
<Entity id="8" startPos="315" endPos="322" type="organization" surface="company" />
<Entity id="9" startPos="347" endPos="375" type="organization" surface="Sensata Technologies Holding" />
<Entity id="10" startPos="440" endPos="444" type="organization" surface="firm" />
<Entity id="11" startPos="527" endPos="531" type="organization" surface="firm" />
<Entity id="12" startPos="603" endPos="631" type="organization" surface="Sensata Technologies Holding" />
<Entity id="13" startPos="633" endPos="637" type="organization" surface="NYSE" />
<Entity id="14" startPos="638" endPos="640" type="organization" surface="ST" />
<Entity id="15" startPos="654" endPos="657" type="organization" surface="its" />
<Entity id="16" startPos="712" endPos="719" type="organization" surface="company" />
<Entity id="17" startPos="825" endPos="832" type="organization" surface="company" />
<Entity id="18" startPos="940" endPos="944" type="organization" surface="firm" />
<Entity id="19" startPos="1064" endPos="1068" type="organization" surface="firm" />
<Entity id="20" startPos="1139" endPos="1167" type="organization" surface="Sensata Technologies Holding" />
<Entity id="21" startPos="1210" endPos="1212" type="organization" surface="ST" />
<Entity id="22" startPos="1262" endPos="1287" type="organization" surface="Zacks Investment Research" />
<Entity id="23" startPos="1305" endPos="1333" type="organization" surface="Sensata Technologies Holding" />
<Entity id="24" startPos="1407" endPos="1421" type="organization" surface="Citigroup Inc." />
<Entity id="25" startPos="1436" endPos="1464" type="organization" surface="Sensata Technologies Holding" />
<Entity id="26" startPos="1542" endPos="1557" type="organization" surface="Stifel Nicolaus" />
<Entity id="27" startPos="1562" endPos="1567" type="organization" surface="their" />
<Entity id="28" startPos="1594" endPos="1622" type="organization" surface="Sensata Technologies Holding" />
<Entity id="29" startPos="1716" endPos="1727" type="organization" surface="RBC Capital" />
<Entity id="30" startPos="1732" endPos="1737" type="organization" surface="their" />
<Entity id="31" startPos="1764" endPos="1792" type="organization" surface="Sensata Technologies Holding" />
<Entity id="32" startPos="1906" endPos="1917" type="organization" surface="Wells Fargo" />
<Entity id="33" startPos="1932" endPos="1960" type="organization" surface="Sensata Technologies Holding" />
<Entity id="34" startPos="2210" endPos="2217" type="organization" surface="company" />
<Entity id="35" startPos="2227" endPos="2255" type="organization" surface="Sensata Technologies Holding" />
<Entity id="36" startPos="2396" endPos="2398" type="organization" surface="ST" />
<Entity id="37" startPos="2400" endPos="2435" type="organization" surface="State of Wisconsin Investment Board" />
<Entity id="38" startPos="2468" endPos="2496" type="organization" surface="Sensata Technologies Holding" />
<Entity id="39" startPos="2560" endPos="2593" type="organization" surface="Commerzbank Aktiengesellschaft FI" />
<Entity id="40" startPos="2601" endPos="2604" type="organization" surface="its" />
<Entity id="41" startPos="2624" endPos="2652" type="organization" surface="Sensata Technologies Holding" />
<Entity id="42" startPos="2685" endPos="2718" type="organization" surface="Commerzbank Aktiengesellschaft FI" />
<Entity id="43" startPos="2749" endPos="2756" type="organization" surface="company" />
<Entity id="44" startPos="2849" endPos="2872" type="organization" surface="Oxford Asset Management" />
<Entity id="45" startPos="2905" endPos="2933" type="organization" surface="Sensata Technologies Holding" />
<Entity id="46" startPos="2996" endPos="3026" type="organization" surface="Denver Investment Advisors LLC" />
<Entity id="47" startPos="3034" endPos="3037" type="organization" surface="its" />
<Entity id="48" startPos="3057" endPos="3085" type="organization" surface="Sensata Technologies Holding" />
<Entity id="49" startPos="3118" endPos="3148" type="organization" surface="Denver Investment Advisors LLC" />
<Entity id="50" startPos="3179" endPos="3186" type="organization" surface="company" />
<Entity id="51" startPos="3290" endPos="3309" type="organization" surface="Swiss National Bank" />
<Entity id="52" startPos="3317" endPos="3320" type="organization" surface="its" />
<Entity id="53" startPos="3340" endPos="3368" type="organization" surface="Sensata Technologies Holding" />
<Entity id="54" startPos="3400" endPos="3419" type="organization" surface="Swiss National Bank" />
<Entity id="55" startPos="3451" endPos="3458" type="organization" surface="company" />
<Entity id="56" startPos="3563" endPos="3591" type="organization" surface="Sensata Technologies Holding" />
<Entity id="57" startPos="3645" endPos="3653" type="organization" surface="business" />
<Entity id="58" startPos="3885" endPos="3892" type="organization" surface="company" />
<Entity id="59" startPos="3983" endPos="4015" type="organization" surface="Securities &amp; Exchange Commission" />
<Entity id="60" startPos="4048" endPos="4051" type="organization" surface="SEC" />
<Entity id="61" startPos="4062" endPos="4095" type="organization" surface="Sensata Technologies Holding N.V." />
<Entity id="62" startPos="4143" endPos="4150" type="organization" surface="Company" />
<Entity id="63" startPos="4169" endPos="4180" type="trigger" surface="development" />
<Entity id="64" startPos="4182" endPos="4193" type="trigger" surface="manufacture" />
<Entity id="65" startPos="4198" endPos="4202" type="trigger" surface="sale" />
<Entity id="66" startPos="4206" endPos="4213" type="product" surface="sensors" />
<Entity id="67" startPos="4218" endPos="4226" type="product" surface="controls" />
<Entity id="68" startPos="4232" endPos="4239" type="organization" surface="Company" />
<Entity id="69" startPos="4242" endPos="4260" type="trigger" surface="operating segments" />
<Entity id="70" startPos="4269" endPos="4276" type="product" surface="Sensors" />
<Entity id="71" startPos="4277" endPos="4284" type="trigger" surface="segment" />
<Entity id="72" startPos="4289" endPos="4297" type="product" surface="Controls" />
<Entity id="73" startPos="4298" endPos="4305" type="trigger" surface="segment" />
<Entity id="74" startPos="4311" endPos="4318" type="organization" surface="Company" />
<Entity id="75" startPos="4319" endPos="4326" type="trigger" surface="produce" />
<Entity id="76" startPos="4327" endPos="4334" type="product" surface="sensors" />
<Entity id="77" startPos="4339" endPos="4347" type="product" surface="controls" />
<Entity id="78" startPos="4420" endPos="4427" type="product" surface="sensors" />
<Entity id="79" startPos="4528" endPos="4533" type="product" surface="story" />
<Entity id="80" startPos="4549" endPos="4558" type="trigger" surface="published" />
<Entity id="81" startPos="4562" endPos="4572" type="organization" surface="sleekmoney" />
<Entity id="82" startPos="4625" endPos="4635" type="organization" surface="sleekmoney" />
<Entity id="83" startPos="5010" endPos="5038" type="organization" surface="Sensata Technologies Holding" />
<Entity id="84" startPos="5158" endPos="5186" type="organization" surface="Sensata Technologies Holding" />
<Entity id="85" startPos="5214" endPos="5228" type="organization" surface="MarketBeat.com" /></Entities><Relations>
<Relation id="86" NAME="CompanyProvidesProduct">
<Entity id="67" label="product" />
<Entity id="66" label="product" />
<Entity id="62" label="company" />
<Entity id="64" label="trigger" />
<Entity id="63" label="trigger" />
<Entity id="65" label="trigger" />
</Relation>
<Relation id="87" NAME="CompanyProvidesProduct">
<Entity id="70" label="product" />
<Entity id="72" label="product" />
<Entity id="68" label="company" />
<Entity id="69" label="trigger" />
<Entity id="73" label="trigger" />
<Entity id="71" label="trigger" />
</Relation>
<Relation id="88" NAME="CompanyProvidesProduct">
<Entity id="77" label="product" />
<Entity id="76" label="product" />
<Entity id="74" label="company" />
<Entity id="75" label="trigger" />
</Relation>
<Relation id="89" NAME="CompanyProvidesProduct">
<Entity id="79" label="product" />
<Entity id="81" label="company" />
<Entity id="80" label="trigger" />
</Relation>
<Relation id="90" NAME="Identity">
<Entity id="26" label="source" />
<Entity id="27" label="target" />
</Relation>
<Relation id="91" NAME="Identity">
<Entity id="29" label="source" />
<Entity id="30" label="target" />
</Relation>
<Relation id="92" NAME="Identity">
<Entity id="39" label="source" />
<Entity id="42" label="target" />
<Entity id="40" label="target" />
</Relation>
<Relation id="93" NAME="Identity">
<Entity id="46" label="source" />
<Entity id="49" label="target" />
<Entity id="47" label="target" />
</Relation>
<Relation id="94" NAME="Identity">
<Entity id="51" label="source" />
<Entity id="52" label="target" />
<Entity id="54" label="target" />
</Relation>
<Relation id="95" NAME="Identity">
<Entity id="59" label="source" />
<Entity id="60" label="target" />
</Relation>
<Relation id="96" NAME="identity">
<Entity id="0" label="source" />
<Entity id="36" label="target" />
<Entity id="17" label="target" />
<Entity id="74" label="target" />
<Entity id="33" label="target" />
<Entity id="43" label="target" />
<Entity id="18" label="target" />
<Entity id="61" label="target" />
<Entity id="12" label="target" />
<Entity id="9" label="target" />
<Entity id="31" label="target" />
<Entity id="14" label="target" />
<Entity id="62" label="target" />
<Entity id="58" label="target" />
<Entity id="53" label="target" />
<Entity id="23" label="target" />
<Entity id="11" label="target" />
<Entity id="83" label="target" />
<Entity id="35" label="target" />
<Entity id="41" label="target" />
<Entity id="8" label="target" />
<Entity id="16" label="target" />
<Entity id="48" label="target" />
<Entity id="56" label="target" />
<Entity id="84" label="target" />
<Entity id="34" label="target" />
<Entity id="5" label="target" />
<Entity id="2" label="target" />
<Entity id="25" label="target" />
<Entity id="68" label="target" />
<Entity id="45" label="target" />
<Entity id="21" label="target" />
<Entity id="28" label="target" />
<Entity id="50" label="target" />
<Entity id="10" label="target" />
<Entity id="20" label="target" />
<Entity id="57" label="target" />
<Entity id="19" label="target" />
<Entity id="38" label="target" />
<Entity id="7" label="target" />
<Entity id="15" label="target" />
</Relation>
<Relation id="97" NAME="identity">
<Entity id="1" label="source" />
<Entity id="13" label="target" />
<Entity id="6" label="target" />
</Relation>
<Relation id="98" NAME="identity">
<Entity id="66" label="source" />
<Entity id="76" label="target" />
<Entity id="70" label="target" />
<Entity id="78" label="target" />
</Relation>
<Relation id="99" NAME="identity">
<Entity id="67" label="source" />
<Entity id="77" label="target" />
<Entity id="72" label="target" />
</Relation>
<Relation id="100" NAME="identity">
<Entity id="81" label="source" />
<Entity id="82" label="target" />
</Relation></Relations>
</Document>
