<?xml version="1.0" encoding="UTF-8"?>
<Document>
<TEXT>Blogs Blog The Industrial Internet Will Make It, Even If There’s Still Resistance 'The Internet happened.' Those three words spoken yesterday by Marc Ostertag, North America president of <NODE id="187" />B&amp;R Automation<NODE id="201" /> at Pacific Design &amp; Manufacturing , now taking place in Anaheim through Feb. 11, continues to bring ever-lasting changes to our ways of life and will undoubtedly transform manufacturing. In an education session dubbed 'First Things First: 101 Understanding of Industry 4.0,' Ostertag said networked manufacturing, or Industrial Internet, is here to stay and will continue to grow because of a 'perfect storm' of technology advances and economies of scale in <NODE id="660" />sensors<NODE id="667" /> and electronic and communications devices. Networked manufacturing, through increased connectivity and data intelligence, is going to bring opportunities to increase productivity and decrease energy consumption by enabling manufacturers to move resources around and optimizing systems. In front of a capacity crowd of about 60 industry professionals, Ostertag said the convergence of the Internet and manufacturing is now really possible because of low-cost processing and Big Data storage. 'We’re at the point where it can be automatically handled,' he said of data-handling. Marc Ostertag, North America president of <NODE id="1287" />B&amp;R Automation<NODE id="1301" />, speaks to audience members about the oncoming Industrial Internet at Pacific Design &amp; Manufacturing. (Source: William Ng/<NODE id="1424" />Design News<NODE id="1435" />) However, Ostertag said there remains barriers to adoption of Industry 4.0, the biggest of which is the lack of standards, followed by security concerns. He added that manufacturers remain skeptical of Industry 4.0 due to the uncertainty around return on investment. 'Will I get my money back?' Ostertag reported as manufacturers’ third-biggest concern. One manufacturer in the audience stood up and reported that his <NODE id="1854" />company<NODE id="1861" /> spent $1 million on networking <NODE id="1893" />its<NODE id="1896" /> operations but has gotten little out of it. Ostertag’s session was intended to not only tell the room of professionals that change is inevitable but to reassure them, with him telling that manufacturer that at least now his <NODE id="2121" />company<NODE id="2128" /> has the infrastructure in place to continue experimenting to achieve usable data. Although the type of usable data will differ from manufacturer to manufacturer, determining that will be a big first step. 'What data do you collect and what do you do with it?' Ostertag said to the audience. 'This is a big thing.' Baby steps seemed to be the theme and most prudent strategy to evolve into the Industry 4.0 era. Ostertag said that automation machinery designers and OEMs are working together in the Industrial Internet Consortium on breaking down the barriers to adoption. Machinery vendors are also developing ways to retrofit legacy equipment with modern communications -- a reality for many manufacturers. It starts with retrofitting older machinery with <NODE id="2886" />smart sensors<NODE id="2899" />, then <NODE id="2906" />controllers<NODE id="2917" />, then primary machinery, and then other plant assets for connectivity (producing and receiving data), data storage, and embedded intelligence. The next step is to implement communications networks for data exchange and embed security. This is followed by data storage in the cloud and ultimately by analytics. Ostertag admitted that the Industrial Internet will be a generational change, taking time to develop and evolve. He acknowledged an audience member who asked him, 'Isn’t this basically manufacturing’s contract to future generations?' But he summarized that with continuing advances in technology and data resolution and visualization, 'the future is bright.' Will Ng is a perfectionist who has been in business journalism for more than 15 years, many of which have been devoted to covering manufacturing, technology, and industry. A writer first, he loves to tell a good story and enjoys reporting on market trends and news. View Comments: Newest First| Oldest First | Threaded View
</TEXT>
<Meta>
<feature featureName="id" featureValue="vico/e074c3f5-9b69-3db0-86dd-907b03700b4b" />
<feature featureName="source" featureValue="sensor_corpus" />
<feature featureName="lang" featureValue="en" />
<feature featureName="pubDate" featureValue="2016-02-10T18:59:42Z" />
<feature featureName="indexDate" featureValue="2016-07-13T12:00:27.407Z" />
<feature featureName="uri" featureValue="http://www.designnews.com/author.asp?section_id=1386&amp;doc_id=279816&amp;f_src=designnews_sitedefault" />
<feature featureName="solrEventType" featureValue="None" /></Meta><Entities>
<Entity id="0" startPos="187" endPos="201" type="organization" surface="B&amp;R Automation" />
<Entity id="1" startPos="660" endPos="667" type="product" surface="sensors" />
<Entity id="2" startPos="1287" endPos="1301" type="organization" surface="B&amp;R Automation" />
<Entity id="3" startPos="1424" endPos="1435" type="organization" surface="Design News" />
<Entity id="4" startPos="1854" endPos="1861" type="organization" surface="company" />
<Entity id="5" startPos="1893" endPos="1896" type="organization" surface="its" />
<Entity id="6" startPos="2121" endPos="2128" type="organization" surface="company" />
<Entity id="7" startPos="2886" endPos="2899" type="product" surface="smart sensors" />
<Entity id="8" startPos="2906" endPos="2917" type="product" surface="controllers" /></Entities><Relations>
<Relation id="9" NAME="identity">
<Entity id="0" label="source" />
<Entity id="2" label="target" />
<Entity id="5" label="target" />
<Entity id="6" label="target" />
<Entity id="4" label="target" />
</Relation>
<Relation id="10" NAME="identity">
<Entity id="1" label="source" />
<Entity id="7" label="target" />
</Relation></Relations>
</Document>
