<?xml version="1.0" encoding="UTF-8"?>
<Document>
<TEXT>for Creative Pros in Business Media Departments <NODE id="48" />Aflac<NODE id="53" /> Recognized for Technology Excellence and Leadership Company Receives Two Top Honors from <NODE id="143" />IDG<NODE id="146" /> Enterprise<NODE id="157" />/<NODE id="158" />Computerworld<NODE id="171" /> (January 25, 2016) COLUMBUS, Ga. , Jan. 25, 2016 /<NODE id="222" />PRNewswire<NODE id="232" />/ -- <NODE id="237" />Aflac<NODE id="242" />, the leading <NODE id="256" />provider<NODE id="264" /> of <NODE id="268" />voluntary insurance<NODE id="287" /> at the work site in the United States , announced today that the <NODE id="353" />company<NODE id="360" /> has received <NODE id="374" />IDG<NODE id="377" /> Enterprise<NODE id="388" />'s 2016 <NODE id="396" />Digital Edge<NODE id="408" /> 25 Award for <NODE id="422" />its<NODE id="425" /> innovative <NODE id="437" />One Day Pay S M<NODE id="452" /> <NODE id="453" />initiative<NODE id="463" />. With <NODE id="470" />One Day Pay S M<NODE id="485" /> , when an eligible claim is submitted via <NODE id="528" />SmartClaim<NODE id="538" /> by 3 p.m. ET , Monday-Friday, with all supporting documentation, <NODE id="604" />Aflac<NODE id="609" /> processes, approves and disburses payment for the claim within one business day. This marks the second consecutive year <NODE id="730" />Aflac<NODE id="735" /> has received the <NODE id="753" />Digital Edge<NODE id="765" /> 25 Award. In addition, <NODE id="789" />IDG<NODE id="792" /> Enterprise<NODE id="803" /> has awarded Julia Davis , <NODE id="830" />Aflac<NODE id="835" /> senior vice president and chief information officer, with the 2016 <NODE id="903" />Computerworld<NODE id="916" /> Premier 100 Technology Leaders Award. She was recognized for her exceptional technology leadership and innovative approach in helping lead to the success of <NODE id="1074" />Aflac<NODE id="1079" />'s<NODE id="1081" /> groundbreaking <NODE id="1097" />One Day PaySM<NODE id="1110" /> <NODE id="1111" />initiative<NODE id="1121" />, fostering collaboration between several key departments and ensuring <NODE id="1192" />Aflac<NODE id="1197" />'s position as the leading provider of voluntary insurance at the work site in the United States . <NODE id="1296" />We<NODE id="1298" /> are extremely pleased that <NODE id="1326" />IDG Enterprise<NODE id="1340" /> has honored <NODE id="1353" />Aflac<NODE id="1358" />, and <NODE id="1364" />we<NODE id="1366" /> are so proud of Julia for her diligence and leadership, <NODE id="1423" />Aflac<NODE id="1428" /> U.S. President Teresa White said. The strides <NODE id="1475" />we<NODE id="1477" /> achieved through <NODE id="1495" />our<NODE id="1498" /> <NODE id="1499" />One Day Pay<NODE id="1510" /> <NODE id="1511" />initiative<NODE id="1521" /> have helped <NODE id="1534" />us<NODE id="1536" /> make <NODE id="1542" />our<NODE id="1545" /> already fast claims payment process even faster so <NODE id="1597" />our<NODE id="1600" /> policyholders can focus on recovery, not their bills. The 2016 <NODE id="1664" />Digital Edge<NODE id="1676" /> 25 Award recognizes 25 organizations for their advances toward digital transformation initiatives, and the 2016 <NODE id="1789" />Computerworld<NODE id="1802" /> Premier 100 Technology Leaders Award honors personal leadership excellence among senior IT executives. The <NODE id="1910" />Digital Edge<NODE id="1922" /> awards were extremely competitive this year given the volume of innovative entries with measurable business impact, said Anne McCrory , vice president of Marketing and Content Strategy for the <NODE id="2116" />IDG<NODE id="2119" /> Enterprise<NODE id="2130" /> events team. In both the B2B and B2C space, organizations are doing incredible things with data, mobile, cloud and <NODE id="2246" />sensors<NODE id="2253" /> and showing great progress in scaling their digital efforts. About <NODE id="2321" />IDG<NODE id="2324" /> Enterprise<NODE id="2335" /> <NODE id="2336" />IDG<NODE id="2339" /> Enterprise<NODE id="2350" />, an <NODE id="2355" />International Data Group<NODE id="2379" /> (<NODE id="2381" />IDG<NODE id="2384" />) <NODE id="2386" />company<NODE id="2393" />, brings together the leading editorial brands (<NODE id="2441" />CIO<NODE id="2444" />, <NODE id="2446" />Computerworld<NODE id="2459" />, <NODE id="2461" />CSO<NODE id="2464" />, <NODE id="2466" />InfoWorld<NODE id="2475" />, <NODE id="2477" />ITworld<NODE id="2484" /> and <NODE id="2489" />Network World<NODE id="2502" />) to serve the information needs of <NODE id="2538" />its<NODE id="2541" /> technology and security-focused audiences. As the premier hi-tech B2B media <NODE id="2618" />company<NODE id="2625" />, <NODE id="2627" />they<NODE id="2631" /> leverage the strengths of their premium owned and operated brands, while simultaneously harnessing <NODE id="2731" />their<NODE id="2736" /> collective reach and audience affinity. The <NODE id="2781" />company<NODE id="2788" /> <NODE id="2789" />provides<NODE id="2797" /> <NODE id="2798" />market leadership<NODE id="2815" /> and <NODE id="2820" />converged marketing solutions<NODE id="2849" /> for <NODE id="2854" />their<NODE id="2859" /> customers to engage IT and security decision-makers across <NODE id="2919" />their<NODE id="2924" /> portfolio of award-winning websites, events, magazines, products and services. For more information, visit www.idgenterprise.com . About <NODE id="3062" />Aflac<NODE id="3067" /> When a policyholder gets sick or hurt, <NODE id="3107" />Aflac<NODE id="3112" /> pays cash benefits fast. For nearly six decades, <NODE id="3162" />Aflac<NODE id="3167" /> insurance policies<NODE id="3186" /> have given policyholders the opportunity to focus on recovery, not financial stress. In the United States , <NODE id="3295" />Aflac<NODE id="3300" /> is the leading <NODE id="3316" />provider<NODE id="3324" /> of <NODE id="3328" />voluntary insurance<NODE id="3347" /> at the work site. Through <NODE id="3374" />its<NODE id="3377" /> trailblazing <NODE id="3391" />One Day PaySM<NODE id="3404" /> <NODE id="3405" />initiative<NODE id="3415" />, <NODE id="3417" />Aflac U.S.<NODE id="3427" /> can receive, process, approve and disburse payment for eligible claims in one business day. In Japan , <NODE id="3531" />Aflac<NODE id="3536" /> is a leading <NODE id="3550" />provider<NODE id="3558" /> of <NODE id="3562" />medical<NODE id="3569" /> and <NODE id="3574" />cancer <NODE id="3581" />insurance<NODE id="3590" /> and insures 1 in 4 households. <NODE id="3622" />Aflac<NODE id="3627" /> <NODE id="3628" />individual<NODE id="3638" /> and <NODE id="3643" />group <NODE id="3649" />insurance<NODE id="3658" /> <NODE id="3659" />products<NODE id="3667" /> help provide protection to more than 50 million people worldwide. For nine consecutive years, <NODE id="3762" />Aflac<NODE id="3767" /> has been recognized by <NODE id="3791" />Ethisphere<NODE id="3801" /> magazine as one of the World's Most Ethical Companies. In 2015, <NODE id="3866" />Fortune<NODE id="3873" /> magazine recognized <NODE id="3894" />Aflac<NODE id="3899" /> as one of the 100 Best Companies to Work For in America for the 17th consecutive year. Also, in 2015, <NODE id="4002" />Fortune<NODE id="4009" /> magazine included <NODE id="4028" />Aflac<NODE id="4033" /> on <NODE id="4037" />its<NODE id="4040" /> list of Most Admired Companies for the 14th time, ranking the <NODE id="4103" />company<NODE id="4110" /> No. 1 in innovation for the <NODE id="4139" />insurance<NODE id="4148" />, life and health category. <NODE id="4176" />Aflac Incorporated<NODE id="4194" /> is a <NODE id="4200" />Fortune<NODE id="4207" /> 500 company listed on the <NODE id="4234" />New York Stock Exchange<NODE id="4257" /> under the symbol <NODE id="4275" />AFL<NODE id="4278" />. To find out more about <NODE id="4303" />Aflac<NODE id="4308" /> and <NODE id="4313" />One Day PaySM<NODE id="4326" />, visit aflac.com or espanol.aflac.com. <NODE id="4366" />Aflac<NODE id="4371" /> herein means <NODE id="4385" />American Family Life Assurance Company of Columbus<NODE id="4435" /> and <NODE id="4440" />American Family Life Assurance Company of New York<NODE id="4490" /> . Media contacts Jon Sullivan , 706.763.4813 or jsullivan@aflac.com Analyst and investor contact Robin Y. Wilkey , 706.596.3264 or 800.235.2667, FAX: 706.324.6330, or rwilkey@aflac.com . Logo - http://photos.prnewswire.com/prnh/20100423/CL92305LOGO To view the original version on <NODE id="4772" />PR Newswire<NODE id="4783" />, visit: http://www.prnewswire.com/news-releases/aflac-recognized-for-technology-excellence-and-leadership-300208765.html SOURCE <NODE id="4912" />Aflac<NODE id="4917" /> Copyright 2014 <NODE id="4933" />PR Newswire<NODE id="4944" />. All Rights Reserved
</TEXT>
<Meta>
<feature featureName="id" featureValue="vico/94cd3a97-958f-39c8-8ab9-46cddaf98e16" />
<feature featureName="source" featureValue="sensor_corpus" />
<feature featureName="lang" featureValue="en" />
<feature featureName="pubDate" featureValue="2016-01-25T16:25:11Z" />
<feature featureName="indexDate" featureValue="2016-07-13T11:31:35.225Z" />
<feature featureName="uri" featureValue="http://corporatemedianews.digitalmedianet.com/article/Aflac-Recognized-for-Technology-Excellence-and-Leadership-4260177" />
<feature featureName="solrEventType" featureValue="None" /></Meta><Entities>
<Entity id="0" startPos="48" endPos="53" type="organization" surface="Aflac" />
<Entity id="1" startPos="143" endPos="146" type="organization" surface="IDG" />
<Entity id="2" startPos="143" endPos="157" type="organization" surface="IDG Enterprise" />
<Entity id="3" startPos="158" endPos="171" type="organization" surface="Computerworld" />
<Entity id="4" startPos="222" endPos="232" type="organization" surface="PRNewswire" />
<Entity id="5" startPos="237" endPos="242" type="organization" surface="Aflac" />
<Entity id="6" startPos="256" endPos="264" type="trigger" surface="provider" />
<Entity id="7" startPos="268" endPos="287" type="product" surface="voluntary insurance" />
<Entity id="8" startPos="353" endPos="360" type="organization" surface="company" />
<Entity id="9" startPos="374" endPos="377" type="organization" surface="IDG" />
<Entity id="10" startPos="374" endPos="388" type="organization" surface="IDG Enterprise" />
<Entity id="11" startPos="396" endPos="408" type="organization" surface="Digital Edge" />
<Entity id="12" startPos="422" endPos="425" type="organization" surface="its" />
<Entity id="13" startPos="437" endPos="452" type="product" surface="One Day Pay S M" />
<Entity id="14" startPos="453" endPos="463" type="trigger" surface="initiative" />
<Entity id="15" startPos="470" endPos="485" type="product" surface="One Day Pay S M" />
<Entity id="16" startPos="528" endPos="538" type="product" surface="SmartClaim" />
<Entity id="17" startPos="604" endPos="609" type="organization" surface="Aflac" />
<Entity id="18" startPos="730" endPos="735" type="organization" surface="Aflac" />
<Entity id="19" startPos="753" endPos="765" type="organization" surface="Digital Edge" />
<Entity id="20" startPos="789" endPos="792" type="organization" surface="IDG" />
<Entity id="21" startPos="789" endPos="803" type="organization" surface="IDG Enterprise" />
<Entity id="22" startPos="830" endPos="835" type="organization" surface="Aflac" />
<Entity id="23" startPos="903" endPos="916" type="organization" surface="Computerworld" />
<Entity id="24" startPos="1074" endPos="1079" type="organization" surface="Aflac" />
<Entity id="25" startPos="1079" endPos="1081" type="trigger" surface="'s" />
<Entity id="26" startPos="1097" endPos="1110" type="product" surface="One Day PaySM" />
<Entity id="27" startPos="1111" endPos="1121" type="trigger" surface="initiative" />
<Entity id="28" startPos="1192" endPos="1197" type="organization" surface="Aflac" />
<Entity id="29" startPos="1296" endPos="1298" type="organization" surface="We" />
<Entity id="30" startPos="1326" endPos="1340" type="organization" surface="IDG Enterprise" />
<Entity id="31" startPos="1353" endPos="1358" type="organization" surface="Aflac" />
<Entity id="32" startPos="1364" endPos="1366" type="organization" surface="we" />
<Entity id="33" startPos="1423" endPos="1428" type="organization" surface="Aflac" />
<Entity id="34" startPos="1475" endPos="1477" type="organization" surface="we" />
<Entity id="35" startPos="1495" endPos="1498" type="organization" surface="our" />
<Entity id="36" startPos="1499" endPos="1510" type="product" surface="One Day Pay" />
<Entity id="37" startPos="1511" endPos="1521" type="trigger" surface="initiative" />
<Entity id="38" startPos="1534" endPos="1536" type="organization" surface="us" />
<Entity id="39" startPos="1542" endPos="1545" type="organization" surface="our" />
<Entity id="40" startPos="1597" endPos="1600" type="organization" surface="our" />
<Entity id="41" startPos="1664" endPos="1676" type="organization" surface="Digital Edge" />
<Entity id="42" startPos="1789" endPos="1802" type="organization" surface="Computerworld" />
<Entity id="43" startPos="1910" endPos="1922" type="organization" surface="Digital Edge" />
<Entity id="44" startPos="2116" endPos="2119" type="organization" surface="IDG" />
<Entity id="45" startPos="2116" endPos="2130" type="organization" surface="IDG Enterprise" />
<Entity id="46" startPos="2246" endPos="2253" type="product" surface="sensors" />
<Entity id="47" startPos="2321" endPos="2324" type="organization" surface="IDG" />
<Entity id="48" startPos="2321" endPos="2335" type="organization" surface="IDG Enterprise" />
<Entity id="49" startPos="2336" endPos="2339" type="organization" surface="IDG" />
<Entity id="50" startPos="2336" endPos="2350" type="organization" surface="IDG Enterprise" />
<Entity id="51" startPos="2355" endPos="2379" type="organization" surface="International Data Group" />
<Entity id="52" startPos="2381" endPos="2384" type="organization" surface="IDG" />
<Entity id="53" startPos="2386" endPos="2393" type="organization" surface="company" />
<Entity id="54" startPos="2441" endPos="2444" type="organization" surface="CIO" />
<Entity id="55" startPos="2446" endPos="2459" type="organization" surface="Computerworld" />
<Entity id="56" startPos="2461" endPos="2464" type="organization" surface="CSO" />
<Entity id="57" startPos="2466" endPos="2475" type="organization" surface="InfoWorld" />
<Entity id="58" startPos="2477" endPos="2484" type="organization" surface="ITworld" />
<Entity id="59" startPos="2489" endPos="2502" type="organization" surface="Network World" />
<Entity id="60" startPos="2538" endPos="2541" type="organization" surface="its" />
<Entity id="61" startPos="2618" endPos="2625" type="organization" surface="company" />
<Entity id="62" startPos="2627" endPos="2631" type="organization" surface="they" />
<Entity id="63" startPos="2731" endPos="2736" type="organization" surface="their" />
<Entity id="64" startPos="2781" endPos="2788" type="organization" surface="company" />
<Entity id="65" startPos="2789" endPos="2797" type="trigger" surface="provides" />
<Entity id="66" startPos="2798" endPos="2815" type="product" surface="market leadership" />
<Entity id="67" startPos="2820" endPos="2849" type="product" surface="converged marketing solutions" />
<Entity id="68" startPos="2854" endPos="2859" type="organization" surface="their" />
<Entity id="69" startPos="2919" endPos="2924" type="organization" surface="their" />
<Entity id="70" startPos="3062" endPos="3067" type="organization" surface="Aflac" />
<Entity id="71" startPos="3107" endPos="3112" type="organization" surface="Aflac" />
<Entity id="72" startPos="3162" endPos="3167" type="organization" surface="Aflac" />
<Entity id="73" startPos="3162" endPos="3186" type="product" surface="Aflac insurance policies" />
<Entity id="74" startPos="3295" endPos="3300" type="organization" surface="Aflac" />
<Entity id="75" startPos="3316" endPos="3324" type="trigger" surface="provider" />
<Entity id="76" startPos="3328" endPos="3347" type="product" surface="voluntary insurance" />
<Entity id="77" startPos="3374" endPos="3377" type="organization" surface="its" />
<Entity id="78" startPos="3391" endPos="3404" type="product" surface="One Day PaySM" />
<Entity id="79" startPos="3405" endPos="3415" type="trigger" surface="initiative" />
<Entity id="80" startPos="3417" endPos="3427" type="organization" surface="Aflac U.S." />
<Entity id="81" startPos="3531" endPos="3536" type="organization" surface="Aflac" />
<Entity id="82" startPos="3550" endPos="3558" type="trigger" surface="provider" />
<Entity id="83" startPos="3562" endPos="3569" type="product" surface="medical" />
<Entity id="84" startPos="3574" endPos="3590" type="product" surface="cancer insurance" />
<Entity id="85" startPos="3581" endPos="3590" type="product" surface="insurance" />
<Entity id="86" startPos="3622" endPos="3627" type="organization" surface="Aflac" />
<Entity id="87" startPos="3628" endPos="3638" type="product" surface="individual" />
<Entity id="88" startPos="3643" endPos="3658" type="product" surface="group insurance" />
<Entity id="89" startPos="3649" endPos="3658" type="product" surface="insurance" />
<Entity id="90" startPos="3659" endPos="3667" type="trigger" surface="products" />
<Entity id="91" startPos="3762" endPos="3767" type="organization" surface="Aflac" />
<Entity id="92" startPos="3791" endPos="3801" type="organization" surface="Ethisphere" />
<Entity id="93" startPos="3866" endPos="3873" type="organization" surface="Fortune" />
<Entity id="94" startPos="3894" endPos="3899" type="organization" surface="Aflac" />
<Entity id="95" startPos="4002" endPos="4009" type="organization" surface="Fortune" />
<Entity id="96" startPos="4028" endPos="4033" type="organization" surface="Aflac" />
<Entity id="97" startPos="4037" endPos="4040" type="organization" surface="its" />
<Entity id="98" startPos="4103" endPos="4110" type="organization" surface="company" />
<Entity id="99" startPos="4139" endPos="4148" type="product" surface="insurance" />
<Entity id="100" startPos="4176" endPos="4194" type="organization" surface="Aflac Incorporated" />
<Entity id="101" startPos="4200" endPos="4207" type="organization" surface="Fortune" />
<Entity id="102" startPos="4234" endPos="4257" type="organization" surface="New York Stock Exchange" />
<Entity id="103" startPos="4275" endPos="4278" type="organization" surface="AFL" />
<Entity id="104" startPos="4303" endPos="4308" type="organization" surface="Aflac" />
<Entity id="105" startPos="4313" endPos="4326" type="product" surface="One Day PaySM" />
<Entity id="106" startPos="4366" endPos="4371" type="organization" surface="Aflac" />
<Entity id="107" startPos="4385" endPos="4435" type="organization" surface="American Family Life Assurance Company of Columbus" />
<Entity id="108" startPos="4440" endPos="4490" type="organization" surface="American Family Life Assurance Company of New York" />
<Entity id="109" startPos="4772" endPos="4783" type="organization" surface="PR Newswire" />
<Entity id="110" startPos="4912" endPos="4917" type="organization" surface="Aflac" />
<Entity id="111" startPos="4933" endPos="4944" type="organization" surface="PR Newswire" /></Entities><Relations>
<Relation id="112" NAME="CompanyProvidesProduct">
<Entity id="13" label="product" />
<Entity id="5" label="company" />
<Entity id="14" label="trigger" />
</Relation>
<Relation id="113" NAME="CompanyProvidesProduct">
<Entity id="7" label="product" />
<Entity id="5" label="company" />
<Entity id="6" label="trigger" />
</Relation>
<Relation id="114" NAME="CompanyProvidesProduct">
<Entity id="13" label="product" />
<Entity id="12" label="company" />
<Entity id="14" label="trigger" />
</Relation>
<Relation id="115" NAME="CompanyProvidesProduct">
<Entity id="26" label="product" />
<Entity id="24" label="company" />
<Entity id="27" label="trigger" />
<Entity id="25" label="trigger" />
</Relation>
<Relation id="116" NAME="CompanyProvidesProduct">
<Entity id="36" label="product" />
<Entity id="35" label="company" />
<Entity id="37" label="trigger" />
</Relation>
<Relation id="117" NAME="CompanyProvidesProduct">
<Entity id="67" label="product" />
<Entity id="66" label="product" />
<Entity id="64" label="company" />
<Entity id="65" label="trigger" />
</Relation>
<Relation id="118" NAME="CompanyProvidesProduct">
<Entity id="76" label="product" />
<Entity id="74" label="company" />
<Entity id="75" label="trigger" />
</Relation>
<Relation id="119" NAME="CompanyProvidesProduct">
<Entity id="78" label="product" />
<Entity id="77" label="company" />
<Entity id="79" label="trigger" />
</Relation>
<Relation id="120" NAME="CompanyProvidesProduct">
<Entity id="83" label="product" />
<Entity id="84" label="product" />
<Entity id="81" label="company" />
<Entity id="82" label="trigger" />
</Relation>
<Relation id="121" NAME="CompanyProvidesProduct">
<Entity id="87" label="product" />
<Entity id="88" label="product" />
<Entity id="86" label="company" />
<Entity id="90" label="trigger" />
</Relation>
<Relation id="122" NAME="Identity">
<Entity id="0" label="source" />
<Entity id="71" label="target" />
<Entity id="77" label="target" />
<Entity id="28" label="target" />
<Entity id="100" label="target" />
<Entity id="22" label="target" />
<Entity id="86" label="target" />
<Entity id="39" label="target" />
<Entity id="96" label="target" />
<Entity id="108" label="target" />
<Entity id="34" label="target" />
<Entity id="103" label="target" />
<Entity id="70" label="target" />
<Entity id="33" label="target" />
<Entity id="12" label="target" />
<Entity id="94" label="target" />
<Entity id="91" label="target" />
<Entity id="29" label="target" />
<Entity id="72" label="target" />
<Entity id="32" label="target" />
<Entity id="40" label="target" />
<Entity id="5" label="target" />
<Entity id="18" label="target" />
<Entity id="110" label="target" />
<Entity id="80" label="target" />
<Entity id="17" label="target" />
<Entity id="74" label="target" />
<Entity id="104" label="target" />
<Entity id="81" label="target" />
<Entity id="24" label="target" />
<Entity id="35" label="target" />
<Entity id="31" label="target" />
<Entity id="106" label="target" />
<Entity id="107" label="target" />
<Entity id="8" label="target" />
<Entity id="38" label="target" />
</Relation>
<Relation id="123" NAME="Identity">
<Entity id="2" label="source" />
<Entity id="48" label="target" />
<Entity id="60" label="target" />
<Entity id="45" label="target" />
<Entity id="61" label="target" />
<Entity id="21" label="target" />
<Entity id="68" label="target" />
<Entity id="62" label="target" />
<Entity id="50" label="target" />
<Entity id="69" label="target" />
<Entity id="10" label="target" />
<Entity id="63" label="target" />
<Entity id="30" label="target" />
<Entity id="53" label="target" />
<Entity id="64" label="target" />
</Relation>
<Relation id="124" NAME="Identity">
<Entity id="93" label="source" />
<Entity id="101" label="target" />
<Entity id="97" label="target" />
<Entity id="95" label="target" />
</Relation>
<Relation id="125" NAME="identity">
<Entity id="51" label="source" />
<Entity id="52" label="target" />
<Entity id="44" label="target" />
<Entity id="47" label="target" />
<Entity id="1" label="target" />
<Entity id="30" label="target" />
<Entity id="20" label="target" />
<Entity id="49" label="target" />
<Entity id="9" label="target" />
</Relation>
<Relation id="126" NAME="identity">
<Entity id="3" label="source" />
<Entity id="55" label="target" />
<Entity id="42" label="target" />
<Entity id="23" label="target" />
</Relation>
<Relation id="127" NAME="identity">
<Entity id="4" label="source" />
<Entity id="111" label="target" />
<Entity id="109" label="target" />
</Relation>
<Relation id="128" NAME="identity">
<Entity id="7" label="source" />
<Entity id="89" label="target" />
<Entity id="76" label="target" />
<Entity id="99" label="target" />
<Entity id="73" label="target" />
<Entity id="85" label="target" />
</Relation>
<Relation id="129" NAME="identity">
<Entity id="11" label="source" />
<Entity id="43" label="target" />
<Entity id="19" label="target" />
<Entity id="41" label="target" />
</Relation>
<Relation id="130" NAME="identity">
<Entity id="13" label="source" />
<Entity id="15" label="target" />
<Entity id="78" label="target" />
<Entity id="105" label="target" />
<Entity id="36" label="target" />
<Entity id="26" label="target" />
</Relation></Relations>
</Document>
