<?xml version="1.0" encoding="UTF-8"?>
<Document>
<TEXT>CITY SLICKER: We all know how incredible the <NODE id="45" />LandCruiser<NODE id="56" /> is in the rough stuff, but how does <NODE id="93" />it<NODE id="95" /> fare as a daily driver through the city? We hit Adelaide to find out. WHEN it comes to stating the bleeding obvious, saying <NODE id="220" />Toyota<NODE id="226" /> LandCruisers<NODE id="239" /> are somewhat good off road is up there with the Pope being a bit Catholic. Many Australians' livelihoods and even very survival depend on their off-road <NODE id="393" />vehicle<NODE id="400" />, and the <NODE id="410" />LandCruiser<NODE id="421" /> is by far the most popular upper large <NODE id="461" />SUV<NODE id="464" /> available here, with <NODE id="486" />Toyota<NODE id="492" /> <NODE id="493" />shifting<NODE id="501" /> over 9200 <NODE id="512" />units<NODE id="517" /> last year for a market share of 83%. <NODE id="555" />It<NODE id="557" /> is, quite literally, a giant in <NODE id="590" />its<NODE id="593" /> field. But what about <NODE id="616" />its<NODE id="619" /> versatility? These days a lot of <NODE id="653" />SUVs<NODE id="657" /> are sold on <NODE id="670" />their<NODE id="675" /> go-anywhere, do-anything abilities, from offering cosseting cabins to having car-like handling on your favourite back road, while still being able to cart seven occupants around and climb a mountain when asked. <NODE id="887" />Toyota<NODE id="893" /> LandCruiser 200 Series VX<NODE id="919" />. Photo: Iain Curry. I've yet to discover this perfect <NODE id="974" />SUV<NODE id="977" /> all-rounder - one would suppose if <NODE id="1013" />it<NODE id="1015" /> actually existed we'd all be buying <NODE id="1052" />it<NODE id="1054" /> - as there always has to be some sort of compromise. That's why you see <NODE id="1127" />Toyota<NODE id="1133" /> <NODE id="1134" />offering<NODE id="1142" /> myriad <NODE id="1150" />SUV<NODE id="1153" /> options in <NODE id="1165" />its<NODE id="1168" /> line-up to cater for nearly every taste. In the large <NODE id="1223" />SUV<NODE id="1226" /> segment alone <NODE id="1241" />it<NODE id="1243" /> <NODE id="1244" />offers<NODE id="1250" /> the <NODE id="1255" />Prado<NODE id="1260" />, <NODE id="1262" />Kluger<NODE id="1268" />, <NODE id="1270" />FJ Cruiser<NODE id="1280" /> and recently-launched <NODE id="1303" />HiLux-based Fortuner<NODE id="1323" />. But none of these is as mighty as the <NODE id="1363" />LandCruiser Wagon<NODE id="1380" /> (<NODE id="1382" />LC200<NODE id="1387" />); <NODE id="1390" />Toyota<NODE id="1396" />'s big boy the ideal go-anywhere 4x4 adventurer with cavernous space for cargo and occupants. However, we wouldn't be rough road travelling on this test. Been done too much before you see, and the <NODE id="1593" />LC200<NODE id="1598" /> has more than earned <NODE id="1620" />its<NODE id="1623" /> outback stripes over the years. Instead, this would be the gargantuan <NODE id="1694" />Toyota<NODE id="1700" />'s city test. Not <NODE id="1718" />its<NODE id="1721" /> preferred natural habitat of course, but many <NODE id="1768" />LC200<NODE id="1773" /> owners will spend as much if not more time in crowded town and city environments as they will bush bashing. But when you're five-metres long, two-metres high, two-metres wide and three-tonnes heavy (with fuel and a few occupants on board), it's hard to be a saint in the city. <NODE id="2051" />Toyota<NODE id="2057" /> LandCruiser 200 Series VX<NODE id="2083" />. Photo: Iain Curry. City bound I was in Adelaide to compete in a stage of the Tour Down Under cycle event, and had brought along the wife, two kids under four (mad mistake, I know that now), a massive bike box, three suitcases, baby stroller and two kiddie car seats. A <NODE id="2354" />Toyota<NODE id="2360" /> Yaris<NODE id="2366" /> just wasn't going to cut it. Picking the <NODE id="2408" />LC200<NODE id="2413" /> up at the airport, the first problem was obvious. Conventional parking spaces just aren't sympathetic to a <NODE id="2521" />LandCruiser<NODE id="2532" />'s girth, so before loading in child seats I had to move it to the only available space with any room to fully open the doors. The sign said Airport <NODE id="2681" />Vehicles<NODE id="2689" /> Only, but this was an emergency. The <NODE id="2727" />LC200<NODE id="2732" />'s width was back in my good books soon after however. Two <NODE id="2791" />car<NODE id="2794" /> seats in situ and there was still excellent space for an adult to sit in between them - a real boon for pacifying screaming kids on long journeys. Then there's the boot. With the two fold-down occasional seats strapped to the sides, there's still a mighty 1276-litres of cargo space. Raise the boot door and drop the tailgate and the loading area is vast and easy to slide large bags into. Even with all our stuff piled high in the boot, I still enjoyed decent rear visibility. HAPPY NOW? Two kids under the age of four have ample room in the back thanks to the <NODE id="3357" />LC200<NODE id="3362" />'s huge width. Easy to fit an adult in between them, too. Our <NODE id="3424" />LC200<NODE id="3429" /> was the diesel VX grade (yep, you can still buy a petrol <NODE id="3487" />LandCruiser<NODE id="3498" /> if you insist on living under a rock), meaning a before on-roads price of $97,500. Only the $118,500 <NODE id="3600" />Sahara<NODE id="3606" /> is higher specced, while the range starts with the <NODE id="3658" />GX<NODE id="3660" /> at $76,500. The $100-odd grand you pay for the <NODE id="3708" />VX<NODE id="3710" /> means you get a decent dose of cabin luxury, but not to the extent of say the similarly-priced <NODE id="3806" />Audi<NODE id="3810" /> Q7<NODE id="3813" /> large <NODE id="3820" />SUV<NODE id="3823" />. A completely different buying market for these, of course. New features Since the <NODE id="3907" />200-Series<NODE id="3917" /> underwent an upgrade in October last year, inclusions for the <NODE id="3980" />VX<NODE id="3982" /> make it even more sumptuous than before. Seats are huge, leather accented and power adjustable up front, while soft padding around the centre console to rest your leg against is great when assuming cruise mode. Also new are Optitron instruments with a 4.2-inch colour multi-info display between the speedo and rev counter, while there's a large (and decent resolution) 9-inch touchscreen display with sat nav and DAB radio. <NODE id="4407" />Toyota<NODE id="4413" /> LandCruiser 200 Series VX<NODE id="4439" />. Photo: Contributed. Throw in goodies like a reverse <NODE id="4493" />camera<NODE id="4499" />, front and rear <NODE id="4516" />parking sensors<NODE id="4531" />, <NODE id="4533" />power mirrors<NODE id="4546" />, moon roof and woodgrain-look highlights and you're hardly short of features. <NODE id="4625" />It<NODE id="4627" /> still looks distinctively <NODE id="4654" />LandCruiser<NODE id="4665" /> too, but has had a dash of modernising for 2016 with <NODE id="4719" />its<NODE id="4722" /> new front grille, <NODE id="4741" />bi-LED headlamps<NODE id="4757" />, <NODE id="4759" />LED fog lamps<NODE id="4772" />, <NODE id="4774" />daytime running lamps<NODE id="4795" />, new bumper, bonnet and fenders up front, plus rear <NODE id="4848" />LED tail lamps<NODE id="4862" />. Layout is excellent with unfussy switchgear thanks to the vast majority of controls managed through the touchscreen. If I'm grumbling though, the climate rather than stereo control should be done via the easy-to-reach rotary dials: trying to get the a/c to the right temperature quickly (screaming kids remember) was a hassle through the touchscreen. <NODE id="5215" />Toyota<NODE id="5221" /> LandCruiser 200 Series VX<NODE id="5247" />. Photo: Iain Curry. Keep on truckin' So, into the city. Adelaide is better laid out and more generous with its lane width than most state capitals, but negotiating the <NODE id="5416" />LC200<NODE id="5421" /> through traffic requires vigilance. Being higher than almost everything on the road means visibility is good, but there's no chance of squeezing into tight gaps when they open. Get clear however and the mighty <NODE id="5632" />Toyota<NODE id="5638" /> gets you up to speed faster than most city <NODE id="5682" />cars<NODE id="5686" />, and in a roar of V8 diesel thunder you have 650Nm at your disposal from just 1600rpm. The big brute simply flies. The six-speed auto delivers seamlessly, behaving much like the general ride of the <NODE id="5885" />LC200<NODE id="5890" />: smooth, unflustered and always comfortable, as long as you don't head into corners too hot. Once you get used to the <NODE id="6009" />SUV<NODE id="6012" />'s size <NODE id="6020" />it<NODE id="6022" /> actually doesn't prove too burdensome in the city. <NODE id="6074" />Its<NODE id="6077" /> turning circle isn't unreasonable, and if roundabouts are too small or kerbs a bit close, you simply drive over them - the car barely notices. Over the course of our test the <NODE id="6253" />VX<NODE id="6255" /> gulped 13.3-litres/100km. It's not an unfair return after much urban use in this big heavy machine, but it is a lot more than the official quoted figure of 9.5-litres (combined). We did cover a few hundred kilometres of freeway and open country road while testing. <NODE id="6521" />Toyota<NODE id="6527" /> LandCruiser 200 Series VX<NODE id="6553" />. Photo: Iain Curry. The lowdown As <NODE id="6589" />it<NODE id="6591" />'s unquestionably a genius off the sealed black stuff, the fact the <NODE id="6659" />LandCruiser<NODE id="6670" /> is liveable with in the city is impressive. Yes you'll be frustrated when trying to park <NODE id="6760" />it<NODE id="6762" /> at times, or when clogged roads and parked <NODE id="6806" />cars<NODE id="6810" /> delay progress, but this can be said of most large <NODE id="6862" />SUVs<NODE id="6866" />. Trade-off is superb cabin and boot space. <NODE id="6910" />It<NODE id="6912" /> won't corner like a <NODE id="6933" />BMW<NODE id="6936" /> X5<NODE id="6939" /> and isn't as sumptuous as a <NODE id="6968" />Volvo<NODE id="6973" /> XC90<NODE id="6978" /> for the same money, but in the <NODE id="7010" />LC200 VX<NODE id="7018" /> you have an off-road and towing tool with unsurpassed reputation, blended with enough luxury and comfort to cosset you during hectic city life. <NODE id="7163" />Toyota<NODE id="7169" /> LandCruiser 200 Series VX<NODE id="7195" />. Photo: Iain Curry. What matters most What we liked: Superb boot and cabin space, mighty torque from the V8 diesel, <NODE id="7312" />its<NODE id="7315" /> viability as a city <NODE id="7336" />car<NODE id="7339" /> in many circumstances to match <NODE id="7371" />its<NODE id="7374" /> renowned off-road prowess. What we'd like to see: Better combined fuel economy, climate control not via the touchscreen, a touch more premium dashboard and cabin as seen in other $100,000 <NODE id="7563" />SUVs<NODE id="7567" />, larger parking spaces. Warranty and servicing: Three-year 100,000km warranty with services required every six months or 10,000km. <NODE id="7699" />LC200s<NODE id="7705" /> are covered by <NODE id="7721" />Toyota<NODE id="7727" /> Service Advantage capped-price servicing at $220 per service. Vital statistics Model: <NODE id="7814" />Toyota<NODE id="7820" /> LandCruiser 200 VX<NODE id="7839" />.
</TEXT>
<Meta>
<feature featureName="id" featureValue="vico/07e0a33b-92ce-3a68-90e4-5d228b0e569c" />
<feature featureName="source" featureValue="sensor_corpus" />
<feature featureName="lang" featureValue="en" />
<feature featureName="pubDate" featureValue="2016-02-01T03:07:11Z" />
<feature featureName="indexDate" featureValue="2016-07-13T10:38:18.119Z" />
<feature featureName="uri" featureValue="http://www.thesatellite.com.au/news/outback-to-city/2914730/" />
<feature featureName="solrEventType" featureValue="None" /></Meta><Entities>
<Entity id="0" startPos="45" endPos="56" type="product" surface="LandCruiser" />
<Entity id="1" startPos="93" endPos="95" type="product" surface="it" />
<Entity id="2" startPos="220" endPos="226" type="organization" surface="Toyota" />
<Entity id="3" startPos="220" endPos="239" type="product" surface="Toyota LandCruisers" />
<Entity id="4" startPos="393" endPos="400" type="product" surface="vehicle" />
<Entity id="5" startPos="410" endPos="421" type="product" surface="LandCruiser" />
<Entity id="6" startPos="461" endPos="464" type="product" surface="SUV" />
<Entity id="7" startPos="486" endPos="492" type="organization" surface="Toyota" />
<Entity id="8" startPos="493" endPos="501" type="trigger" surface="shifting" />
<Entity id="9" startPos="512" endPos="517" type="product" surface="units" />
<Entity id="10" startPos="555" endPos="557" type="product" surface="It" />
<Entity id="11" startPos="590" endPos="593" type="product" surface="its" />
<Entity id="12" startPos="616" endPos="619" type="product" surface="its" />
<Entity id="13" startPos="653" endPos="657" type="product" surface="SUVs" />
<Entity id="14" startPos="670" endPos="675" type="product" surface="their" />
<Entity id="15" startPos="887" endPos="893" type="organization" surface="Toyota" />
<Entity id="16" startPos="887" endPos="919" type="product" surface="Toyota LandCruiser 200 Series VX" />
<Entity id="17" startPos="974" endPos="977" type="product" surface="SUV" />
<Entity id="18" startPos="1013" endPos="1015" type="product" surface="it" />
<Entity id="19" startPos="1052" endPos="1054" type="product" surface="it" />
<Entity id="20" startPos="1127" endPos="1133" type="organization" surface="Toyota" />
<Entity id="21" startPos="1134" endPos="1142" type="trigger" surface="offering" />
<Entity id="22" startPos="1150" endPos="1153" type="product" surface="SUV" />
<Entity id="23" startPos="1165" endPos="1168" type="organization" surface="its" />
<Entity id="24" startPos="1223" endPos="1226" type="product" surface="SUV" />
<Entity id="25" startPos="1241" endPos="1243" type="organization" surface="it" />
<Entity id="26" startPos="1244" endPos="1250" type="trigger" surface="offers" />
<Entity id="27" startPos="1255" endPos="1260" type="product" surface="Prado" />
<Entity id="28" startPos="1262" endPos="1268" type="product" surface="Kluger" />
<Entity id="29" startPos="1270" endPos="1280" type="product" surface="FJ Cruiser" />
<Entity id="30" startPos="1303" endPos="1323" type="product" surface="HiLux-based Fortuner" />
<Entity id="31" startPos="1363" endPos="1380" type="product" surface="LandCruiser Wagon" />
<Entity id="32" startPos="1382" endPos="1387" type="product" surface="LC200" />
<Entity id="33" startPos="1390" endPos="1396" type="organization" surface="Toyota" />
<Entity id="34" startPos="1593" endPos="1598" type="product" surface="LC200" />
<Entity id="35" startPos="1620" endPos="1623" type="product" surface="its" />
<Entity id="36" startPos="1694" endPos="1700" type="organization" surface="Toyota" />
<Entity id="37" startPos="1718" endPos="1721" type="product" surface="its" />
<Entity id="38" startPos="1768" endPos="1773" type="product" surface="LC200" />
<Entity id="39" startPos="2051" endPos="2057" type="organization" surface="Toyota" />
<Entity id="40" startPos="2051" endPos="2083" type="product" surface="Toyota LandCruiser 200 Series VX" />
<Entity id="41" startPos="2354" endPos="2360" type="organization" surface="Toyota" />
<Entity id="42" startPos="2354" endPos="2366" type="product" surface="Toyota Yaris" />
<Entity id="43" startPos="2408" endPos="2413" type="product" surface="LC200" />
<Entity id="44" startPos="2521" endPos="2532" type="product" surface="LandCruiser" />
<Entity id="45" startPos="2681" endPos="2689" type="product" surface="Vehicles" />
<Entity id="46" startPos="2727" endPos="2732" type="product" surface="LC200" />
<Entity id="47" startPos="2791" endPos="2794" type="product" surface="car" />
<Entity id="48" startPos="3357" endPos="3362" type="product" surface="LC200" />
<Entity id="49" startPos="3424" endPos="3429" type="product" surface="LC200" />
<Entity id="50" startPos="3487" endPos="3498" type="product" surface="LandCruiser" />
<Entity id="51" startPos="3600" endPos="3606" type="product" surface="Sahara" />
<Entity id="52" startPos="3658" endPos="3660" type="product" surface="GX" />
<Entity id="53" startPos="3708" endPos="3710" type="product" surface="VX" />
<Entity id="54" startPos="3806" endPos="3810" type="organization" surface="Audi" />
<Entity id="55" startPos="3806" endPos="3813" type="product" surface="Audi Q7" />
<Entity id="56" startPos="3820" endPos="3823" type="product" surface="SUV" />
<Entity id="57" startPos="3907" endPos="3917" type="product" surface="200-Series" />
<Entity id="58" startPos="3980" endPos="3982" type="product" surface="VX" />
<Entity id="59" startPos="4407" endPos="4413" type="organization" surface="Toyota" />
<Entity id="60" startPos="4407" endPos="4439" type="product" surface="Toyota LandCruiser 200 Series VX" />
<Entity id="61" startPos="4493" endPos="4499" type="product" surface="camera" />
<Entity id="62" startPos="4516" endPos="4531" type="product" surface="parking sensors" />
<Entity id="63" startPos="4533" endPos="4546" type="product" surface="power mirrors" />
<Entity id="64" startPos="4625" endPos="4627" type="product" surface="It" />
<Entity id="65" startPos="4654" endPos="4665" type="product" surface="LandCruiser" />
<Entity id="66" startPos="4719" endPos="4722" type="product" surface="its" />
<Entity id="67" startPos="4741" endPos="4757" type="product" surface="bi-LED headlamps" />
<Entity id="68" startPos="4759" endPos="4772" type="product" surface="LED fog lamps" />
<Entity id="69" startPos="4774" endPos="4795" type="product" surface="daytime running lamps" />
<Entity id="70" startPos="4848" endPos="4862" type="product" surface="LED tail lamps" />
<Entity id="71" startPos="5215" endPos="5221" type="organization" surface="Toyota" />
<Entity id="72" startPos="5215" endPos="5247" type="product" surface="Toyota LandCruiser 200 Series VX" />
<Entity id="73" startPos="5416" endPos="5421" type="product" surface="LC200" />
<Entity id="74" startPos="5632" endPos="5638" type="organization" surface="Toyota" />
<Entity id="75" startPos="5682" endPos="5686" type="product" surface="cars" />
<Entity id="76" startPos="5885" endPos="5890" type="product" surface="LC200" />
<Entity id="77" startPos="6009" endPos="6012" type="product" surface="SUV" />
<Entity id="78" startPos="6020" endPos="6022" type="product" surface="it" />
<Entity id="79" startPos="6074" endPos="6077" type="product" surface="Its" />
<Entity id="80" startPos="6253" endPos="6255" type="product" surface="VX" />
<Entity id="81" startPos="6521" endPos="6527" type="organization" surface="Toyota" />
<Entity id="82" startPos="6521" endPos="6553" type="product" surface="Toyota LandCruiser 200 Series VX" />
<Entity id="83" startPos="6589" endPos="6591" type="product" surface="it" />
<Entity id="84" startPos="6659" endPos="6670" type="product" surface="LandCruiser" />
<Entity id="85" startPos="6760" endPos="6762" type="product" surface="it" />
<Entity id="86" startPos="6806" endPos="6810" type="product" surface="cars" />
<Entity id="87" startPos="6862" endPos="6866" type="product" surface="SUVs" />
<Entity id="88" startPos="6910" endPos="6912" type="product" surface="It" />
<Entity id="89" startPos="6933" endPos="6936" type="organization" surface="BMW" />
<Entity id="90" startPos="6933" endPos="6939" type="product" surface="BMW X5" />
<Entity id="91" startPos="6968" endPos="6973" type="organization" surface="Volvo" />
<Entity id="92" startPos="6968" endPos="6978" type="product" surface="Volvo XC90" />
<Entity id="93" startPos="7010" endPos="7018" type="product" surface="LC200 VX" />
<Entity id="94" startPos="7163" endPos="7169" type="organization" surface="Toyota" />
<Entity id="95" startPos="7163" endPos="7195" type="product" surface="Toyota LandCruiser 200 Series VX" />
<Entity id="96" startPos="7312" endPos="7315" type="product" surface="its" />
<Entity id="97" startPos="7336" endPos="7339" type="product" surface="car" />
<Entity id="98" startPos="7371" endPos="7374" type="product" surface="its" />
<Entity id="99" startPos="7563" endPos="7567" type="product" surface="SUVs" />
<Entity id="100" startPos="7699" endPos="7705" type="product" surface="LC200s" />
<Entity id="101" startPos="7721" endPos="7727" type="organization" surface="Toyota" />
<Entity id="102" startPos="7814" endPos="7820" type="organization" surface="Toyota" />
<Entity id="103" startPos="7814" endPos="7839" type="product" surface="Toyota LandCruiser 200 VX" /></Entities><Relations>
<Relation id="104" NAME="CompanyProvidesProduct">
<Entity id="3" label="product" />
<Entity id="2" label="company" />
</Relation>
<Relation id="105" NAME="CompanyProvidesProduct">
<Entity id="9" label="product" />
<Entity id="7" label="company" />
<Entity id="8" label="trigger" />
</Relation>
<Relation id="106" NAME="CompanyProvidesProduct">
<Entity id="16" label="product" />
<Entity id="15" label="company" />
</Relation>
<Relation id="107" NAME="CompanyProvidesProduct">
<Entity id="20" label="company" />
<Entity id="22" label="industry" />
<Entity id="21" label="trigger" />
</Relation>
<Relation id="108" NAME="CompanyProvidesProduct">
<Entity id="28" label="product" />
<Entity id="29" label="product" />
<Entity id="27" label="product" />
<Entity id="30" label="product" />
<Entity id="25" label="company" />
<Entity id="26" label="trigger" />
</Relation>
<Relation id="109" NAME="CompanyProvidesProduct">
<Entity id="40" label="product" />
<Entity id="39" label="company" />
</Relation>
<Relation id="110" NAME="CompanyProvidesProduct">
<Entity id="42" label="product" />
<Entity id="41" label="company" />
</Relation>
<Relation id="111" NAME="CompanyProvidesProduct">
<Entity id="55" label="product" />
<Entity id="54" label="company" />
</Relation>
<Relation id="112" NAME="CompanyProvidesProduct">
<Entity id="60" label="product" />
<Entity id="59" label="company" />
</Relation>
<Relation id="113" NAME="CompanyProvidesProduct">
<Entity id="72" label="product" />
<Entity id="71" label="company" />
</Relation>
<Relation id="114" NAME="CompanyProvidesProduct">
<Entity id="82" label="product" />
<Entity id="81" label="company" />
</Relation>
<Relation id="115" NAME="CompanyProvidesProduct">
<Entity id="90" label="full_extent" />
<Entity id="89" label="company" />
</Relation>
<Relation id="116" NAME="CompanyProvidesProduct">
<Entity id="92" label="product" />
<Entity id="91" label="company" />
</Relation>
<Relation id="117" NAME="CompanyProvidesProduct">
<Entity id="95" label="product" />
<Entity id="94" label="company" />
</Relation>
<Relation id="118" NAME="CompanyProvidesProduct">
<Entity id="103" label="product" />
<Entity id="102" label="company" />
</Relation>
<Relation id="119" NAME="Identity">
<Entity id="0" label="source" />
<Entity id="65" label="target" />
<Entity id="44" label="target" />
<Entity id="103" label="target" />
<Entity id="11" label="target" />
<Entity id="9" label="target" />
<Entity id="57" label="target" />
<Entity id="84" label="target" />
<Entity id="49" label="target" />
<Entity id="53" label="target" />
<Entity id="31" label="target" />
<Entity id="72" label="target" />
<Entity id="66" label="target" />
<Entity id="79" label="target" />
<Entity id="1" label="target" />
<Entity id="10" label="target" />
<Entity id="12" label="target" />
<Entity id="46" label="target" />
<Entity id="3" label="target" />
<Entity id="80" label="target" />
<Entity id="82" label="target" />
<Entity id="32" label="target" />
<Entity id="52" label="target" />
<Entity id="51" label="target" />
<Entity id="85" label="target" />
<Entity id="78" label="target" />
<Entity id="96" label="target" />
<Entity id="95" label="target" />
</Relation>
<Relation id="120" NAME="Identity">
<Entity id="2" label="source" />
<Entity id="59" label="target" />
<Entity id="36" label="target" />
<Entity id="74" label="target" />
<Entity id="23" label="target" />
<Entity id="41" label="target" />
<Entity id="81" label="target" />
<Entity id="25" label="target" />
<Entity id="20" label="target" />
<Entity id="33" label="target" />
<Entity id="94" label="target" />
<Entity id="71" label="target" />
<Entity id="39" label="target" />
<Entity id="15" label="target" />
<Entity id="7" label="target" />
<Entity id="101" label="target" />
<Entity id="102" label="target" />
</Relation>
<Relation id="121" NAME="identity">
<Entity id="4" label="source" />
<Entity id="14" label="target" />
<Entity id="86" label="target" />
<Entity id="18" label="target" />
<Entity id="99" label="target" />
<Entity id="87" label="target" />
<Entity id="47" label="target" />
<Entity id="24" label="target" />
<Entity id="6" label="target" />
<Entity id="19" label="target" />
<Entity id="75" label="target" />
<Entity id="97" label="target" />
<Entity id="13" label="target" />
<Entity id="17" label="target" />
<Entity id="22" label="target" />
<Entity id="45" label="target" />
<Entity id="56" label="target" />
</Relation></Relations>
</Document>
